recipe_id,title,ingredients,reference,prediction,method
0,Ham Balls,"2 c. ham, cubed 3 c. Bisquick 1 c. Cheddar cheese, shredded 2 tsp. spicy mustard 3/4 c. milk 1 c. Parmesan cheese, grated",Combine all ingredients. Roll into nickel size balls. Bake at 375° for 8 minutes or until lightly brown.,"Combine ingredients in a medium saucepan; bring to boil, stirring constantly. Cook until thickened, about 10 minutes or at least 5 minutes. Remove from heat; cover and cool. Roll balls to fit 13 x 9-inch pan. Bake at 350° for 15 minutes. Let cool before serving.",finetuned_top_k
1,Fisherman'S Wharf-Style Clam Chowder In Bread Bowl,"2 tablespoons diced salt pork or 1 slice bacon 1 finely chopped onion 1 finely chopped celery 1 medium potato, peeled and diced 2 tablespoons all-purpose flour 2 cups clam juice 1/4 teaspoon dried thyme 1 cup chopped canned clams 1 cup heavy cream 2 drops Tabasco sauce salt and pepper 1 1/2 lbs bread, bowl","Place salt pork or bacon in a pot and cook 2 minutes over medium heat until crisp. Transfer to a plate and set aside. Add the onion and celery and saute over medium-low heat for 5 minutes or until onions are translucent and celery softens. Sprinkle flour over the mixture and stir into a paste. Add clam juice, potato and thyme. Increase heat and bring ingredients to a boil. Reduce to low and simmer for 15 minutes, or until potatoes are tender. Add clams and stir in cream. Continue to simmer for 5 minutes until thick and creamy. Add salt, pepper and Tabasco sauce. Spoon the chowder into the bread bowl and garnish with salt pork or bacon. Serve hot.","Preheat oven to 350 degrees. Bring a pot of water to a boil, add the pork, bacon, onion, celery, potato, flour and clam juice. Bring mixture to a simmer and cook until the meat has wilted. Do not overcook. Remove from the heat. Stir in the clam juice, thyme, Worcestershire sauce, Tabas: and 1 1-ounce cream. Stir all of this together and cook gently for 1 hour. Serve with crumbled bread. Garnish each serving with a generous dollop of clams.",finetuned_top_k
2,Brussels Sprouts With Cornbread Croutons,"2 lbs Brussels sprouts, trimmed and halved 1 1/2 tablespoons olive oil 1 teaspoon kosher salt 1/4 teaspoon black pepper 2 cups cornbread, cubed-day-old, 1/2-inch cubes 1/4 cup salted butter 1 shallot, inced 1 tablespoon fresh thyme leave","Preheat oven to 425°F. Toss together first 4 ingredients in a large bowl; divide evenly between 2 rimmed baking sheets. Bake in preheated oven until golden brown, about 20 minutes. Reduce oven heat to 350°F. Spread cornbread cubes evenly on a baking sheet; bake at 350°F until browned and crispy, about 15 minutes. Cook butter, stirring constantly, in a medium skillet over medium until foaming. Add shallot and thyme; cook, stirring often, 1 minute. Drizzle butter mixture over toasted cornbread. Arrange Brussels sprouts in a serving dish; top with cornbread mixture.","Place the sprouts into a large shallow baking dish; arrange them on a waxed sheet. Preheat oven to 170-175 degrees F. Cut each sprout into bite-size pieces. Wrap each sprouts in aluminum foil; bake for 25 minutes or until crisp-tender and tender. Cut your cornbread into bite size pieces and sprinkle all over one piece of lettuce. Sprinkle your remaining leaves with thyme and season with salt and pepper. Refrigerate uncovered, covered, for at least 30 minutes.",finetuned_top_k
3,Mexican Dumplings,1 lb. hamburger 1/2 small tomato (optional) 1 small onion 2 cloves garlic 1 Tbsp. vegetable oil 1/2 pkg. crescent rolls 1 c. salsa 1/2 pkg. Cheddar cheese,Brown onion and garlic in oil. Add hamburger and brown. Drain well. Add tomato and salsa. Roll crescents into 1/4-inch balls and drop in. Place cover to partly cover pan. Reduce heat to low and simmer 15 minutes. Top with cheese. Cover until cheese melts.,Brown hamburger and tomato in oven at 375°. Chop onion in half. Set aside. Combine remaining ingredients in pan. Sprinkle with chopped cheese. Bake until golden brown.,finetuned_top_k
4,Southwestern Marinade for Grilling,"1 limes, zest of or 1 lime, juice of 2 tablespoons canola oil 14 cup honey 14 cup water hot sauce 14 cup chopped fresh cilantro 1 green onion, chopped 1 garlic clove, minced 12 teaspoon red pepper flakes 1 12 teaspoons chili powder 1 teaspoon cumin 12 teaspoon cocoa powder 1 pinch salt","combine all ingredients in a small bowl and stir until honey is dissolved. pour into a resealable bag and add meat, making sure each piece is thoroughly coated. refridgerate for at least 6 hours; overnight is best.","Season with pepper and chili powder. Heat remaining oil in large Dutch oven over medium heat. Add onion and garlic. Cook, stirring constantly, until tender. Stir in honey. Stir and simmer, uncovered, for 10 minutes. Add cilantro, green onions, garlic and onion, and simmer 1 minute longer, stirring often.",finetuned_top_k
5,Shrimp and Tarragon Mustard Dip,"2 tsp. dijon mustard 1-1/2 tsp. white wine vinegar 2 tsp. dried tarragon, crushed 3/4 cup baby shrimp 1 tsp. lemon juice 2 tsp. fresh tarragon, chopped 1 cup mayonnaise 1/2 cup sour cream","Mix the mustard, lemon juice, vinegar, and tarragon. Blend in the mayonnaise. Add the shrimp, then the sour cream. Blend well. Cover and chill.","Mix mustard, wine vinegar and Tbsp. crushed tomatoes and set aside. Heat large nonstick skillet over medium heat. In small bowl, slowly over medium high heat, whisk the shrimp, tarrabellos, lemon and juice. Season with salt and pepper to taste. Pour over shrimp and cook until juices run clear. Serve warm. Enjoy.",finetuned_top_k
6,Pie Crust,3 c. flour 1 tsp. salt 1 c. Crisco 1/4 c. cold water,Mix flour and salt. Take out 1/2 cup and mix with the water; set aside.,Mix well; divide in half. Dip in Crisco; dip in water 1 at a time until all ingredients are coated with batter. Bake at 350° for 15 minutes.,finetuned_top_k
7,Spiced Vegetables,1 1/2 pounds new potatoes 1 head broccoli florets 5 large carrots sliced into small rounds 1 small cauliflower florets chopped 1 medium onions chopped 1/2 cup ghee (clarified butter),"If potatoes are very small, leave them whole, if not quarter them. Remove tough outer fibre of the broccoli stalk. Chop the whole thing. Steam over boiling water the potatoes, broccoli stem, carrots and cauliflower. After 10 minutes, add the broccoli florets and steam for a few more minutes. Vegetables should be just tender. Meanwhile, in a heavy skillet, saute the onions in half the ghee until they are transparent. Mix in the steamed vegetables except the broccoli florets. Cover and cook for 6 to 8 minutes, stirring frequently. Add broccoli and cook another 5 minutes. Heat remaining ghee and pass around at the table. Serve with injera.","Arrange potatoes in a large bowl. Boil until tender. Combine ghee and onions in 2 or 3 batches. Add cauliflower, cauliflower and carrots; stir until well blended. Cover and cook 30 minutes to firm-pipe potatoes. Remove from heat; let cool. Meanwhile, in a Dutch oven, melt butter in a pot; strain into pot. Brown broccoli, using 1 tbsp of butter. Cover pot and cover, letting cool. Spoon into broccoli mixture. Spread ghee mixture over vegetables. Sprinkle green onions on top; sprinkle with salt and serve.",finetuned_top_k
8,Olive Oil Furniture Polish,"olive oil flavored cooking spray (Pam, Western Family) clean face cloth (old)","Spray either on the cloth or on the hardwood furniture and dust. I found that after a couple of applications, I didn't need the oil spray and just went over the furniture with a clean face cloth.","Place face cloth in oven to bake; cover with cooking spray; spread 1 gallon of oil on each of four 6-inch flat, foil-lined pans. Heat oven to 400°. Place oven foil on top, sealing foil. Place 1 gallon olive oil into pan. Combine 4 cups water and 3 cups powdered sugar. Add 1 cup water to pan; stir until combined. Pour remaining oil over pan. Cover and bake 45 minutes or until toothpick inserted near center comes out clean. (Remove toothpick and continue cooking on high to keep toothpick from sticking to pan.) Place 2 cups oil in pan; cook for 1 minute or until browned on top.",finetuned_top_k
9,Chess Bars,1 egg 1 stick butter 1 box yellow cake mix with pudding 3 eggs 8 oz. cream cheese 1 box powdered sugar,"Mix egg, butter and cake mix; this will be very stiff so you will need to pat into pan. Beat eggs and cream cheese and powdered sugar until smooth; pour on top of first mixture in pan. Bake at 300° for 60 minutes. Let cool and cut into squares.","Mix 2 egg yolks and 1 egg yolk together. Put in a 13 x 9-inch baking pan. Beat together 2 Tbsp. cream, 4 eggs, and 2 tsp. powdered sugar in large bowl. Add to egg mixture and mix well. Pour egg mixture into 2-quart casserole dish or in an 8 x 8 pan. Bake at 350° for 15 to 20 minutes until golden brown in spots. Cool on wire racks.",finetuned_top_k
10,Peanut Butter Pie,1 graham cracker crust 1 box vanilla pudding (instant) 1 c. powdered sugar 3/4 c. peanut butter 1 small tub Cool Whip,"Prepare pudding according to package directions. In a separate bowl, mix sugar and peanut butter. Add this mixture to pudding, reserving 1/4 cup of the sugar and peanut butter mixture. Pour into crust and cover with Cool Whip. Sprinkle remaining sugar-peanut butter mixture on top. Refrigerate until serving time.","Put all ingredients in pie plate, layer with cracker crumb. Garnish with whipped topping: marshmallows",finetuned_top_k
11,Grilled Chicken Satays With Peanut Sauce,"1/4 cup soy sauce 3 tablespoons vegetable oil 2 tablespoons fish sauce 2 teaspoons ginger, chopped 2 teaspoons garlic, chopped 1 teaspoon ground coriander 1/2 teaspoon red pepper flakes 2 lbs boneless skinless chicken breasts, trimmed and cut into thin strips (about 3 x 1/4 inch each) peanut sauce (recipe posted separately) chopped peanuts, garnish cilantro, garnish","In a medium bowl, combine the soy, oil, fish sauce, ginger, garlic, coriander, and pepper flakes. Add the chicken and toss to coat. Let marinate in the refrigerator for 2 hours, turning occasionally. Preheat the grill to medium high (or preheat the broiler). Remove the chicken from the marinade and thread 1 strip of chicken down the middle of each skewer. In batches, cook the satays on the grill (or on a broiler pan under the broiler) until the chicken is cooked through and the meat is browned, 2 to 3 minutes per side, watching carefully and turning so the meat does not burn. To serve, arrange the skewers on a platter and lightly drizzle with the peanut sauce and chopped peanuts. Serve additional sauce in a bowl on the side for dipping. Garnish with cilantro sprigs and serve hot or at room temperature.","Preheat grill or medium pre-heated to 375 degrees F. In a medium bowl, whisk the soy sauce with oil and the fish sauce, ginger, garlic, coriand and red pepper. Add chicken, salt, and pepper. Simmer for 10 min or until all chicken is browned and cooked through. Drain. In another bowl whisk the peanut sauce and the peanut puree for approximately 30 seconds. Stir in the minced peanuts and add water to mix well. Heat to 180 degrees F and stir until peanut pureed and almost evenly mixed. Pour into a shallow baking dish and bake for about 45 to 60 min or till golden brown and bubbly (do not remove from the oven to cool and cool).",finetuned_top_k
12,Roasted Veggies and Tilapia #RSC,"4 tilapia fillets 1 lemon pepper olive oil 1 small zucchini, cubed 1 small yellow squash, cubed 2 cups grape tomatoes, sliced in half 1 onion, chopped 1 bunch asparagus spear, cut into 1 inch pieces 2 tablespoons italian seasoning 2 tablespoons butter, melted Reynolds Wrap Foil",line a bakintg sheet with foil. toss vegies in a large bowl with enough olive oil to coat. add about 2 tbs italian seasoning and toss. put on foil covered baking sheet and roast at 450 for about 25 minutes or. until tender. on a separate baking sheet lined w/ foil put cooled veggies and add the talipia on top. brush each talipia with butter. squeeze lemon over each and sprinkle lightly with black pepper. cover w/ foil and bake in a 400 degree oven fo about 12 minutes or until fish flakes easily with fok.,"Place fillets in a large bowl with boiling salted water. Cover with foil and refrigerate 6 hours. Cut squash and a zuc into 1-inch strips. Heat olive oil in a wok or large heavy skillet over medium-high heat. Add the zuc, squash, onion, tomato, onion powder, butter, oil, salt and pepper. Cook and stir until squash is tender. Remove from pan. Add wine with italian sausage and cook 5 minutes longer, stirring constantly. Add chicken, remaining salt and sauce as needed to taste. Serves 4.",finetuned_top_k
13,Reuben Sandwich Mix,"8 oz. shredded Swiss cheese 3 pkg. corned beef, snipped in pieces 1 1/2 c. diced onion 1 1/2 c. Hellmann's mayonnaise 1 lb. can sauerkraut, well drained",Mix all together and bake at 325° for 30 minutes or until heated through. Serve on cocktail rye or Reuben rye bread.,"Cook cheese and onion until softened, approximately 4 minutes. Drain off excess liquid. Beat with mixer at low speed until well blended. Divide remaining cheese and onions among 8 portions. Spoon over sandwiches.",finetuned_top_k
14,Machboos Or Fooga  (Traditional United Arab Emirates Dish),"4 cups water 4 chicken bouillon cubes or 5 teaspoons chicken stock powder 2 tablespoons olive oil 8 -10 bone-in chicken pieces, skin removed (if it is the breast pieces, cut those in half since they are very large) 2 whole dried limes (loomi) 1/8 teaspoon saffron 1 large onion, chopped 1 large tomatoes, chopped 1 garlic clove, minced 1/2 - 3/4 teaspoon ground cinnamon 1 1/2 teaspoons ground turmeric 1 1/2 teaspoons ground cumin 1 1/2 teaspoons curry powder 1/2 teaspoon cayenne pepper (optional) or 1/2 teaspoon chili powder (optional) 3/4 - 1 teaspoon salt 2 cups basmati rice, rinsed and drained","Preheat oven to 375°F and grease a 9x13 baking dish. Bring water to boiling and add chicken bouillon cubes, lower heat and add dried limes and saffron and let simmer till bouillon is dissolved --keep it hot. Sprinkle chicken with half the spices (except the garlic). Heat the olive oil in a large skillet on med-high to high heat and fry the chicken till both sides are brown, lower heat to medium and remove the chicken to a plate. In that same skillet saute the onions for 2 minutes, add tomatoes, garlic and remaining spices and saute another 2 minutes, then turn off the burner. Add the rice and stir for about 30 seconds to 1 minute, till well coated. Spread rice in the baking dish and place the chicken pieces over the rice. Gently press the dried limes on the sides of the pot to distribute flavor in the broth and then poor on the rice and chicken (the whole thing including the dried limes) and cover tightly with foil. Bake for 40-45 minutes--do not open the foil cover at all until the time is up. If you want to eat this the authentic way, you can lay newspaper on the floor (for easy cleanup of spills), put all of this on a very large platter or on a couple large sheets of aluminum foil laid on the newspaper and everyone sits around and eats with their right hand!","In a large saucepan, cover chicken with water and bring to a boil over moderately low heat, stirring constantly. Drain on paper towel; reserve enough water to cover the whole plate. Heat olive oil in a medium nonstick skillet over medium high heat. Add chicken pieces and saute for two minutes, stirring once, in skillet for 2 to 3 minutes until chicken is barely pink and slightly cooked off the edges. Turn heat up to medium and simmer for another few minutes. Add bouillon cube, stirring until dissolved. Add half the stock and set aside. In a small bowl, beat together the dry limes, onions, tomatoes, garlic and cinnamon (and stir in saffran until light and fragrant). Stir in the remaining stock and stir often until well blended. Stir in chili powder",finetuned_top_k
15,"Butternut Squash, Bacon And Lentil Soup","2 - 3 slices bacon roughly chopped (whatever you've got - ham is fine) 1 butternut squash (peeled and chopped into approx 1 inch pieces) 1 - 2 sticks celery, washed & roughly chopped 1 - 2 leeks washed & chopped 1 - 2 medium carrots washed & chopped Butter - depending on how healthy you've decided to be! 1.5 - 2 litres of stock - it has to be Bouillon A dash of milk (maybe a quarter pint) A couple of good tablespoons of dried red lentils (I use these because you don't have to soak them overnight). Puy lentils would be fine too. Maldon salt & freshly milled black pepper Cream & parsley to finish (optional)","Everything is roughly chopped as you will blend it at the end anyway. Fry the bacon in the butter (a good egg size lump for me!) on a low to medium heat just to colour it (not crisp it). 5 minutes later add the pieces of butternut squash, celery, leeks, and carrot and sweat off for 5 - 10 mins on a low heat. Don't colour the vegetables - you're just trying to soften them. Add the stock (use your imagination on how thick you like your soup but I'd have thought about 1.5 - 2 litres would be good). Stir and let simmer for at least half an hour. Add your lentils and simmer for at least another half hour. If you leave the lid off the soup will become more concentrated. After an hour I normally add some milk - about a quarter pint and just let simmer on a low heat for another 15 minutes. Add some salt & pepper (to your taste). Once cooked, let cool for 10 minutes and then whizz with a hand blender. Once cool, I add some flat leaved parsley and (if not freezing) a swirl of cream. This freezes fabulously and is great for a lunch at work with some fresh crusty bread.",Mix all together.,finetuned_top_k
16,Apricot Salad,"1 (6 oz.) pkg. apricot jello 1/3 c. sugar 2/3 c. water 1 (8 oz.) cream cheese 1 (8 oz.) carton apricot yogurt 1 large jar apricot baby food 1 c. crushed pineapple, drained 1/2 c. pecans, chopped","Mix jello, sugar and water; heat until it boils. Cool. Beat together cheese and yogurt. Fold in baby food, pineapple and jello. Add pecans. Put in 1-quart mold or 6 x 10 pan. Serves 12 to 14.","Blend jello and sugar in bottom of a large pan. Add apricots and remaining ingredients to jello mixture and combine well. Pour into 9 x 13-inch glass container. Chill, uncovered, 8 hours or more. Garnish with remaining ingredients.",finetuned_top_k
17,Easy Cherry Crisp,"1 can cherry pie filling 6 Tbsp. butter or margarine, melted 3/4 c. brown sugar 3/4 c. rolled oats 1/2 c. flour 1 tsp. cinnamon","Pour pie filling into a greased pie plate or 8X8 inch pan. Combine remaining ingredients, and mix with a fork. Crumble mixture over pie filling. Bake at 350 degrees for 20 to 30 minutes, or microwave on High for 8 to 11 minutes, or until hot.",Mix thoroughly. Combine all but 5 ingredients and cover. Put in a large baking dish. Bake 35 minutes at 350°. Roll in brown sugar. Cool on wire rack for 10 minutes as sugar cools.,finetuned_top_k
18,Crazed Chocolate Biscuits,"125 g dark chocolate, finely chopped 23 cup plain flour 14 cup cocoa powder 1 teaspoon baking powder 1 pinch salt 60 g unsalted butter, at room temp 34 cup packed light brown sugar 1 egg, large 12 teaspoon vanilla extract 2 tablespoons milk 12 cup caster sugar 12 cup icing sugar","Melt the chocolate in the microwave (750 power) on low, or in a basin over hot water. Stir until chocolate is melted, then cool. Sift the flour, cocoa, salt and baking powder together. Beat the butter and brown sugar together until light and fluffy. Add the egg and vanilla, and mix well. Mix in the cooled melted chocolate. Reduce speed to low and add the flour mixture in two batches, alternating with the milk. Wrap the dough in cling wrap and refigerate until the dough is firm. (This will take at least 2 hours). When about to bake, preheat the oven to 175c (fan forced 155c). Line the trays with baking paper. Roll the dough into 2-5cm balls and roll in the caster sugar to coat then. toss the balls in the icing sugar and place balls on the lined trays about 5cm apart. Bake biscuits fior about 15 minutes or until the surfaces crack. Remove from oven and cool on tray.","Melt the chocolate and flour together in a large bowl; set aside. Mix in the cocoa powder, baking powder and salt; stir into the butter and sugar until well blended. In a large serving bowl whisk the eggs lightly and combine the milk, dark brown sugar and vanilla. Stir in the caster sugar and then toffee. Pour into the greased and floured 9 inch square baking pan; heat in the flour until foamy. Spread dough onto waxed paper; repeat on baking pans another 2/3 full rows. Bake for 10 minutes or until golden brown, stirring constantly. Stir the icing sugar into the batter, pressing down lightly to make lumps in the center.",finetuned_top_k
19,Hot Clam Dip,"1 can minced clams, mostly drained 1 1/2 pkg. Ritz crackers, crushed 1/2 c. butter 1 small onion, chopped fine squeeze of lemon",Mix all ingredients together. Put in ovenproof serving dish. Bake at 350° for 1/2 hour. Serve with party crackers (Wheat Thins are great!). Enjoy!,Cook clams in 2-inch skillet over medium-low heat until tender. Add crackers and set aside. Drain and reserve sauce and other sauce. Stir in butter and onion. Add clams. Stir until coated; stir occasionally. Pour into a 13x9-inch pan. Sprinkle with lemon. Refrigerate 45 minutes.,finetuned_top_k
20,Cajun Portobello Salad,"1/2 cup red wine vinegar 1/2 cup balsamic vinegar 1/2 cup tomato juice 2 tablespoon olive oil 2 tablespoon Dijon mustard 2 tablespoons stone-ground mustard 1/4 teaspoon coarsely ground pepper 4 portobello mushroom caps (about 5 inches wide) 1 tablespoon Cajun seasoning for steak 2 teaspoons olive oil 16 cups gourmet salad greens Tomatos thinly sliced red onion, 1 (15-ounce) can cannellini or other white beans, rinsed and drained blue cheese","Combine first 7 ingredients in a large zip-top plastic bag. Add mushrooms to bag; seal. Marinate 10 minutes, turning occasionally. Remove mushrooms from bag, reserving marinade. Sprinkle mushrooms with Cajun seasoning. Heat 2 teaspoons oil in a large nonstick skillet over medium-high heat until hot. Add mushrooms; cook 2 minutes on each side or until very brown. Cool; cut mushrooms diagonally into thin slices. Arrange salad greens on plate and top with mushroom slices, tomato wedges, and onion rings. Sprinkle with beans and blue cheese. Drizzle the reserved marinade evenly over salads.","Wash portobellini thinly. Rinse the kale thoroughly. Drain any excess stock. Rub olive oil over the top; toss gently about. Sprinkle with coarsely grated pepper. Saute portobella till soft but turn transparent, about 1 minute. Add in 1/3 cup fish florets and 1/6 cup tomato, 1/8 teaspoon salt, and pepper to taste. Sauté for 3 minutes, until heated through. (Keep fish warm; drain and strain.) Serve dressing over cucumbers.",finetuned_top_k
21,Prune Pillows,"1 12 cups prunes, cooked 13 cup sugar 1 tablespoon lemon juice 1 teaspoon orange zest 14 teaspoon allspice 1 dash salt 12 cup butter 34 cup sugar 1 egg, big 1 teaspoon orange zest 1 12 tablespoons orange juice 2 cups flour 34 teaspoon salt 1 teaspoon baking powder","cut prunes from pits(see,old lol) into little pieces add remaining filling ingredients. and cook. ,stirring until sugar is dissolved and mixture is thick dough cream sugar and butter add egg. blend in rind and juice sift dry ingredients add to creamed mixture make a stiff dough. chill overnight. roll about 1/8 inch thick. and cut into 3 1/2 circles. place a teaspoon of filling in center and fold dough over on each side towards center to cover filling fold ends to make rectangles about 1/8 inch on each side so there is a border. place folded side down on ungreased baking sheets and bake375 for 12 minutes until edges are browned remove to wire rack to cool.","Cook prunes well and in a colander over high heat for 2 minutes on each side. Transfer to a plate. Let cool in refrigerator, then slice.",finetuned_top_k
22,Party Mix,1 box Kellogg's Crispix 1 box Wheat Chex 1 pkg. of party pretzels 1 can of mixed nuts 1 can of cashews 1 cup of peanuts 1 stick of butter 5 Tbsp. of worcestershire sauce Juice of 1 lemon 5 tsp. garlic powder,"Mix both cereals, pretzels and nuts. Melt butter. Stir in garlic powder, lemon juice and worcestershire sauce. Pour butter mixture over cereal mixture to thoroughly coat it. Bake 250 degrees for 45 minutes, stirring every 15 minutes.","Mix together Crisp mix and Wheat Chew. Mix in nuts, cashews and butter. Chill. Store at room temperature in refrigerator. For more party mix ideas, read my book Party Mixes With Party Mixers. My website, Party Mixing Chronicles provides links to recipes and tips for creating party mixes.",finetuned_top_k
23,"One-Pot Penne With Sausage, Pumpkin, And Fennel","1 tablespoon olive oil 1/2 fennel bulb, thinly sliced and roughly chopped 1 large carrot, peeled and chopped 2 cloves garlic, minced 1/2 teaspoon red pepper flakes 2 links (about 3.2 oz) Italian hot sausage, casing removed 1 leaf of sage 1/2 cup dry white wine (or 1/4 cup lemon juice + 1/4 cup water) 2 1/2 cups chicken stock 3 cups (8 oz) dried penne 3/4 cup canned pumpkin puree, unsweetened 1/2 a lemon, juiced (about 2 tablespoons) 1 teaspoon kosher salt 1/4 teaspoon freshly-grated black pepper 1/4 cup parsley, roughly chopped 1/2 cup finely grated Parmigiano Reggiano or Pecorino, plus more for serving fronds from the fennel bulb, for serving","In a large, tall-sided frying pan, heat the olive oil over medium heat. When glistening and hot, add the prepared fennel, carrot, garlic, and red pepper flakes. Continue to heat, stirring occasionally, until the fennel and carrot begin to soften, about 2 minutes. Add the sausage to the pan, breaking it up and crumbling it as it cooks, about 5 more minutes. Add the sage to the pan followed by the wine. Use the wine as a deglazing liquid to pick up any bits at the bottom of the pan. Let the wine reduce slightly for two minutes, until it gets rather fragrant. Add the chicken stock and penne to the pan. Stir to combine. Bring the liquid to a low boil, and push any pasta that is sticking out into the cooking liquid. Reduce heat to medium low so that the liquid is simmering. Cover and cook 7 minutes. Add the pumpkin and lemon juice. Stir to combine and cover to cook another 3 or so minutes. Remove the lid and stir the pasta. It should be close to al dente, and the sauce should be thickening. Let the sauce continue to reduce slightly over the heat as you add the salt, pepper, and parsley to the pan. Stir to combine. Taste the pasta and ensure it is cooked through. Shut the heat off-the sauce will thicken as it sits a bit more. Add the cheese to the pan and stir in. Taste for salt and adjust as necessary. I added another 1/4 teaspoon salt. Roughly chop/tear the fronds from the fennel bulb (optional) and stir into the pasta. Serve with another grating of cheese and cracked black pepper with each bowl and enjoy immediately! If you want more acidity, squeeze a lemon wedge over the top when serving.","Place the olive oil in a small skillet over moderately low heat. Add the carrot, green pepper flakes, red pepper, and sage. Cook and stir until carrots are tender, about 3 minutes. Add cooked sausage to skillet. Screech sausage. Place sausage mixture over the pan, and brown. Add water (enough to cover the pan), and bring to a simmer. Meanwhile, remove the carrot casing and saute in oil for 1 minute. Add Italian hot sausages and season with salt, pepper, parsley and Parmigiana. Add a splash of white wine and a dash of freshly-cooked parsley. (Or, more wine. It's okay if I use 1/8 cup water for this.) Season to taste. Bring the pot of simmering sauce to a boil",finetuned_top_k
24,Lettuce And Egg Salad,2 heads red leaf lettuce 3 hard-boiled eggs 3 ounces olive oil 1 1/2 ounces fresh lemon juice 2 tablespoons chopped onions 1 tablespoon chopped dill salt pepper,"Clean any yellow leaves from the lettuce. Wash the lettuce very well and cut in pieces. Drain well. Chop the onion and dill. Peel the eggs and cut in medium size pieces (6 pieces to an egg), cutting 1 egg in round slices. Mix the lettuce, eggs, onion and dill in a glass bowl. Lay the egg slices on top. Whisk together oil and lemon juice. Drizzle over salad. Salt and pepper to taste.","Sprinkle with lettuce leaves. Reserve 1/3 cup olive oil instead of 1/4 cup all-purpose flour. Preheat oven to 350. In large bowl, combine the eggs and 1 onion. Add 2 tablespoons oil. Melt 1 tablespoon oil in small saucepan. Add juice and dill and cook until bubbly. Remove, turning egg mixture occasionally, and stir in remaining 1 tablespoon olive oil. Pour over lettuce and refrigerate 7 hours or overnight. In a small bowl, whisk together bread crumbs. In another small bowl combine the lemon juice and onions. Fold in dill, salt and pepper to coat crumbs, and chill until firm about 5 days. Pre-heat oven. Grease serving plates; line each with 1/8-inch-thick slices. Garn",finetuned_top_k
25,Sweet And Sour Dipping Sauce,2 tablespoons cornstarch 1 cup pineapple juice 1/3 cup sugar 1 teaspoon salt 1/2 cup ketchup 1/4 cup vinegar 1/4 teaspoon mustard powder,Mix a little bit of the pineapple juice with the cornstarch to avoid lumps. Combine all the ingredients in a small sauce pan and bring to a boil. Reduce to a simmer and cook for about 5 minutes or until thick.,"Cover pan with lid, and cook on medium high setting until well cooked and bubbling. Place sauce in glass baking dish; place 3 tablespoons of cornstarchy over cornstal. Stir in pineapple juice, sugar, salt, and vinegar. Pour over pineapple. Top with ketchup and mustard as desired.",finetuned_top_k
26,Sliced Steak With Porcini Sauce,4 flat iron steaks 6 to 8 oz. each coarse salt 1/3 cup oil extra virgin 1 shallot finely chopped 2 cloves garlic finely chopped 1 cup ketchup 1/2 cup beef stock 1/4 cup worcestershire sauce 2 tablespoons balsamic vinegar 2 tablespoons brown sugar dried porcini mushrooms 3 to 4 tbsp.,"Preheat a griddle or cast-iron skillet over medium-high heat. Season the steaks with salt and pepper and coat with some EVOO. Cook, turning once, for 10 minutes for medium rare. Transfer to a cutting board and let rest for 10 minutes; thinly slice Meanwhile, in a small saucepan, heat 2 tbsp. EVOO, 2 turns of the pan, over medium-high heat. Stir in the shallot and garlic for 2 minutes; season with a little salt and lots of pepper. Add the ketchup, beef stock, worcestershire, vinegar, brown sugar and porcinis. Bring to a boil, then lower the heat and simmer for 20 minutes. Puree the mixture in a blender Top the steaks with the sauce and serve","In food processor, pulse shallot and garlic; add oil, seasoning and stock; process until flour coats steaks. Season with salt and stir occasionally. Return steak to processor; add ketchup, vinegar, brown sugar, vinegar and stir just until well combined. Spoon 1/8 inch of mushroom mixture over steak; pour over steak and serve",finetuned_top_k
27,Hershey'S Disappearing Cake,1/4 c. butter 1/4 c. shortening 2 c. sugar 1 tsp. vanilla 2 eggs 3/4 c. Hershey's cocoa 1 3/4 c. unsifted all-purpose flour 3/4 tsp. baking powder 3/4 tsp. soda 1/8 tsp. saltilla 1 3/4 c. milk,"Generously grease and flour two 9-inch round cake pans. Cream butter, shortening, sugar and vanilla until fluffy; blend in eggs. Combine cocoa, flour, baking powder, baking soda and salt in bowl; add alternately with milk to batter. Blend well. Pour into pans; bake at 350° for 30 to 35 minutes or until cake tester inserted in center comes out clean. Cool 10 minutes, then remove from pan and use cocoa in your favorite frosting recipe.","Cream butter, shortening and sugar. Add eggs, cocoa, flour, baking powder and saltilla. Spread on wax paper. Pour batter in greased and floured 9 x 13-inch pan. Bake at 350° for 50 to 60 minutes.",finetuned_top_k
28,Skillet Sausage And Sauerkraut,"2 tsp. butter 3 c. precooked or smoked meats 3/4 c. chicken broth 1 lb. sauerkraut, drained and rinsed 1 (16 oz.) can whole potatoes, drained 1/2 tsp. caraway seed 1/2 tsp. thyme 1/2 tsp. pepper","Melt butter in heavy pan; add sliced meats. Cook 2 to 4 minutes, stirring until brown. Add broth and stir 30 seconds. Add remaining ingredients and toss lightly to mix. Cover and simmer over moderately low heat 10 minutes, until hot and flavors blend. Makes 3 to 4 servings. Contains 311 calories.","Combine butter, chicken broth, saueros and salt in small bowl. Mix well. Pour into baking dish sprayed with cooking spray. Bake at 350° for 20 minutes.",finetuned_top_k
29,Grandma Ruth'S Stuffing,"2 tablespoons olive oil 1 pound sliced fresh mushrooms 3 stalks celery, diced 2 onions, chopped 1 (20 ounce) loaf French or Italian bread, cut into 1 inch cubes 1 (16 ounce) package herb-seasoned stuffing mix 4 eggs, beaten 2 (14 ounce) cans chicken broth 2 teaspoons rubbed sage 2 teaspoons dried thyme 2 tablespoons garlic powder salt and pepper to taste","Heat oil in a large skillet over medium heat. Saute the mushrooms, celery, and onions until softened. Dampen the fresh bread cubes (not the stuffing mix), then squeeze out any excess water. In a large bowl, combine the mushroom mixture, bread cubes, stuffing mix, eggs, and 1 can chicken broth. Season with sage, thyme, garlic powder, salt, and pepper, and mix well. The stuffing should have a rather paste-like consistency. Mix in additional chicken broth as necessary. Loosely pack stuffing inside turkey cavity before roasting.","Preheat the oven to 325 degrees. Brush the mushrooms on lightly with oil and roast for 30 minutes, until lightly toasted. Brush with olive oil. Combine the celery and onions and cook the mushrooms in the same pan. Then add the bread, broth, eggs, sage, garlic powder, herbs and seasonings and mix well. Cover and cook for 20 minutes. Season with salt and stir. Serve immediately with crackers.",finetuned_top_k
30,Rocky Road Bars,"12 cup butter 1 cup sugar 12-1 cup nuts, chopped 1 teaspoon vanilla 1 (1 ounce) unsweetened chocolate square 1 cup all-purpose flour 1 teaspoon baking powder 2 eggs 8 ounces cream cheese, softened (reserve 2 oz for frosting) 14 cup butter, softened 12 teaspoon vanilla 1 cup semi-sweet chocolate chips, pkg (6 oz) 12 cup sugar 2 tablespoons all-purpose flour 1 egg 14 cup nuts, chopped 2 cups mini marshmallows 1 (1 ounce) unsweetened chocolate square 14 cup milk 1 teaspoon vanilla 14 cup butter, softened 3 cups powdered sugar 2 ounces cream cheese, remaining from the filling","Preheat oven to 350F. Grease and flour a 9x13-inch pan. In large saucepan over low heat, melt 1/2 cup butter and 1 oz. square of chocolate. Add remaining bar ingredients, mix well. Spread into prepared pan. In small bowl combine 6 oz. cream cheese with sugar, flour, butter, egg and vanilla. Blend until smooth and fluffy. Stir in nuts. Spread over the chocolate mixture. Sprinkle with chocolate chips. Bake 25-35 minutes or until toothpick comes out clean. Remove from oven, sprinkle with marshmallows and bake 2 minutes more. In large saucepan over low heat, melt 1/4 cup butter, 1 oz. chocolate square and remaining cream cheese and milk. Stir in powdered sugar and vanilla until smooth. Immediately pour over the marshmallows and swirl together. Makes 3 dozen squares.","Melt butter in a 9 x 13 baking pan with the sugar. Add the vanilla, chocolate and flour and mix well. Pour the batter into the pan and roll the dough to fit. Press the mixture into a tube, using a damp cloth. Using the spatula, prick down firmly. Carefully fold in the butter just enough to fill a 5-inch square pan; leave it covered until doubled, about 20 minutes. Chill at least 2 hours. Press a few drops of the batter over the top and bake in the preheated oven until golden, about 15 minutes. Cool for 8 minutes on a wire rack.",finetuned_top_k
31,Chocolate Pecan Pie Bars,"1 1/2 cups flour, all-purpose 1/2 cup butter softened 1/4 cup brown sugar firmly packed 3 large eggs 3/4 cup corn syrup, light 3/4 cup sugar granulated 2 tablespoons butter melted 1 teaspoon vanilla extract 1 1/2 cups pecans coarsely chopped 12 ounces milk chocolate morsels semi-sweet","CRUST: Preheat oven to 350F (180C). In small mixer bowl, beat flour, 1/2 cup butter and brown sugar until crumbly. Press into greased 13x9 inch baking pan. Bake 12 to 15 minutes until lightly browned. FILLING: In medium bowl with wire whisk, beat eggs, corn syrup, granulated sugar, melted butter and vanilla extract. Stir in pecans and semi-sweet chocolate morsels. Pour evenly over baked crust. Bake 25 to 30 minutes until set. Cool; cut into 2x1 1/2 inch bars.","Sift dry ingredients into creamed mix; beat until smooth. Form in a stand mixer fitted with a paddle attachment; beat on high speed for 2 minutes. Add cocoa until moist. Fold in semisweet chocolate morsel. Shape into bars. Place in a greased 13X9"" pan. Bake at 200 for 30-40 minutes or until a toothpick inserted into the center comes out clean. Remove from pan. Cool on a wire rack in pan. Makes 2 dozen.",finetuned_top_k
32,Delicious Flax Muffins,1 14 cups flax seed meal 2 teaspoons baking powder 1 tablespoon cinnamon 1 teaspoon nutmeg 12 teaspoon salt 34 cup Splenda sugar substitute 4 large eggs 14 cup canola oil 12 cup water 1 tablespoon vanilla 12 cup chopped pecans (optional),"Preheat oven to 350-degrees. Grease a 12-muffin tin. Mix the dry ingredients together, then add the remaining ingredients. Let batter stand 10 minutes, then spoon into muffin cups and bake about 18 minutes or until a toothpick inserted into center comes out clean and muffins just barely start to pull away from the sides of the tin. Phase 2 add-in (optional): 1 medium apple, chopped fairly finely.","In a small bowl, mix baking powder and cinnamon; mix in Splenda and oil. Beat with mixer on medium speed on high speed until pale. Add eggs; beat on high until blended. Spread in shallow baking pan. Mix together Splenda, oil, eggs, pecan mixture, and vanilla until well incorporated; pour into muffin cups and bake 30 minutes at 375°. Preheat oven to 375° F (160° C). Bake 35 to 40 minutes, until toothpick inserted in center comes out clean. Cool on wire rack. Remove from pans and cool for 30 minutes. Remove earpicks and ears from muffin cup. Use as appetizer, garnish with cherries.",finetuned_top_k
33,Raspberry Cream Cheese Swirls,6 ounces cream cheese (softened) 12 cup powdered sugar 4 tablespoons raspberry preserves 2 (8 ounce) cans refrigerated crescent dinner rolls 12 cup powdered sugar 4 teaspoons milk 12 teaspoon raspberry extract (can substitute with vanilla),"Beat cream cheese and powdered sugar until fluffy. Fold in raspberry preserve until well blended. Set aside. Pop open your crescent rolls and carefully separate into 4 rectangles. Firmly press perforations to seal. Press or roll each piece of dough to form a 7 by 4-inch rectangle, and spread each with about 3 tablespoons of the cream cheese filling. Do not go all the way to edge, leave about 1/4 inch space. Starting at the short end of the rectangle, roll each rectangle into a tight cylinder. Place on plate and cover with plastic wrap. Put in fridge for about 30 minute. Preheat oven to 350F. When ready, cut each roll carefully into 4 pieces. Place on an ungreased baking sheet, cut side down about 1/2 inch apart. Bake for approximately 18-20 minutes, until light brown. While rolls are baking. Combine 1/2 cup powdered sugar, milk and extract in small bowl. When rolls are done, drizzle glaze over rolls and serve warm.","Cream your cream cheese. Mix together the powdered sugar, 2 teaspoons milk and raspberry preserves. Sift together the remaining powdered sugar (packed into a large bowl, like a walnut). Place 2 or 3 rolls in a 1-cup crescent shape bowl. Top with 4 large rolls and roll in 4 large strawberries. Refrigerate at least 2 hrs or overnight. While preparing rolls, refrigerate filling according to manufacturer's instructions. To make filling: Spread 1-1/3 cups cream cheese mixture over the cereal in your desired order. Spoon strawberry frosting over top of 3 rolls. Roll out 3-1-1 inch balls. Fill with the remaining cream cheese filling mixture. Repeat with remaining filling. Top filling with additional 2 or possibly 3 strawberries rolls. Refrost 4 or possibly 5",finetuned_top_k
34,Mandarin-Almond Salad,"1/2 cup slivered almonds 1/4 cup sugar 1/4 cup vegetable oil 2 tablespoons red wine vinegar 1 tablespoon minced fresh parsley 1/2 teaspoon salt 1/8 teaspoon pepper 3 drops hot pepper sauce 1 tablespoon sugar 1 bunch green leaf lettuce, torn (8 cups) 1 (11-oz.) can mandarin oranges, drained 1/2 small red onion, thinly sliced","Place almonds and 1/4 cup sugar in a small saucepan over medium heat. Cook, stirring constantly, 10 minutes or until sugar coats almonds and turns golden. Spread in a single layer on lightly greased wax paper; cool 20 minutes. Break into pieces, and set aside. Combine oil and next 6 ingredients in a jar with a lid. Tightly close lid, and shake well. Chill until ready to serve. Toss together lettuce, oranges, onion, and almonds. Shake dressing, and drizzle over salad just before serving.","Preheat the oven to 425°. Blend almonds and sugar in a blender. Stir in the vinegar, parsley, salt, pepper, hot pepper and vinegar; stir until smooth and combined. Whisk all ingredients into a bowl until mixture thickens and forms a dough. Wrap in plastic wrap and refrigerate overnight. Place in a 2-gallon shallow baking dish and cook until slightly browned, about 5 to 8 hours on each side or at room temperature and 3 to 4 hours on medium-high (depending on the size of the baking dish). Cool in pan on wire rack 5 minutes.",finetuned_top_k
35,Lauren's Apple Pie,"2 pie crusts, uncooked 5 -6 tart apples, peeled and sliced to 1/4-inch 1 cup sugar 3 tablespoons flour 14 teaspoon cinnamon 14 teaspoon nutmeg 18 teaspoon salt 1 tablespoon lemon juice 1 tablespoon butter","Preheat oven to 425 degrees. Mix sugar, flour, cinnamon, nutmeg and salt. Toss with apple slices then arrange on top of bottom pie crust. Sprinkle with lemon juice and dot with butter. Cover with top pie crust, crimp edges of the two crusts together, then cut vents in the top. Bake at 425 degrees for 20 minutes. Cover with aluminum foil and continue to bake for 20 additional minutes.","Preheat oven to 400°F. In small saucepan, mix apples, sugar, flour, cinnamon, nutmeg, salt, lemon juice, butter, and zest. Stir together until smooth. In large saucepan of boiling water, melt the butter and add to the apples to melt and to mix. Stir in the lemon juice and brown over low heat until brown and crispy. Spoon over pie and bake 35 to 35 minutes, until the crust is set.",finetuned_top_k
36,Apfelküchlein (Deep Fried Apple Cookies),"4 -5 sour apples (e.g. Jonathan or Boskop) 4 tablespoons sugar 1 lemon, juice of 4 ounces white flour (120 g) 1 1/2 ounces ground hazelnuts (40 g) 1/2 teaspoon salt 2 teaspoons vanilla sugar 5 fluid ounces apple cider (1 1/2 dl) 2 eggs, separated 1 teaspoon oil deep-frying oil confectioners' sugar or cinnamon sugar, for dusting","Peal the apples and remove the core. Cut each apple into rings, each about 1/2-inch (1 cm) thick; set aside. Add 3 tablespoons of sugar to the lemon juice, brush the lemon/sugar mixture over the apples and set them aside for about 30 minutes. In a bowl, mix together flour, hazelnuts, salt, one tablespoon of sugar and the vanilla sugar. Add apple cider and stir well. Add both egg yolks and one teaspoon oil, and mix well. Leave the dough alone for about 30 minutes. Add a pinch of salt to the egg whites and beat until stiff. Carefully mix it with the dough. Heat the dry-frying oil in a frying pan to 375°F (190°C). Dip one coated ring of apple at a time into the dough and fry it immediately in the oil on both sides until lightly browned. Drain off excess oil. Dust cookies with confectioner's or cinnamon sugar while still warm, and serve them immediately. But they also taste good cold, especially if served with warm vanilla sauce.","Boil sweet apples until caramel begins to bubble. Transfer apples into a shallow baking dish to cool. In a large bowl, whisk the first five ingredients. Using a pastry cutter, cut fruit into 6 cm chunks. Remove apples to a 9 x 13 pan. Cook mixture until the fruit is browned and cooked through. Heat oil in a nonstick skillet over medium-high heat. When hot, pour apple mixture over fruit and cook until fruit is caramelized and cooked, about 1 to 2 minutes per side. Sprinkle honey on top. Pour the syrup over apple mixture to seal well. Chill, covered, about 30 mins. Remove from pan, let cool completely and cut into thin slices 1 or 2.",finetuned_top_k
37,Starfruit Sangria Recipe,"12 ounces sauvignon blanc or dry riesling, chilled 6 ounces London dry gin, such as Tanqueray 8 ounces freshly squeezed lemon juice 6 ounces simple syrup 10 dashes orange bitters 1 starfruit ice 3 ounces chilled club soda or ginger beer","In a large pitcher, stir wine, gin, lemon juice, simple syrup, and orange bitters together. Add 1 cup of ice and stir well. Slice starfruit into 1/4-inch thick slices. Fill serving glasses with ice and line sides with starfruit slices. Add club soda or ginger beer to wine mixture, stir gently to blend, and pour into serving glasses.","In a large saucepan, combine the dry gin and lemon juice and bring to a boiling point. Cook until dissolved, about 20 minutes. Remove from heat and stir in the orange bitters and lemon extract. Add the pineapple juice and bitters to the gin syrup. Stir until smooth. Add club soda and ginger beer. Pour the mixture into a deep pan that has been sprayed with cooking spray. Pour over ice. Chill until slightly firm. Once cool, pour lemon juice over the orange fruit to mix well in.",finetuned_top_k
38,Creamy Potato Sticks,1/4 c. flour 1/2 tsp. salt 1 1/2 c. milk 1 can cream of celery soup 1/2 lb. cubed American cheese 5 or 6 peeled baking potatoes 1 c. chopped onion paprika,"In saucepan, combine flour and salt. Gradually whisk in milk until smooth. Bring to boil. Cook 2 minutes. Remove from heat. Whisk in soup and cheese until smooth. Set aside. Cut potatoes into 4 x 1/2-inch sticks. Place in greased 13 x 9-inch pan. Sprinkle with onion. Top with cheese sauce. Bake, uncovered, at 350° for 55 to 60 minutes until tender. Sprinkle with paprika.","In medium sized bowl mix cream of chicken soup, celery and onion. Add potato, onion and paprika to soup mixture. Mix and pour over top of cream of mushroom soup and cover with milk. Refrigerate at least 2 hours. Bake 15 minutes at 350°. Serve hot with crackers, crackers crackers with gravy or fried french fries. Let rise until ready to serve.",finetuned_top_k
39,Meat Loaf,2 eggs 2 lb. ground beef 1 envelope onion soup mix 1 (8 oz.) can tomato soup or sauce 1 c. oats 1 tsp. horseradish,Beat eggs; add remaining ingredients. Blend well with your hands. Pack into a greased loaf pan. Bake in a 325° oven for 1 hour and 15 minutes or until done. Remove from oven and let stand a few minutes before turning out.,Mix all ingredients well. Place in loaf pan or casserole dish. Bake at 350° for 8 minutes.,finetuned_top_k
40,Marilyn'S White Bean And Tomato Soup,"1 pound dried white beans (navy, cannellini, or Great Northern beans) 2 quarts water, plus more for soaking the beans 1 bay leaf 2 tablespoons olive oil, plus more for drizzling 1 medium yellow onion, diced 1 large celery stalk, diced 1 large carrot, diced Salt to taste 3 large garlic cloves, minced 2 14-oz cans diced tomatoes 1/4 cup chopped fresh parsley Freshly ground black pepper to taste 2 ounces (about 1/2 cup) orzo pasta","Soak the beans overnight in plenty of cold water, or do a quick soak: put them in a pot with lots of water, bring to boil, turn off the heat and let sit, covered, for an hour. Once the beans are soaked, drain and rinse them well. In a large pot, combine beans, 2 quarts water, and bay leaf. Bring to a boil and let bubble vigorously for a few minutes, then skim off any foam that comes to the top. Reduce heat to low, cover, and simmer for 1 hour, or until the beans are just barely tender. While the beans simmer, heat olive oil in a skillet over medium heat. Add onion, carrot, celery, and a pinch of salt, and sweat for 8-10 minutes, or until the onions are translucent. Add garlic and saute for another 1-2 minutes, just until the onions start to turn golden. Add tomatoes and bring liquid to a boil, then reduce heat to medium-low and simmer for about 15 minutes, or until the mixture coalesces and looks saucy. Add the tomato mixture to the bean pot. Cover and simmer for another 1 hour, or until the beans are completely tender (start checking them after about 20 minutes). While the soup simmers, cook the orzo in boiling salted water until al dente. Drain and set aside. When the beans are tender, stir in parsley, and season the soup with salt and pepper as needed. Ladle into bowls, and top each bowl with a spoonful of orzo and a drizzle of olive oil. Serve warm. Leftover soup (minus the orzo and oil) will keep, tightly covered, in the fridge for up to 3 days, or in the freezer for up to 4 months.","Saute the beans in 2 tablespoons water in a large heavy skillet over high heat until it is clear, about 30 minutes. Add the bay leaf and the 2 tablespoons oil; cook until hot and wilted, about 1/3 hour. Add salt and red pepper. Season to taste with salt and pepper. Stir in the carrots, celery, onion/celery, and onion. Season with salt, pepper, garlic, oregano, and fresh parmesan cheese. Cover and simmer until the beans are tender, about 5 minutes more. Meanwhile, mix the tomatoes, basil, parsley, and pepper, seasoning, and remove from the heat. Season the tomatoes with salt. Bring to the boil, stirring occasionally, until the tomatoes are tender. Meanwhile prepare the pasta.",finetuned_top_k
41,Italian Mushroom Rice,"1 gallon water 1 teaspoon salt 2 cups white rice 14 lb fresh mushrooms, sliced 14 cup butter 12 cup red wine salt white pepper 14 cup chopped fresh parsley","In large container, bring water to a boil. Add salt & rice & stir. Boil uncovered for 15 minutes. Pour rice into colander & drain. In seperate saucepan, saute mushrooms in butter & wine. Season with salt & pepper. Add chopped parsley & let wilt slightly. Toss drained rice with wine-mushroom mixture. Put in greased 1-quart flat Pyrex dish. Cover with foil/. Heat thoroughly at 350F about 20-25 minutes. Best served with chicken.","Preheat your oven to 350 degrees F. In a blender or food processor, puree the rice, salt and butter. Add the mushrooms and the red wine and mix just until blended and crumbly. Cut in the parsley, garlic, and wine. Place in a roasting pan and add a little water. Mix until smooth.",finetuned_top_k
42,Meringue And Streusel-Topped Sweet Potatoes,"Sweet potato puree: 8 cups cubed peeled sweet potatoes (about 3 1/4 pounds) 1 cup sweetened dried cranberries, coarsely chopped 1/2 cup half-and-half 1/3 cup maple syrup 1 teaspoon salt 1 teaspoon vanilla extract 1/2 teaspoon ground cinnamon 1/2 teaspoon maple flavoring 2 large eggs Cooking spray Streusel: 2/3 cup chopped pecans 1/2 cup packed light brown sugar 2 tablespoons all-purpose flour 2 tablespoons butter, melted 1/4 teaspoon ground cinnamon Meringue: 4 large egg whites 2 1/3 cups granulated sugar","Preheat oven to 350°. To prepare sweet potato puree, place sweet potatoes in a stockpot, and cover with water; bring to a boil. Reduce heat, and simmer for 20 minutes or until tender. Drain potatoes; place in a large bowl. Add cranberries and next 7 ingredients (through eggs); beat with a mixer at high speed for 2 minutes or until smooth. Spoon sweet potato puree into a 13 x 9-inch baking dish coated with cooking spray. To prepare streusel, combine pecans, brown sugar, flour, butter, and 1/4 teaspoon cinnamon. Sprinkle the streusel evenly over sweet potato puree. Bake at 350° for 30 minutes; remove from oven (do not turn oven off). To prepare meringue, place the egg whites in a large bowl; beat with a mixer at high speed until soft peaks form using clean, dry beaters. Gradually add granulated sugar, 1 tablespoon at a time, beating until stiff peaks form (about 4 minutes). Spoon meringue into a pastry bag fitted with a star tip. Pipe meringue in a lattice design over streusel. Bake at 350° for 15 minutes or until lightly browned.","Preheat oven to 350. Spray a 9x13-inch baking dish, sprinkle a large amount on top and top with sweet potatoes. Place the sweet potatoes on the dish and gently peel off the tops and sides, so their stems are slightly flaked. Top with remaining sweet potatoes and bake for 10 minutes, until the potatoes are tender. Let the potatoes cool for 3 minutes; remove the skins and skins from the potatoes and set them aside. On a separate baking sheet, dust with powdered sugar. Line a 9 x 13-inch pan with baking parchment and place the sweet potato purees on the baking sheet. Bake for 6 to 7 minutes about 225°. Cool for a few minutes with a wooden spoon on each side, then remove from the oven. Cut, add maple syrup and salt",finetuned_top_k
43,Date Bars,"Date Filling (recipe follows) 1 c. packed brown sugar 1/2 c. margarine or butter, softened 1/4 c. shortening 2 c. Bisquick baking mix 1 1/2 c. quick-cooking oats","Prepare Date Filling; cool. Heat oven to 400°. Grease square pan, 9 x 9 x 2-inch. Mix brown sugar, margarine and shortening. Mix in baking mix and oats. Press half of the crumbly mixture in pan; spread with filling. Top with remaining crumbly mixture; press gently into filling. Bake until light brown, 25 to 30 minutes. Cut into bars, about 2 x 1 1/2-inch. Makes 2 dozen cookies.","In saucepan melt butter or margarine. Add to melted butter. When chocolate is melted, add Bisquick. Add shortening, baking mix, oats and 1/3 teaspoon pepper to hot mixture. Cook approximately 35 minutes. Stir in cooked chocolate. Cool 5 minutes; remove from heat.",finetuned_top_k
44,Chewy Raisin Walnut Shortbread Bars,1 1/4 c. all-purpose flour 1/2 c. sugar 1/2 c. butter or margarine 2 eggs 1/2 c. firmly packed brown sugar 1 tsp. vanilla 1/8 tsp. baking soda 1 c. chopped walnuts 1 c. raisins or dates 1/2 c. flaked coconut or oatmeal (optional),"Heat oven to 350°. Lightly grease an 8-inch square pan. Combine flour and sugar. Using pastry blender or fork, cut in butter until mixture resembles fine meal. Press into greased pan. Bake for 20 minutes or just until edges are lightly golden. Meanwhile, combine eggs, brown sugar and vanilla; beat well. Stir in baking soda, walnuts, raisins and coconut. Spoon over hot crust; spread to cover evenly. Return to oven; bake an additional 20 to 25 minutes or until top is set. Cool completely. Cut into 20 bars.","Mix together flour, sugar, butter and eggs in large bowl. Add flour mixture to dry ingredients. Mix well. Add vanilla and baking soda to mix. Drop by teaspoonfuls on floured baking sheet. Bake at 450° for 45 to 55 minutes or until golden brown. Makes 6 12-ounce bars.",finetuned_top_k
45,Snack Oyster Surprise,1 pkg. oyster crackers 1 1/2 tsp. garlic powder 1 1/2 tsp. dill weed seed 1 tsp. lemon pepper 1 c. oil 1 pkg. Hidden Valley Ranch dressing (dry),Combine and continue to stir until oil disappears. Can put oil on crackers. Put in oven 5 to 10 minutes.,"Mix all together. Add Hidden Valley ranch dressing. Shake well. Heat oyster and add garlic powder, dill, lemon pepper and oil. Blend as needed. Pour into greased 8 x 8-inch pan. Top with shredded cheese. (Or grated cheese and cooked snack). Bake at 350° for 1 hour, stirring occasionally. Cool.",finetuned_top_k
46,Meat Loaf,"Cooking spray 1/2 cup uncooked quick-cooking oatmeal 1/4 cup fat-free plain yogurt 1 pound extra-lean ground beef 1/2 cup chopped onion 1 medium rib of celery, chopped 1 small carrot or parsnip, shredded 1/4 cup egg substitute or 1 large egg 1 tablespoon capers packed in balsamic vinegar, drained 1 tablespoon fresh lemon juice 1/2 teaspoon dried thyme, crumbled 1/4 teaspoon pepper 1/4 teaspoon garlic powder","Preheat the oven to 375F. Lightly spray a 9-inch square baking pan with cooking spray. Set aside. In a large bowl, stir together the oatmeal and yogurt. Let stand for 5 minutes. Add the remaining ingredients. Combine using your hands or a spoon. Shape into a loaf about 8 x 5 inches. Place in the baking pan. Bake for about 1 hour 15 minutes, or until the meat loaf registers 165F on an instant-read thermometer and is no longer pink in the center. Remove from the oven and let stand for 5 to 10 minutes. Cut into 16 slices. For leftovers with style, make meat loaf sandwiches in low-sodium buns or on low-sodium bread. Top the meat loaf with a mixture of 1 tablespoon no-salt-added ketchup and 1/2 teaspoon bottled white horseradish or dried horseradish. Add some crunchy romaine or curly green leaf lettuce, sliced onion, and Easy Dill Pickles (page 272). For a different flavor, spread the meat loaf with Barbecue Sauce (page 265) or Roasted Tomato Chipotle Salsa (page 269). (Per serving) Calories: 119 Total fat: 3.0g Saturated: 1.0g Trans: 0.0g Polyunsaturated: 0.5g Monounsaturated: 1.5g Cholesterol: 31mg Sodium: 102mg Carbohydrates: 8g Fiber: 2g Sugars: 2g Protein: 15g Calcium: 33mg Potassium: 248mg 1/2 starch 2 very lean meat","Preheat oven to 400 degrees. Spray a 13x9-inch loaf pan with cooking spray; spray second layer with cooking oil; turn out on the other side. In other nonstick skillet, cook oatmeal over medium heat until lightly browned and just just set. Add beef, onion, celery and carrot; saute 2 minutes. Stir in egg substitute. Sprinkle 1 tablespoon paprika over beef mixture. Stir chicken and remaining egg substitute into pan. Sprink with vinegar mixture, lemon juice, thyme and garlic powder. Bake 15-17 minutes or until lightly touched on the bottom. Let stand 10 minutes before serving. Let cool slightly; add meat mixture one last time. Serve immediately.",finetuned_top_k
47,Triple-Ginger Pound Cake,"3 12 cups all-purpose flour 1 tablespoon ground ginger 2 12 teaspoons baking powder 1 teaspoon salt 2 cups sugar 1 cup unsalted butter, at room temp 2 large eggs 2 large egg yolks 1 tablespoon vanilla extract 1 14 cups milk (don't use low-fat or nonfat) 12 cup minced crystallized ginger 3 12 tablespoons grated peeled fresh ginger","Preheat oven to 350. Grease two 9x5x3-inch loaf pans. Stir flour, ground ginger, baking powder and salt into medium bowl. Beat sugar and butter in large bowl until fluffy. Add eggs and yolks 1 at a time, beating well after each addition. Beat in vanilla. Mix dry ingredients and milk alternately into batter. Fold in crystallized ginger and grated ginger. Divide batter between prepared loaf pans. Bake cakes for about 1 hour.","Preheat oven to 350°F. In a large bowl, cream together the flour, ginger, baking powder, and salt. In another small bowl, mix together the butter, eggs, 1 cup sugar, and vanilla until no longer sticky. Divide the batter into four equal bowls, and press each in about 2 inches of parchment. Fill a 13x9x2 inch round pan with dough. Place the batter in the same pan; top with fruit and almonds. Let stand 10 minutes to let the bananas and nuts blend. To the last 2 inches, arrange a dollop of icing sugar on top and bake until the caramel is melted, 20 minutes. Top with remaining dough; top crust with the strawberries.",finetuned_top_k
48,Asian Pizza,1 package whole wheat pizza dough 1 carrot 2 leaves green cabbage 1 leaf red cabbage 1 green onion 2 tablespoons cilantro 2 tablespoons stir fry sauce Asian 1 teaspoon powdered ginger 1 teaspoon chili oil,"Let the dough rest for 20 minutes at room temperature and preheat the oven to 450 degrees (or whatever the package of dough suggests). Finely chop the cabbage and carrots. I like to leave some bigger pieces too, just for texture. Spread the stir fry sauce over the rested and formed dough, leaving about 1/2 inch around the outside. Sprinkle the carrots, cabbage, 1/2 the cilantro, 1/2 of the green onion, chili oil, and ginger over the top. Bake for about 15 minutes until crust is golden brown and crispy. Top with the remaining cilantro and green onion. Enjoy!",Mix ingredients in a bowl until smooth. Cut in 1/2 inch cubes and place in a greased 8 x 9-inch baking dish. Refrigerate.,finetuned_top_k
49,Snack Mix,3 c. Quaker crunchy bran or oat squares 1 c. old fashioned oats 1 c. raisins 1 c. chopped nuts 1 tsp. cinnamon 1/4 tsp. salt 1/2 c. butter 1/2 c. honey 1/4 c. brown sugar,"Mix butter, honey and brown sugar over low heat until well blended. Mix first 6 ingredients, except raisins, in a large bowl. Pour liquid over it and stir to coat. Spread on cookie sheet and bake 20 minutes at 350°. Put back into bowl and stir in raisins. Spread out on wax paper to cool.",Combine nuts and cinnamon. Combine all ingredients and stir until well combined. Mix dough and pour into the shallow plastic bag. Bake at 350° for 15 to 20 minutes. Remove from oven and remove from paper liners. Makes 10 dozen (you can choose from 1 dozen).,finetuned_top_k
50,Onions With Sage,3/4 lb. tiny onions 2 Tbsp. butter 1 Tbsp. flour 2/3 c. chicken stock sea salt black pepper 1/2 tsp. chopped sage 2 Tbsp. heavy cream 1 Tbsp. chopped parsley,"Peel the onions and leave them whole. Heat the butter in a saucepan and brown the onions gently, stirring often. Blend in flour and cook for 1 minute, then add heated chicken stock and stir until smooth. Add salt and pepper to taste, then the chopped sage. Cover and simmer for 20 to 30 minutes, stirring occasionally. When the onions are soft all the way through, stir in the cream and parsley and serve.","Heat butter and flour in large pot over medium heat until medium. Arrange onions in greased and floured baking dish. Cook in butter until tender, about 8 minutes. Add butter and salt; cook until melted, 5 minutes. Drop bread slices into butter and mix in sage and flour. Bake 25 to 30 minutes at 350°.",finetuned_top_k
51,Southern-Style Brisket,"2 teaspoons chili powder 2 teaspoons mustard powder 2 teaspoons packed dark brown sugar 1 teaspoon cayenne pepper Kosher salt and freshly ground black pepper 3 to 4 pounds point-end brisket, preferably with 1/4-inch-thick fat cap 2 tablespoons vegetable oil 3 cloves garlic, finely chopped 1 tablespoon chili powder 3/4 cup apple cider vinegar 3/4 cup ketchup 1/3 cup fresh lemon juice (2 to 3 lemons) 1/3 cup Worcestershire sauce 1/3 cup packed dark brown sugar 3 tablespoons yellow mustard 1/4 teaspoon ground allspice Freshly ground black pepper","Make the brisket: Combine the chili powder, mustard powder, brown sugar, cayenne, 2 teaspoons salt and 1/2 teaspoon black pepper. Rub on the brisket, cover and refrigerate overnight. Remove the brisket from the refrigerator about 1 hour before cooking and let sit at room temperature. Soak a few handfuls of mesquite or hickory wood chips in water 30 minutes; drain. Preheat a grill to low, then prepare for indirect heat: For a gas grill, turn off the burners on one side; put the wood chips in a smoker box and position under the grate over the heated burners. For a charcoal grill, push the coals to one side; once the temperature registers 200 degrees F (you should be able to hold your hand 5 inches from the coals for 6 seconds), scatter the wood chips on top. Position a drip pan under the grate on the cooler side of the grill. Put the brisket fat-side up on the grill above the drip pan. Cover and grill, undisturbed, until a thermometer inserted into the thickest part registers 185 degrees F to 200 degrees F, 3 hours, 30 minutes to 5 hours. If using a charcoal grill, leave the vents nearly closed and scatter 6 to 8 unlit charcoal briquettes and a handful of prepared wood chips on top of the lit coals every 45 minutes to 1 hour. Remove the brisket from the grill, wrap in foil and let rest at least 30 minutes. Pour the drippings from the drip pan into a bowl and let cool completely. Meanwhile, make the barbecue sauce: Heat the vegetable oil in a medium saucepan over medium heat. Add the garlic and cook, stirring, 30 seconds. Add the chili powder and cook, stirring, until brick red, about 30 seconds. Stir in 1 1/2 cups water, the vinegar, ketchup, lemon juice, Worcestershire sauce, brown sugar, mustard, allspice and 3/4 teaspoon black pepper. Bring to a low simmer and cook, stirring occasionally, until slightly thickened, 45 to 55 minutes. Remove from the heat and let cool slightly. Whisk the reserved drippings, then whisk 1 to 2 tablespoons into the barbecue sauce. Thinly slice the brisket against the grain. Serve with the barbecue sauce. Dry cast-iron pans thoroughly with paper towels after washing to keep them from rusting. Photograph by Kana Okada","Preheat the oven to 400°F. Wash the brisket; peel. Cut in the fat in the top and back of each rib. Grill for 4 minutes or until charred and browned on all sides. Transfer to a paper towel pouch. Drain brisket. Season generously with salt, pepper, vinegar and lemon juice. Let stand 5 minutes, then toss the briskets back in the refrigerator. Meanwhile, in a bowl whisk together the mustard, chili powder and packed light brown sugar; add the oil, garlic and cider and mix thoroughly until blended. Drizzle evenly with lemon juice, Worcesterhire sauce, lemon juice and mustard. Cut brisket about 1/8-inch apart. Pour brisket over the vegetables with a generous layer of ketchup, and serve immediately. Note",finetuned_top_k
52,Chess Pie,"3/4 stick butter 1 c. sugar 1 1/2 tsp. cornmeal 1 1/2 tsp. vinegar 3 eggs, beaten 1 tsp. vanilla",Cream butter and sugar together and add rest of ingredients. Bake in unbaked pie shell at 350° for 40 minutes or until set.,"Mix together butter, sugar, cornmeal, vinegar and eggs. Let stand 5 minutes. Press into a pie shell.",finetuned_top_k
53,Unicorn Frappuccino,"1/4 cups Condensed Milk 1 drop Blue Artificial Dye, Or As Needed 1/2 cups Coffee 2 whole Frozen Bananas, Sliced 1 cup Frozen Strawberries Whipped Cream, Colored Sprinkles, And Syrup, To Serve","Mix condensed milk with blue dye. Stir very well until a uniform color is obtained. Reserve. In the blender, beat coffee, bananas, and strawberries until a homogeneous mixture is obtained. Very delicately, cover some parts of the glass surface with the blue condensed milk. Serve the pink smoothie and decorate with whipped cream, colored sprinkles, and syrup.","In a saucepan, combine condensed milk, blue artificial dyes, and coffee in a separate bowl until blended. Stir to mix. Add strawberries, and coat with sweetened condensed milk mixture. Beat 1:1/2 cup flour until fluffy. Add to cream mixture and mix until combined. Add ice cubes, if desired. Cover and refrigerate overnight. Add powdered sugar. Drop to coat, then to serve.",finetuned_top_k
54,Turkey Piccata - Alton Brown,"1 1/2 - 2 lbs boneless turkey breast kosher salt, to taste freshly ground black pepper, to taste 1/2 cup all-purpose flour 2 tablespoons olive oil 6 tablespoons unsalted butter, divided 2 tablespoons finely chopped shallots 1/2 cup white wine 1/3 cup freshly squeezed lemon juice 2 tablespoons chopped fresh parsley 1 tablespoon capers, drained and rinsed (optional)","Preheat oven to 200°F. Slice turkey across the grain into 1/2"" slices. Place slices, one at a time, between sheets of plastic wrap or waxed paper. Pound out until 1/8-1/4"" thick. Repeat until all pieces are pounded. Sprinkle both sides of each piece with salt and pepper, then dredge both sides in flour; tap off excess flour. Place olive oil and 4 tbsp butter in a 12"" skillet over medium heat. (Non-stick will not yield a good sauce; stick to regular.) When foaming subsides, add turkey, being careful not to crowd the pan. Brown turkey on both sides, about 1 minute on each side; repeat with any remaining turkey. Transfer to an ovensafe plate and place in oven to stay warm. Add shallots to pan and reduce heat to low; saute until shallots are translucent, about 3 minutes. Add wine and lemon juice and simmer 2-3 minutes, until slightly reduced. Add remaining butter (which should be cold) and whisk until sauce is glossy and slightly thickened. Adjust salt and pepper and stir in parsley (and capers if using). Pour over cutlets and serve.","Preheat oven to 325 degrees F (220 degrees C). Butter 12 inch round casserole dish. Whisk together flour, stock, butter, shallots, parsley, and pepper. Stir in oil, lemon juice, and parsley. Pour mixture into skillet and cook over low heat 10 - 12 minutes or until golden brown. Remove from heat. Stir over low flame until mixture thickens. Pour turkey mixture over tomatoes and serve over tomatoes sprinkled with lemon wedges.",finetuned_top_k
55,Icee Delights,1 tsp. any flavor Kool-Aid 2 tsp. sugar 4 oz. water 6 oz. ginger ale crushed ice,Mix Kool-Aid and sugar. Add water and stir thoroughly. Add ginger ale and stir again. Pour into	blender. Add crushed ice and blend on high until ice is thoroughly blended. Enjoy!,Cook ginger ale in boiling water until bubbles appear. Put in icebox and seal in refrigerated 2-hour period.,finetuned_top_k
56,Simple Shortbread Cookie,"2 cups All-purpose Flour Plus More For Flouring Work Surface 1/4 teaspoons Salt 1 stick Unsalted Butter, Room Temperature 1/2 cups Powdered Sugar 1 teaspoon Vanilla Extract","In a large bowl, sift the flour and salt. Cream butter and powdered sugar in the bowl of a standing mixer until light and fluffy. Beat in vanilla. Reduce the speed to low and beat in the flour mixture until just incorporated. Gather dough and form it into a disk. Cover with plastic wrap and refrigerate for about 30 minutes to chill. Preheat oven to 350 F. Line 2 baking trays with parchment paper. On a lightly floured surface, roll out the dough to 1/4 inch thickness. Cut into rounds or other shapes using a floured cookie cutter. Place on the prepared baking sheets and place in the refrigerator for about 15 minutes. Remove the pans from the fridge and put them into the oven. Bake the cookies for 8 to 10 minutes, or until cookies are lightly browned. Remove from oven and let the cookies cool a few minutes on the baking sheet before transferring them to a wire rack to cool completely.","To make the dough: Preheat oven to 375°F. Grease large 13 x 9-inch round or 2-inch square baking sheets; sprinkle with flour and salt. In a large bowl, stir together the butter and flour until well blended. (Use about 1 1/3 cups of dough per roll, which should be about 12 inches in diameter.) Using a rolling pin, roll out the dough until about 2/3-inch thick. Place roll cut sides down onto prepared baking sheets, but do not let them fall off. Using a slotted spoon, gently press and fold the dough out into a disc about 1/8 inch wide and 1/32-inch long. (Using a rubber spatula, shape dough into a disk about 3-inches long at the top.)",finetuned_top_k
57,Shrimp Salad with Green Curry Dressing,"1/4 cup fresh lime juice 1/4 cup canola oil 2 tablespoons green curry paste 1 pound cooked large shrimp 8 ounces torn mixed lettuces (about 10 cups) 1 cup cilantro leaves 1 cup mint leaves 1 cup thinly sliced carrot 1/2 cup thinly sliced red onion Salt Chopped roasted peanuts, for garnish","In a large bowl, whisk the lime juice with the oil and green curry paste. Add the shrimp, mixed lettuces, cilantro, mint, carrot and onion and toss well. Season with salt and toss again. Top with chopped roasted peanuts and serve right away.","Bring a large pot or pressure cooker to a boil; bring juice and cook until well blended. Let simmer 15 minutes; drain. Add oil and cook slowly for 6 minutes, until thickened. Stir in cilantro and green curry. Stir occasionally to keep from sinking; cool. In a large bowl, whisk together curry paste and olive oil. Mix shrimp, lettuces and carrot together well. Blend in mint and onion. Sprinkle over shrimp mixture, and serve topped with peanuts.",finetuned_top_k
58,Buttermilk And Gorgonzola Coleslaw,"1 (16 ounce) bag coleslaw mix 2 tablespoons dried onion, minced 1 teaspoon dill, dried 1/3 cup white sugar 1/2 cup mayonnaise, Hellman's, Best Foods 3/4 cup reduced-fat buttermilk 2 tablespoons seasoned rice wine vinegar 1/2 teaspoon salt, Kosher 1/8 teaspoon pepper, ground black 3 tablespoons gorgonzola, crumbled","DRESSING: In a medium mixing bowl, preferably one with a lid, combine dried onion, dill, white sugar, mayo, buttermilk, vinegar and salt and pepper. Mix well with a whisk or a fork. Set aside for 5 minutes. *Empty coleslaw mix into a separate bowl, add in 1/2 of the dressing and fold ingredients until all is well incorporated. Store the remaining dressing in a jar with a tight fitting lid and place in the fridge. Add the crumbled Gorgonzola cheese and gently fold into the slaw mix until completely distributed. Cover and refrigerate for at least 2 hours before serving. Adjust salt to taste before serving and add more of the dressing if you feel your slaw mix is too dry. *NOTE: After combining the dressing with the slaw mix it may appear dry, but refrain from adding more wet ingredients to moisten. As the slaw sits in the fridge, the salt and sugar within the recipe will draw out the natural water in the cabbage and dilute the dressing naturally. Additionally, you can make the dressing up to 1 week before use and store in a jar with a tight fitting lid in the fridge. When ready to use, simply add the slaw mix and Gorgonzola.","Mix first 6 ingredients together in a large saucepan. Bring to a boil, and then reduce heat to low in the microwave or on high heat, stirring with an electric mixer (about 45 seconds). Taste. Add remaining ingredients. Cover and let stand 5 to 10 minutes. In a shallow glass bowl, stir together gorgas, vinegar, salt. Pour into chilled bowl and continue heating until bubbly. Top with remaining 3 tablespoons wine and season with black pepper. (If using this recipe for gorgias, pour wine into jars and fill with water. Note: Wine should be just as creamy as buttermil and slightly less dry.) Serve over regular buttermies.",finetuned_top_k
59,Simple Low-Fat Margherita Pizza,"1 (14 1/2 ounce) can diced tomatoes (I used the oregano, basil and garlic ones for more flavor) 1/4 cup tomato paste 1 (10 ounce) prepared pizza crust, pre-baked thin crust (I like whole wheat Boboli) 16 small basil leaves 4 ounces fresh mozzarella cheese, sliced thick","Heat oven to 450. In bowl, combine tomatoes, tomato paste and garlic, mix well. Spread tomato mixture over pizza crust, top with mozarella. Bake at 450 for 8-10 minutes or until cheese is melted. The original recipe calls for the basil to be added with the cheese, but personally, I like the freshness of the basil if you add it during the last minute of cooking, just so it wilts a little.","Cut pizza into 1 inch cubes and save for later. In a blender or food processor, combine tomatoes, tomato paste and paprika. Add to the tomato paste mixture and blend with your hands, alternating with the mozzanella, cheeses, basil, & mozzinette and blend until smooth and creamy with the cheese mixture while cooking. Preheat oven to 350. Line a baking sheet with foil. Sprinkle crust with pizza, and cut around it into 4 slices. Bake 20 minutes for an 8 to 10 hour spread that makes about 5 cups.",finetuned_top_k
60,Blueberry Lemon Pound Cake Recipe,1/3 c. lowfat milk 6 lrg Large eggs 1 1/2 Tbsp. vanilla 2 2/3 c. all-purpose flour 1 tsp double-acting baking pwdr 1 1/4 tsp salt 3 stk unsalted butter softened (1 1/2 c.) 1/2 c. granulated sugar 3/4 c. firmly packed light brown sugar 1/4 c. freshly grated lemon zest 3 c. picked over blueberries tossed with 1 1/2 Tbsp. flour 1/3 c. fresh lemon juice 1/2 c. granulated sugar,"Make the cake:In a small bowl whisk together the lowfat milk, the Large eggs, and the vanilla. Into a bowl sift together the flour, the baking pwdr, and the salt. In a large bowl with an electric mixer cream the butter with the granulated sugar, the brown sugar, and the zest till the mix is light and fluffy, add in the flour mix alternately with the egg mix, beginning and ending with the flour mix and beating the batter after each addition till it is just combined, and mix in 1 1/2 c. of the blueberries. Spoon one third of the batter into a greased and floured 10-inch (3-qt) bundt pan, spreading it proportionately, and sprinkle 1/2 c. of the remaining blueberries over it. Spoon half the remaining batter into the pan, spreading it proportionately, and sprinkle 1/2 c. of the remaining blueberries over it. Spoon the remaining batter into the pan, spreading it proportionately, sprinkle the remaining blueberries over it, and bake the cake in the middle of a preheated 350A degrees F. oven for 1 hour to 1 hour and 10 min, or possibly till it is golden brown and a tester comes out clean. Remove the cake from the oven, poke the top immediately all over with a wooden skewer, and brush it with half the syrup. Let the cake cold in the pan on a rack for 10 min, invert it onto the rack, and poke it all over with the skewer. Brush the cake with the remaining syrup. Make the syrup while the cake is baking: In a small saucepan combine the lemon juice and the sugar, bring the mix to a boil, stirring till the sugar is dissolved, and remove the pan from the heat. One 10-inch bundt cake.","Preheat oven to 350°. In a 8 quart greased mixing bowl combine egg yolks, vanilla and flour; set aside to cool. Combine remaining ingredients in another mixing bowl; beat with electric mixer or electric mixer at low speed until combined no longer than lumps and stiff peaks form following each beat. Beat on medium until blended and forms stiff peaks; add vanilla and lemon zests, beating until blended. Pour batter into greased and floured 10 x 13 x 3-inch pan. Bake for 8 to 10 min or until toothpick inserted between shell comes out clean; remove shell. Cool 20 min. Remove from pans. Place a large, flat rimmed baking sheet over top of cake. Pour cake batter into a double layer of baking sheets. Bake 2 to 3 min or",finetuned_top_k
61,Potato Salad,5 lb. potato 2 medium large onions 3 oz. stuffed green olives 2 Tbsp. dill weed salt and pepper to taste mayonnaise (to moisten),"Wash potatoes and cook in skins until done. Cool. Remove skins and dice. Add to potatoes the chopped onions, stuffed green olives, dill weed, mayonnaise and salt and pepper. (May substitute salad dressing for mayonnaise if taking to a picnic where it can't be kept cold.)","Drain well. Cut cooked potatoes and onion into small pieces, and toss with green olive mixture. Spoon into casserole dish. Freeze. Sprinkle with mayonnais.",finetuned_top_k
62,Mango And Strawberry Pavlova,"6 None medium eggs, separated 2 tsp cornstarch 1 1/3 cups + 3 tbsp sugar 1 tsp white wine vinegar 1/2 lime zested and juiced 3 tbsp brown sugar, divided 1/2 None mango, diced 1/3 lb strawberries, stems removed 1 2/3 cup heavy whipping cream 1/2 tsp vanilla extract","Preheat the oven to 250°F. Line a baking sheet with parchment paper. Beat the egg whites in a large mixing bowl until stiff. Mix the cornstarch and sugar together then gradually beat into the egg whites with the vinegar. The mixture will become thick and glossy. Use a spatula to pile the meringue onto the baking sheet. Place in the oven to bake for 1 hour 45 mins to 2 hours. Turn the oven down to 175°F and cook for 2 hours. Turn off the oven without opening the door and leave the meringue to cool completely. Mix the lime zest, lime juice, 1 tbsp brown sugar and the mango together. Place the strawberries and 2 tbsp brown sugar in a blender and puree until smooth. Beat the cream with 3 tbsp sugar and vanilla extract. Remove the meringue from the baking sheet and place on a serving plate. Spread the cream on top of the meringue then spoon the mango and strawberry puree on top. Serve.","Preheat oven to 325 degrees Celsius, and line a large cookie sheet with a sheet pan with parchment paper. In a mixer fitted with the paddle attachment, beat the eggs, sugar, 1/4 cup sugar, vinegar, orange zest, lime juice, brown sugar and cream together until a dough hook forms at the bottom of the pan. Place the large sheet pan on low heat and gradually add the whipped cream and vanilla extract, beating continuously until smooth and elastic, about 5 mins. Cover, reduce heat to medium and add the dough hook. Roll the dough out to an 11in x 13in rectangle, and cut into squares. Repeat with remaining dough. Cover with plastic wrap and refrigerate for at least one hour before using!",finetuned_top_k
63,Dry-Curry Sweet Potatoes,"1 1/2 lbs sweet potatoes or 1 1/2 lbs yams, peeled and cut into 1 inch chunks 1 -2 tablespoon curry powder, to taste 1 teaspoon salt 2 tablespoons olive oil","Preheat oven to 400°. Put sweet potatoes into a shallow casserole; sprinkle with curry and salt; drizzle with olive oil. Bake, turning once or twice, for 45 minutes, until evenly browned; serve immediately.","Heat the olive oil in your pot or Dutch oven. Add the sweet potatoes, yams and curry powder. Season with salt and curry.",finetuned_top_k
64,Lime Congealed Salad,1 pkg. lime jello (3 oz.) 1 c. pineapple juice 1 c. cold water 1 (3 oz.) pkg. cream cheese 1 (No. 2) can crushed pineapple 1 c. chopped nuts 1 c. chopped celery,"Drain pineapple; heat juice to boiling and pour over jello. Add cold water and cream cheese and beat with beater until well blended. Add pineapple, nuts and celery.","Pour jello and 1/4 cup pineapple juice, mixture and water into a glass bowl. Mix well before serving. Serves 6.",finetuned_top_k
65,Grandma'S Cranberry Salad,"1 (12 ounce) package frozen cranberries 1 (8 ounce) can crushed pineapple, drained 1 cup chopped pecans 1 (10 ounce) package miniature marshmallows 1 cup sugar 1 pint heavy whipping cream","Put cranberries in a food processor and blend until well chopped. Transfer cranberries to a large bowl, and mix in pineapple, pecans, marshmallows and sugar. In a medium bowl, beat cream with an electric mixer until stiff peaks form. Fold whipped cream into cranberry mixture. Chill until ready to serve. (Or, freeze for 2 hours before serving.)",Place cranberries and pineapple in blender and add in crushed pecks and nuts. Blend until smooth. Store in refrigerator covered.,finetuned_top_k
66,White Burgundy Chicken over Buttered Egg Noodles,"salt 1 12 lbs wide egg noodles 6 tablespoons butter 12 cup fresh flat-leaf parsley, coarsely chopped black pepper 4 tablespoons extra virgin olive oil 6 (6 ounce) boneless skinless chicken breasts, cut into bite-size pieces 2 cups white burgundy 1 (16 ounce) bag frozen pearl onions, defrosted and patted dry on kitchen towels 4 garlic cloves, smashed 12 lb baby carrots 5 celery ribs 6 fresh thyme sprigs 2 bay leaves 3 tablespoons all-purpose flour 3 cups chicken stock 1 (10 ounce) package frozen peas, defrosted","Bring a large pot of water to a boil over high heat; add in salt and egg noodles; cook according to package directions; drain the noodles well, then transfer them to a large bowl. Add 3 tablespoons butter, the parsley, and a little salt and pepper; keep warm. While the water is coming to a boil, preheat a large nonstick skillet with 2 tablespoons oil over med-high heat. Preheat a large Dutch oven over medium heat. Season the chicken with salt and pepper; add half the chicken to the skillet; brown for about 2 minutes on each side. Remove the browned chicken to a plate and return the skillet to the heat. Add a little more oil and the remaining chicken; brown on both sides. Combine all the browned meat and deglaze the pan with 1 cup wine, using a wooden spoon to scrape up all the brown bits; remove pan from heat. While the first batch of chicken is cooking, add the remaining 2 tablespoons of oil and 3 tablespoons butter to the Dutch oven. Once the butter starts to bubble, add the pearl onions and garlic cloves; brown them for 4-5 minutes, until they are nice and brown all over. Cut the baby carrots into half lengthwise and cut the celery into 1 1/2 to 2 inch pieces. Strip the leaves off the thyme sprigs and chop. Add the baby carrots, celery, thyme, and bay leaves to the pearl onions and season with salt and pepper. Cook the vegetables, stirring them frequently, for 2 minutes. Sprinkle them with the flour and cook for 1 minute, then add the remaining cup of wine and the liquid from the chicken skillet. Add the chicken stock and bring everything up to a bubble, then add reserved chicken and simmer everything together for 10 minutes. Add the peas and cook about 1 minute, until heated through; discard the bay leaves. Serve over buttered noodles.","Heat oven to 400 degrees. Set a baking sheet over medium heat. Put noodles, butter, parsley and oregano in small bowl. Season with salt and pepper. Add onions and cook until onions are browned on both sides, about 5 minutes. Drain on paper towels. Cut noodles into bite count pieces. Place chicken on baking sheet; sprinkle with garlic. Cook until liquid is absorbed and noodles are lightly cooked, about 15 minutes. Add carrot and let stand 5 minutes to marinate. Combine the onion mixture, thyme, barley and stock. Mix flour, chicken stock, peas and carrots with remaining ingredients and pour into baking dish. Bake 7 min. or until cheese melts and vegetables are lightly pierced with fork.",finetuned_top_k
67,Marinated Cucumbers,"1/4 c. water 1 Tbsp. sugar 3 Tbsp. vinegar 2 tsp. salad oil 1/4 tsp. dried basil, crushed 1/8 tsp. pepper several dashes of bottled hot pepper sauce 2 medium cucumbers, thinly sliced (about 3 c.) 1 small onion, thinly sliced 1/2 c. sliced radishes 4 lettuce leaves (optional)","In a medium mixing bowl, stir together the first 7 ingredients. Add cucumbers and onion; toss to coat. Cover and refrigerate for 2 to 24 hours.","Spray a large nonstick skillet with cooking spray and pour water into skillet. Cook cucumbers in 2-quart jars of boiling salted water until translucent; drain. Add vinegar, oil, honey, basil, pepper and pepper (to taste). Stir to dissolve sugar. Stir together cucumbers and onion; transfer to skillet. Add cucumbers; stir to dissolve vinegar mixture. Add half the onion, chopped and chopped cucumbers. Stir to combine. Pour about 1/3 of the sauce into casserole dish. Sprinkle with lettuce leaves and onion, cover and cook for 20 to 25 minutes or until vegetables are tender. Serve platter with lettuce. Serves 4-6.",finetuned_top_k
68,Thick Crispy Fried Potatoes,1500 grams potatoes 40 sea salt 25 grams sugar 750 milliliters sunflower oil,"In a large container or in a pot mix together 2 litres of cold water with salt and sugar, stir well, so that the sugar and salt dissolve completely. Peel the potatoes. Cut peeled potatoes into slices 15 mm / 0.6 inch thick. Place them in a brine. Set aside for 40 minutes. Turn the heat on to high, and bring the water to a boil in another pot. Meanwhile, drain off the brine and place the potatoes into a boiling water. Lower the heat and let it simmer slowly for 10 - 12 minutes. Drain the potatoes well and blot with paper towels to dry them, let the potatoes to cool and dry. Heat a large pot, filled with oil to 130 °C / 266 °F. Fry them in three batches, using a strainer gently place them in the hot oil. Fry each batch for about 8 minutes, they should be firm and golden. Lay them out on a tray, lined with a paper towel, let them cool and dry. Heat the same pot, filled with the same oil once again, this time to 190 °C / 375 °F. Once again fry the potatoes in three batches, using a strainer gently place them in the hot oil. Fry again for 5 - 7 minutes. Drain the potatoes on paper towels to remove any excess oil. This will prevent them of becoming greasy as the potatoes cool. Season to taste.",Combine all ingredients and chill until ready to bake. Remove from heat and drain. Place fried potatoes in dish. Drain well in colander and chill 4 to 6 hours.,finetuned_top_k
69,Chicken Casserole,1 can mushroom soup 1 can celery soup 1 box chicken flavored stuffing mix 1/4 stick oleo 6 chicken breasts 1 pt. sour cream 1 can sliced water chestnuts,"Boil chicken breasts; pull off bone and cut in chunks. Lay in casserole bowl. Mix and heat mushroom soup, celery soup and sour cream. Add oleo to soup mixture. Pour soup over chicken. Top with stuffing mix. Bake, covered, at 350° for 45 minutes. Uncover and cook 20 minutes or until brown.",Mix together all the chicken pieces well then roll out on prepared baking sheet. Toss to coat. Bake uncovered in 350° oven for 20 mins until done.,finetuned_top_k
70,Fried Pea Fritters,"2 cups green peas field, cooked 1 cup flour, all-purpose 2 teaspoons baking powder 1 teaspoon black pepper 1/2 teaspoon salt 1 tablespoon curry powder 2 large eggs 1 1/2 cups milk",Mix all dry ingredients. Beat eggs and milk. Add to the flour mixture. Gently stir in cooked peas. Drop from spoon into 3/4 inch hot fat. Fry until light brown.,"Saute green peas in a skillet over high heat until opaque. Drain, set aside. In a big bowl, combine flour, baking powder, black pepper, salt and curry. In another bowl, whisk together milk and eggs. Stir together milk mixture until well mixed. Pour into large bowl, cover and refrigerate. Preheat oven to 325 degrees F. Line a baking mat with liners, and spread peanut oil on the prepared mat. Bake, uncovered, for 25 to 30 minutes, or until golden brown and cheese is melted. Let cool completely, then scoop out cheese over top of the melted cheese. Sprinkle peanut oil over the cheese and sprinkle with pepper. To top each serving, pour peanut butter on top of peanut oil. Bake for 1 minute longer or until heated through, stirring",finetuned_top_k
71,Seafood Boil,"salt to taste 1 (2.5 ounce) jar liquid shellfish boil 3 pounds kielbasa sausage, cut into 1 inch pieces 5 pounds new red potatoes 4 lemons, halved 1 tablespoon diced green chile pepper, or to taste 12 ears fresh corn 10 pounds medium shrimp - peeled and deveined 12 blue crabs, cleaned","Use a very large pot (we use a 40 quart pot), fill it half full with water; bring water to a full boil. Add salt, shellfish boil, sausage, and potatoes. Let cook until the potatoes are approximately 1/2 completed cooking. Stir in lemons, hot peppers, and corn. Continue boiling until all of the vegetables are tender. Turn off the heat. Mix in shrimp and crab. Cover pot and let sit for 10 to 15 minutes. When shrimp are pink and the crabmeat opaque and flaky, remove all of the vegetables and shellfish from the pot, and drain well. Serve immediately.","Heat the liquid shell fish with a vegetable spray until hot. Drain off the excess. Stir in the potatoes; saute in 1 stick of unsalted butter until well browned. Transfer to a saucepan of simmering water. Add lemons; cook 1 minute or until tender. Add the shrimp and toss to coat. Spoon into boiling sausage and mash evenly with a fork until completely incorporated. Pour into a large saucepan or stockpot set over medium heat. Reduce heat and cook over medium high heat, stirring occasionally, until the meat is just wilted and caramelized on top, 3 to 5 minutes. Spoon remaining cheese cheese over the mushrooms, turning occasionally, and stir occasionally. Cover and simmer for approximately 20 minutes, or until vegetables are tender, stirring, 15 to 20 minutes more.",finetuned_top_k
72,Cheese Krispies,1 c. margarine 8 oz. pkg. Kraft grated Cheddar cheese 2 c. flour (all-purpose) salt red pepper Tabasco sauce 2 c. Rice Krispies,"Melt margarine, then add the cheese. Mix well. Then add the rest of the ingredients, Rice Krispies last. Roll into small balls and flatten. Bake on ungreased cookie sheet for 15 minutes in 350° oven.","Pour margarine over margarine. Mix in the cheese and flour. Make into patties or biscuits. Garnish with crumbled feta cheese, if desired. Refrigerate for 15 minutes. When ready to use, crumble patty.",finetuned_top_k
73,Monica'S Baptist Sangria,"1 (2 liter) bottle lemon-lime flavored carbonated beverage 3 tablespoons lemon iced tea mix 2 oranges, sliced into rounds 1 lemon, sliced into rounds 3 cups ice","Pour the lemon-lime soda into a punch bowl, and stir in the instant iced tea mix. Float the orange and lemon slices in the punch, and add ice. Serve immediately.","Bring a large glass of water to a boil in a large pot. Once the water stops, add the lemongrass and stir to dissolve. Remove and set aside. Add ice to the lemons and chill for about 5 minutes on each side or until firm. Spoon the lemon juice on the chilled lemongre and serve. (Can use orange slices or oranges.)",finetuned_top_k
74,"Roasted Beet, Avocado, and Orange Salad (Vegan, Gluten-Free)","4 Medium-Large Red Or Yellow Beets 1 teaspoon Vegetable Oil 1 Ripe Avocado 2 Oranges 1 Tablespoon Shelled Pistachios 1 teaspoon Minced Tarragon Or Other Herb Of Choice Flaked Sea Salt High-quality, Extra-virgin Olive Oil","Preheat oven to 450 degrees F. Wash beets and remove the greens (but save them for another recipe). Pat dry and place beets on a sheet of foil and rub with vegetable oil. Tightly close the foil packets and roast on a baking sheet for 4560 minutes, or until a fork easily slides into them. Immediately run beets one by one under cool water while rubbing the peels off. The water will make them feel cool enough to handle but be careful as they are still very hot. Set them aside to cool. Cut avocado, orange, and beets into small slices or large rounds, depending on your plating design. Layer beets on plate first to keep them from staining the other ingredients. Layer avocado and orange on top, then sprinkle with pistachios, tarragon, sea salt, and a healthy drizzle of olive oil. Serve immediately at room temperature. If preparing in advance, keep ingredients stored separately until right before serving.","Preheat your oven to 500°. In a medium-size bowl, combine the olive oil, avocados, and pistachios, and mix well. Add the remaining 3 ingredients to the dry ingredients, and stir well. Season with salt and pepper. Transfer the salad to a platter to serve. Cover the dish with a towel. Bake for 45 to 50 minutes, until salad is tender and slightly golden, and cool, flipping once.",finetuned_top_k
75,Pira Caldo,"2 Tablespoons Olive Oil, Or As Needed 1 whole Green Bell Pepper, Cubed 1 bulb Leek, Sliced Into 1/4 Inch Rings 3 stalks Celery, Diced 2 whole Medium Yellow Onions, Diced 2 whole Medium-sized Carrots, Cubed 1/2 cups Snap Peas (optional) 2 Red Chili Peppers, Deseeded To Your Desired Level Of Added Spicy (optional) 1 leaf Bay Leaf 1 pound Surubi Fillets (or Another White River Fish Equivalent, Like Flounder) 1 cup White Wine 1 cup Water, Or More As Needed 1 can (about 13 1/2 Oz. Size) Full-fat Coconut Milk 2 Tablespoons Tomato Paste 3 whole Plum Tomatoes, Peeled And Diced 1 cup Shredded Paraguayan Cheese (or Similar Soft White Cheese Like Mozzarella) 4 sprigs Cilantro, Chopped (optional)","Bring a large stockpot over high heat and add olive oil. Once olive oil is heated, add bell peppers, leeks, celery, onions, carrots, snap peas, chili peppers and bay leaf. Reduce stove to medium-high heat to saute and soften the vegetables for 8-10 minutes. As the vegetables start to sweat, place fillets on top of the vegetables and cover the stockpot. Let sit covered for about 5 minutes, stirring occasionally and ever so delicately to keep vegetables from sticking to bottom. After 5 minutes, the fish will have been steamed and will begin to flake. At this point, pour in white wine to deglaze bottom of pot. Begin to stir around for 1-2 minutes and flake the fish apart. Add water and stir around for another minute. Add coconut milk, tomato paste, and tomatoes (with their juice) to stockpot. Stir around for 1-2 minutes. If all ingredients are not yet submerged in your stockpot or you'd like to make more servings of the soup, add up to another cup of water. Finally, add shredded cheese and cilantro (optional) and turn off heat. Stir thoroughly as cheese melts into soup. Serve hot. Recipe from (translated and adapted by) Tembi'u Paraguay.","Preheat oven to 375 degrees F., or to 375° C. Spray a 9"" x 13"" dish with nonstick cooking spray. Fry the bell peppers in oil until crisp/sweet. Remove from the oil. Sprinkle with the celery, carrots, onion and chili peppers. Heat the remaining 1 tablespoon olive oil in a large frying pan over medium-high heat. Add the onions, leek/vegetables, carrots and bell peppers and cook for about 1 to 2 minutes. Add salt to taste. Saute for a minute. Remove pot from heat and turn to cover. Heat through in a skillet. Add shrimp, the canned water, vinegar, black pepper and spices. Add remaining 1/3 cup tomato paste to pan and continue to cover until slightly thickened. Season",finetuned_top_k
76,Bbq Bacon Burgers,"1/4 cup mayonnaise 1/4 cup barbecue sauce 4 bacon strips, cooked and crumbled 1-1/2 teaspoons dried minced onion 1-1/2 teaspoons steak seasoning 1 pound ground beef 4 slices Swiss cheese 4 hamburger buns, split Lettuce leaves and tomato slices","In a small bowl, combine mayonnaise and barbecue sauce. In another bowl, combine the bacon, 2 tablespoons mayonnaise mixture, onion and steak seasoning; crumble beef over mixture and mix well. Shape into four patties. Grill burgers, covered, over medium heat for 5-7 minutes on each side or until a thermometer reads 160° and juices run clear. Top with cheese. Cover and cook 1-2 minutes longer or until cheese is melted. Spread remaining mayonnaise mixture over cut sides of bun bottoms. Layer with a lettuce, burger and tomato. Replace tops.","Put the bacon strips on a baking sheet. Let them cook on each side for 2 1/2 hours. Drain and pat dry dry. Mix together all the barbecue sauce ingredients and roll each into a ball. Place in a large skillet, add ham and mushrooms. Cover with foil and pour sauce over each bun. Place each serving to let cool on the baking sheet in skillet. Bake in 450 degree oven until burgers come out clean.",finetuned_top_k
77,Applesauce,apples cinnamon popcorn,Peel the apples and put them in a bowl. Then you cook it and you smash. Then you put cinnamon. Then you eat it.,Peel and discard apples.,finetuned_top_k
78,Apple Fritters,"1 c. flour 2 Tbsp. sugar 1 tsp. baking powder 1/4 tsp. salt 1 beaten egg 1/4 c. milk 2 c. finely chopped, peeled apple oil for frying powdered sugar 1 box vanilla pudding (3 oz.) 1 c. milk 3/4 c. oleo 1 can pineapple pie filler 3/4 c. sugar 1 pkg. coconut",Mix and cook together the pudding and milk. Cream for 20 minutes: oleo and sugar. Add to pudding mixture and pour on cake. Spread one can pineapple pie filler on top. Sprinkle coconut on cookie sheet and toast in oven until browned. Sprinkle on top. Refrigerate.,"Mix flour and sugar. Add eggs, milk, oil and pudding. Add all ingredients except pudding. Dip 3/8 in melted coconut; dip 1/2 of batter into filling; dip remainder of filling into filling.",finetuned_top_k
79,Watermelon Salad With Kumquat Dressing,"1 cup water 12 cup sugar 1 tablespoon fresh ginger, finely chopped 4 kumquats 14 cup sour cream 2 bunches arugula, stemmed 1 tablespoon extra virgin olive oil 1 tablespoon fresh lemon juice 2 cups watermelon, seeded and balled 2 cups yellow watermelon, seeded and balled","Combine the water, sugar and ginger in a saucepan and bring to a boil over high heat. Add the kumquats and boil until tender, about 5 minutes. Remove the pan from the heat, remove and reserve the kumquats from the syrup with a slotted spoon. Let cool completely. Cut the kumquats in half and remove the seeds. Finely chop the kumquats. Whisk enough of the kumquat syrup (2 to 3 tablespoons) into the sour cream to obtain a pourable sauce. Whisk in kumquats and salt and pepper to taste. (You probably won't need all of the kumquat). Toss the arugula with the olive oil, lemon juice, and salt and pepper to taste. Mound the arugula in the center of 4 salad plates. Arrange the melon balls around the arugula, alternating red and yellow. Drizzle the kumquat cream over the melons and greens and serve at once.","In a medium or large bowl, whisk the water, sugar and ginger until well combined in a blender. Add the kum: ginger, kum quats and sour cream in a separate bowl. Divide the bowl evenly between 2 plates and scoop out and discard any excess water. In a small bowl, combine the currant, kalamata olives, watermelon and yellow watermelts until well blended and the mixture resembles coarse rice. Spoon the kalamatta in a salad bowl. Combine the dressing and the sour cream and toss on the top of the kale salad until lightly thickened (about 30 minutes). Serve immediately with the kamquats.",finetuned_top_k
80,Homemade Mayonnaise,"3 egg yolks 2 c. vegetable oil 1/2 tsp. dry mustard dash of white pepper salt to taste juice of 1 to 1 1/2 lemons, strained","Beat egg yolks until they're lighter in color and the consistency of runny mayonnaise. Add mustard, pepper and salt; beat in well. Now start adding the oil about 1/2 teaspoon at a time, beating constantly at medium speed until 1/2 cup has been added. At this point you can stop beating for a few minutes. If you stop before that it will separate. Now add the remaining 1 1/2 cups of oil the same way, in small amounts beating constantly until all the oil has been added. I wait until it's finished to add the lemon juice then you can adjust to your own taste. Just beat enough to mix after adding lemon juice; I also add a little more salt usually to bring out the flavor.",Add yolk mixture. Saute until golden brown. Remove when it's time to cool; remove yolk and oil. Add mayonnaise to yolk mixture. Mix well and let cool. Chill for 1 hour. Store in airtight container.,finetuned_top_k
81,Springerle,"2 eggs 1 cup (225 ml) sugar 2-1/4 cups (525 ml) all-purpose flour milk, as needed Anise seed","Beat eggs and sugar about 5 minutes or until thick and lemon colored. Mix in flour. If dough is dry, stir 3 tbsp (45 ml) milk, 1 tbsp (15 ml) at a time, into mixture. Cover; chill at least 2 hours. Roll dough 1/8 inch thick on lightly floured board. Press well-floured springerle form over dough to emboss designs. Cut out cookies and place on cookie sheet liberally sprinkled with anise seed; let dry at least 10 hours. Heat oven to 325 degrees (175 C.). Place cookies 1/2 inch apart on ungreased baking sheet. Bake 12 to 15 minutes or until light brown. Immediately remove from baking sheet.","Preheat oven to 350 F (252 C). In a bowl, together flour, shortening and sifted milk until blended. Put eggs into the egg mixture in a bowl. Blend all of the ingredients thoroughly, and beat until fluffy. Spoon batter into an 11 x 5"" pan. Bake for approximately 30 minutes to 1 hour each side or until a toothpick inserted in center comes out clean. Spread onto rack in prepared pan.",finetuned_top_k
82,Mixed-Nut Spiced Toffee,"1 1/4 cups (2 1/2 sticks) unsalted butter 1 cup sugar 1/2 cup (packed) golden brown sugar 1/3 cup water 1 tablespoon mild-flavored (light) molasses 1/2 teaspoon salt 1/4 teaspoon ground allspice 2 cups coarsely chopped toasted mixed nuts (such as cashews, almonds, and pistachios) 5 ounces bittersweet (not unsweetened) or semisweet chocolate, coarsely chopped","Butter small rimmed baking sheet. Melt butter in heavy medium saucepan over low heat. Add next 6 ingredients; stir until sugars dissolve. Attach clip-on candy thermometer to pan. Increase heat to medium; boil until thermometer registers 290F, stirring slowly but constantly and scraping bottom of pan with wooden spatula, about 20 minutes. Remove pan from heat. Mix in 1 1/2 cups nuts. Immediately pour candy onto sheet. Spread toffee to 1/4-inch thickness. Immediately sprinkle chocolate atop toffee. Let stand 1 minute. Using back of spoon, spread chocolate over toffee. Sprinkle with 1/2 cup nuts. Chill 1 hour. Break toffee into pieces. (Can be made 2 weeks ahead. Chill in airtight container. Let stand at room temperature at least 30 minutes and up to 1 hour before serving.)","Preheat oven to 450 degrees F. Line a candy cupcake cup with foil and press firmly onto surface of cup. Melt shortening in a nonstick skillet over nonstick medium heat. Add butter and stir until no one is touching, about 2 minutes. Add sugar, molasses, and salt, stir until sugar dissolves. Add water and stir by hand, scraping the sides of the bowl occasionally with a fork. Pour liquid evenly over cupcakes. Bake, uncovered at 450 degrees for 25 to 30 minutes or until center is set and tops are set and cups are lightly golden brown. Remove from oven and cool completely.",finetuned_top_k
83,Mock Reuben Sandwiches,bread slices Underwood deviled ham Swiss cheese sauerkraut Thousand Island dressing,Spread ham thick on bread. Layer Swiss cheese and sauerkraut. Top with Thousand Island dressing. Spread outside of bread with butter and grill as you would grilled cheese.,"In a medium bowl mix bread, ham, Swiss cheese, sauolk and the mustard. Spread out half of cheese and half of sauek. Cut between 2 skewers. Roll each bread slice and tie loosely. Bake at 450° for about 20 minutes.",finetuned_top_k
84,Vampire Kiss Martini,"1 part vodka, chilled 1 part Champagne 1 part Chambord Garnish with wax teeth/candy corn/blood orange slice","Pour vodka in a martini glass, top with Champagne and pour a little of the Chambord over the back of a spoon to make it float.","Wash marinias, remove from marinade and rinse marinating maroons with cold water. Drain marinara. Melt vodka, Champagne, corn/ blood orange and chambord and whisk. Serve as garnish by slicing the cake into bite-sized bits.",finetuned_top_k
85,Coconut-Buttermilk Pie,1 1/4 c. sugar 3 eggs 1/4 stick butter or margarine 1/2 tsp. vanilla 1 c. coconut 1 unbaked 9-inch pie shell,Mix all ingredients and pour into pie shell. Bake at 350° until done.,"In a small bowl, mix all ingredients together. Bake in a 375° oven about 10 minutes. Can be served chilled.",finetuned_top_k
86,sugar paste,3 cup sugar 1/2 cup starch 1/2 cup corn syrup 2 tbsp water 1 food colour,add all ingredients together to form a paste sprinkke the table and everything the paste touches with starch so it doesn't stick colour it and perform with it any shape you want. use it to decorate cakes,Put the sugars in a saucepan. Cook over low heat for 30 mins. Then add 1/3 cup water to the saucepan and bring to a rapid simmer. Cook on low for 5 mins. Remove from heat and add fruit and the remaining sugars. Reduce the heat and simmer for about 10 mins. Stir in the food colour. The mixture will be light and fluffy. Bring to a quick boil then lower heat and keep hot for 2 mins. Serve with crackers.,finetuned_top_k
87,Blueberry Muffins,1/2 c. butter 1 c. sugar 2 eggs 2 c. flour 1/2 tsp. salt 2 tsp. baking powder 1/2 c. milk 2 c. blueberries,"Cream butter and sugar. Beat in eggs, one at a time. Add sifted dry ingredients alternately with milk. Stir in berries. Grease muffin tins and surface of pan. Pile mixture high in cups. Bake 30 minutes at 375°. Yield: 12 muffins.","Melt butter and sugar. Beat eggs and add melted butter. Beat in flour, salt and baking powder. Add milk and cook until thick. Add blueberry mixture. Cook until smooth and creamy.",finetuned_top_k
88,Oysters Oceania,"12 oysters, on the shell, loosened 6 slices prosciutto, halved lengthways 6 teaspoons Worcestershire sauce 3 tablespoons greshly grated parmesan cheese 1 tomatoes, peeled and de-seeded, diced fine 1 lemon fresh snipped chives (to garnish)","Remove oyster from shell, wrap in a half slice of prosciutto; return to shell. Top each oyster with half a teaspoon of Worcestershire sauce and a teaspoon of Parmesan. Place under the griller (broiler) and cook for 2-3 minutes or until cheese has browned a little and prosciutto and oyster just heated through. Remove from the griller (broiler) and top the hot oysters with a teaspoon of diced tomato, a squeeze of lemon juice and a sprinkling of snipped chives. SERVE AT ONCE (that's an instruction for Peter J who says many of JanRoundOz's recipes finish that way ;-).","In a microwave safe glass, combine oysters and prosciuts. Microwave until lightly browned on high heat, 10 minutes. (You may need to add more water if needed.) Microwaves about 1 30 seconds longer. While oysters are stirring, combine the prosciucitre with the Worcesterhire sauce, cheese, tomatoes, lemon and chives. Micoliter over medium heat, stirring every 5 minutes until melted (about 8 minutes). Remove from heat and stir for 1 minute. Serve immediately or refrigerate at room temperature until served.",finetuned_top_k
89,Quail Roasted In Vine Leaves,"12 large vine leaves 12 quail, about 1/4 pound each Salt to taste if desired Freshly ground pepper to taste 12 thin slices salt fatback, each measuring 2 1/2 by 4 inches 6 tablespoons butter 2 tablespoons Cognac","Preheat oven to 450 degrees. If vine leaves have been packed in brine, drain. Add to basin of salt water, rinse, pat dry. Sprinkle quail inside and out with salt and pepper. Truss and cover each with vine leaf. Cover with rectangle of fatback. Tie with string. Using 4 tablespoons of butter, grease 2 skillets and arrange half of quail, breast side up, in each. Quail should not be too close. Bake in oven 10 minutes. Turn on sides and bake about 3 minutes. Turn to other side and bake 3 to 5 minutes. Transfer quail to other skillet and pour fat from empty one. Add 1/2 of Cognac and stir to dissolve particles. Add 1/2 of broth and cook 5 minutes. Transfer quail to skillet containing broth. Pour fat from second skillet. Repeat with remaining Cognac and broth. Pour sauce on quail. Remove string and fatback, or broil until fatback is crisp. Heat remaining 2 tablespoons of butter in skillet and when it is hazelnut brown pour it over quail. Serve hot with wild rice or on toast.","Preheat oven to 425°. Cut vine leaves in small log sizes (about 1 1/8 x 1 1 1 to 2 inches). Squeeze the stems off of quail. Remove quail from stem; reserve moisture. Add salt, pepper, butter, and cognac; mix well. Season to taste with salt fat, if desired. Put remaining 1/3 cup quail leaves in a shallow baking dish and cover with foil (see Note). Bake at 425° for 1 hour 30 minutes or until quail flakes easily with a fork. Drain and serve immediately.",finetuned_top_k
90,Easy Danish,"1 1/2 cups butter, softened 2 cups flour water 2 1/2 teaspoons almond extract 3 eggs 3 cups powdered sugar 1 1/2 teaspoons vanilla extract walnuts, chopped or almonds, sliced","1st Part: Cut 1/2 cup butter into 1 cup flour. Sprinkle water over mixture and mix until it's moist enough to round into a ball. Divide in half. On ungreased baking sheet, pat each half into a strip that is roughly 12x3 inches, with strips about 3"" apart. 2nd Part: Heat 1/2 cup butter and 1 cup water to a rolling boil. Turn heat to lowest setting and quickly stir in 1 t. almond extract and 1 cup flour. Stir vigorously over low heat until mixture forms a ball, about 1 minute. Remove from heat. Beat in eggs, all at once, until smooth and glossy. Divide in half. Spread evenly over strips. Bake 60 minutes or until topping is crisp and brown. Frost with Sugar Glaze (see below) and sprinkle with nuts. Sugar Glaze: Mix 3 cups powdered sugar, 4 T. butter, 1.5 t. vanilla, 1.5 t. almond extract, and 2-4 T. warm water until smooth and of spreading consistency. If you are topping with walnuts instead of almonds, use less almond extract or none at all and just use vanilla extract. Recipe can be made into individual puffs by patting dough into 3"" circles, using a rounded tsp for each puff. Spread rounded tablespoon of batter (2nd part) over each circle, extending it just beyond the edge of the circle. Bake 30 minutes and frost.","Heat oven to 300. Butter about medium sized pans. Add flour, water, almond extract, and eggs. Mix well. Add powdered sugar and vanilla. Mix but for mixing. Pour into 9 x 13 baking dish. In mixing bowl, stir together walnuts. Pour walnuts mixture over crust. Top with almonds. Bake at 300 degrees for 45 to 50 minutes. Serve with ice cream if desired.",finetuned_top_k
91,Easy Philly Cheesesteaks Recipe,"1 (12-ounce) boneless rib-eye steak, chilled in the freezer for 45 minutes 2 tablespoons vegetable oil 1 medium bell pepper, cored, seeded, and thinly sliced (optional) 1/2 medium yellow onion, thinly sliced Kosher salt Freshly ground black pepper 8 ounces white button mushrooms, stems trimmed and thinly sliced (optional) 4 ounces provolone cheese, thinly sliced 2 hoagie rolls, split horizontally and toasted","Trim off any excess fat from the steak and cut it against the grain into very thin slices; set aside. Heat the oil in a large frying pan over medium-high heat until shimmering. Add the bell pepper, if using, and the onion. Season with salt and pepper and cook, stirring occasionally, until softened and starting to brown, about 5 minutes. If youre using the mushrooms, push the peppers and onions to one side, add the mushrooms to the pan, and cook, stirring rarely, until browned, about 7 to 10 minutes. Stir to combine with the peppers and onions. Push all of the vegetables to one side of the pan, add the sliced steak in a single layer, and season with salt and pepper. Cook, stirring occasionally, until the meat is no longer pink, about 3 minutes. Reduce the heat to low. Divide the steak into 2 piles roughly the size of the hoagie rolls. Place half of the vegetables on top of each steak portion. Lay half of the cheese over each portion of steak and vegetables. Cover the pan with a tightfitting lid and let cook undisturbed until the cheese has melted, about 3 to 4 minutes. Using a flat spatula, scoop each pile into a roll and serve immediately.","Combine all ingredients in a large bowl. Sprinkle cheese on top. Bake at 425° for 30 minutes, or until bubbly. Serve immediately.",finetuned_top_k
92,Refrigerator Pickles,2 qt. dill pickles (store bought) 2 1/3 c. cider vinegar 4 cloves garlic (optional) 2 Tbsp. whole allspice 1 Tbsp. whole black pepper 4 c. white sugar 1 c. light brown sugar,"Drain pickles. Make syrup of vinegar, spices and sugars. Bring to a boil and simmer about 5 minutes. Add pickles and allow to come to a boil. Let stand 24 hours before putting in jars. Keep in refrigerator.","Mix together with cucumbers, vinegar and garlic; chill.",finetuned_top_k
93,Rye Bread Bowl,1 pt. sour cream 1 pt. Hellmann's mayonnaise 2 tsp. dill weed 2 tsp. Bon Appetit or celery salt 2 Tbsp. dried minced onions 2 Tbsp. dried parsley 1 (12 oz.) can corned beef 2 loaves round unsliced rye bread,Mix all ingredients together except the corned beef. Break up corned beef very small and add to mixture.,Mix together sour cream and 1 tsp. mayonna mix well. Make sure all dry ingredients are well seasoned. Mix all dry together. Add mustard and onion to sour cream mixture. Mix onion and mayonna with 3 Tbs. chopped fresh bread. Cover with a cover of rye bread. Bake at 350° for 45 minutes.,finetuned_top_k
94,Chicken And Apple Burgers,"1 lb skinless chicken breast fillets, roughly chopped 1 tbsp Dijon mustard 2 tsp honey 1 None apple, peeled, chopped None None all-purpose flour, to coat 2 tbsp olive oil 4 None burger buns, halved, toasted None None shredded carrots, radicchio, endive, mayonnaise and French fries, to serve","In a food processor, combine chicken, mustard and honey. Season. Puree until almost smooth. Transfer to a mixing bowl and add chopped apple. Shape into 4 burgers. Lightly coat burgers in flour. Saute in oil for 6-7 mins per side, until golden and cooked through. Sandwich burgers in toasted buns with vegetables and mayonnaise. Serve with French fries.","Combine chicken, mustard, honey and apple in food processor over low-powered heat until smooth. Add all of the dough ingredients and process until combined. Use a meat thermometer to measure 1/2 teaspoon of the dryness of the meat mixture. Transfer to a large baking dish coated with cooking spray. Bake uncovered at 350 for 30-35 min or until done. (Or you can add more oil in batches and bake for 5-10 min.). Remove meat from pan and reduce heat. Serve.",finetuned_top_k
95,Apple Dumplings,"1 c. sugar 1 c. water 1/2 tsp. cinnamon 2 drops of red food coloring 2 Tbsp. butter 2 c. flour 2 tsp. baking powder 1/2 tsp. salt 2/3 c. shortening 1/2 c. milk 6 apples, pared and cored","Heat the first 4 ingredients to boiling point; add butter. Sift flour, baking powder and salt together. Cut in shortening; add milk all at once. Stir until flour is moistened. Roll 1/4-inch thick; cut in 6-inch squares. Place an apple on each square; season with sugar, cinnamon and butter. Moisten the edges; fold corners to middle and pinch together. Place dumplings 1 inch apart in baking dish. Pour syrup over them and bake about 35 minutes at 375°. Place cinnamon candy or cube of red jelly on top of each one. Serve with milk or cream.","Mix together sugar and water and stir in cinnamon. Let stand at room temperature in medium saucepan until sugar syrup is dissolved, about 15 minutes.",finetuned_top_k
96,Broccoli Casserole,"2 pkg. chopped broccoli 1 can cream of mushroom soup 1 c. shredded Cheddar cheese 2 eggs, beaten pinch of salt 1 c. mayonnaise 1 sleeve Ritz crackers",Cook and drain broccoli (not completely). Mix next 6 ingredients together. Lay broccoli in bottom of a 9 x 13-inch pan and pour mixture over broccoli. Cover top with crumbled crackers and bake at 350° for 45 minutes.,Cover baking dish with cracked cheese. Spoon 1/4 cup broccoli mixture onto top. Arrange cracker crumbs in serving bowl. Cover with cracked broccoli mixture. Bake in 350° oven for about 40 minutes or until tender. Makes 4 servings.,finetuned_top_k
97,Chocolate Sauce,1/2 cup butter or 1/2 cup margarine 4 ounces unsweetened chocolate 3 cups sugar 1/2 teaspoon salt 1 (13 ounce) can evaporated milk,"Melt butter and chocolate in top of double boiler; stir in remaining ingredients. Cook, stirring constantly, until sugar is dissolved and sauce is smooth. Serve warm or cold over ice cream.","Melt butter in heavy skillet. Add chocolate, sugar, salt and milk. Cook over medium heat until blended. Pour into bottom of pan and cook until hot all of 8 to 9 minutes, stirring frequently. Repeat this process for all mixture.",finetuned_top_k
98,Christmas Smell,lime orange lemon 6 cloves 1 large cinnamon stick 1 tsp. nutmeg,"Cut all ingredients up fine; add 2 cups of water and let simmer in a coffeepot or saucepan. When water evaporates, add more.","Mix ingredients. Mix nuts, cinnamon stick and nutmeg into mix. Stir until well incorporated. Divide mixture in half. Spoon into greased foil and chill until ready to use.",finetuned_top_k
99,Spanish Tarragon Chicken,"1 tablespoon olive oil 1 kg chicken 225 g sliced ham 2 sliced onions 2 stalks celery, diced 3 carrots, diced 1 1/2 cups chicken stock 1 tablespoon chopped fresh tarragon 2 tablespoons butter 2 tablespoons all-purpose flour","Rub oil all over the chicken. Place into a casserole dish. Place uncovered into a preheated (180 degrees c) oven. Bake for 30 minutes. Add the ham, onion, celery, carrots, stock and tarragon. Cover and continue to bake for 1 hour. Remove from oven, strain the broth (keep broth) and carve chicken. Return the chicken to the casserole dish and reserve warm with the vegetables. Heat the butter in a saucepan; stir in the flour and pour in 2 cups of the strained broth. Simmer until sauce thickens; pour over chicken and vegetables. Serve in the casserole dish.","Grease, oil and brown chicken in a large frying pan. In a separate pan, combine chicken stock and tarrabdle in several batches. Combine mustard, flour and eggs with reserved chicken stock. Using a slotted spoon, add pan juices. Add chicken stock mixture to pan juices and bring to a boil. Reduce heat to medium-low and simmer until chicken mixture thickens, 4 to 5 hours, or until reduced by half.",finetuned_top_k
100,15 Minute Super Sundae Pie,2 pt. softened vanilla ice cream ready made graham cracker crust 1 jar strawberry topping chocolate syrup whipped cream maraschino cherries,"Spoon ice cream into crust. Place in freezer with plastic lid inverted on top of ice cream. Remove from freezer when hard. Spoon jar of strawberry topping onto pie. Cut and place on plate. Garnish with chocolate syrup, whipped cream and cherry.","Pour vanilla into large saucepan and stir until melted. Add strawberries. Pour into pie shell. Pour the custard mixture into a glass or metal spoon, seal and toss with chocolate syrup. Cover and refrigerate 3 hours until set.",finetuned_top_k
101,Sausage Balls,1 pkg. sausage 1/2 c. biscuit mix 1 c. shredded Colby cheese 1/2 c. beer,Heat oven to 375°. Mix all ingredients in a bowl. Form into one-inch balls. Place on an ungreased cookie sheet. Bake at 375° for 20 minutes or until brown and sausage is well done. Serve warm.,"Mix sausage, biscuits and colby. Chill. Refrigerate before using.",finetuned_top_k
102,Pecan Sandies,1 c. margarine 2 tsp. water 2 c. sifted flour 1/3 c. sugar 2 tsp. vanilla 1 c. chopped pecans,Cream together margarine and sugar. Add vanilla and water. Mix well. Blend flour and nuts in liquid mixture. Chill for 4 hours. Shape into fingers. Bake on ungreased cookie sheet at 325° for 20 minutes. Remove from pan and cool slightly. Roll in confectioners sugar.,"Combine margarine and water in bowl. Beat over medium heat until blended. Add flour, sugar and vanilla. Cook over medium-high heat 4 to 5 minutes or until mixture resembles coarse meal. Turn off heat. Spoon mixture into a 9 x 13-inch pie plate or with baking paper. Bake at 375° for 1 hour.",finetuned_top_k
103,Pistachio Pudding Cake,1 pkg. pistachio instant pudding and pie filling 1 pkg. yellow cake mix 4 eggs 1/4 c. oil 1/2 tsp. almond extract 1 1/4 c. water 7 drops green food coloring,"Combine all ingredients in large mixer bowl. Blend, then beat at medium speed of electric mixer for 2 minutes. Pour into greased and floured 10-inch tube or Bundt pan. Bake at 350° for 50 to 55 minutes or until cake springs back when lightly pressed. Cool in pan for 15 minutes. Remove from pan; finish cooling on rack. (Good for St. Patrick's Day.)",Spread pudding mixture and mix in electric blender. Refrigerate at least 15 minutes to soften. Add ice; mix well. Spread in cookie sheets. Bake at 350° for 25 to 30 minutes.,finetuned_top_k
104,Crispy Saffron Rice (Tahdig),"1-1/2 cup Basmati Rice 3 quarts Water, Plus Salted Water For Soaking Rice 4 whole Threads Saffron, Divided 2 Tablespoons Salted Butter, Divided","1. Soak rice in salted water for 1 hour. 2. Bring the 3 quarts of water to boil in a large pot. Add rice and cook for 10 minutes. 3. Meanwhile, grind 2 threads of saffron and melt 1 tablespoon of butter. Combine the two and whisk until the butter takes on a rich orange hue. 4. Drain rice well. 5. Coat the bottom of the pot with the butter-saffron mixture, making sure to coat 1 inch up along the side of the pot. 6. Return rice to pot, forming a pyramid shape where the rice only touches at the bottom of the pot. 7. Cover the pot with a tight fitting lid and a few paper towels between the pot and lid (so the heat can't escape). 8. Cook on medium-low for 20 minutes. 9. Remove lid and scoop out rice into a bowl (leaving the crust untouched). Allow the crispy rice to cook until it is firm but not hard. 10. Meanwhile, melt the remaining butter and ground saffron, creating the same mixture you made in step earlier. Add in 1 cup of cooked rice and stir well until the rice takes on the deep yellow coloring of the saffron. 11. Top your white basmati rice with the yellow saffron rice. 12. When the crispy rice is ready, dip the bottom of the pot into cold water (in your sink will do). This will allow the crispy crust to separate from the pot quickly. 13. Tip the pot over into a large dish. Serve with or without your fluffy rice.","Heat the rice in 3 or 4 saucepan and cover, let simmer, for 35 minutes. Drain on paper towels. Add enough water to cover rice to prevent dripping. Add half of the dry rice and stir to combine. Stir in 2 quarts water. Stir half of water into rice mixture then allow stir to keep liquid. Sprinkle salt on both sides of the rice. Top with half of half rest and the remaining 1/2 quarts rice. Bake in 450 degree oven for 35 to 40 minutes, turning occasionally. I like to serve a few more glasses of this with the rice but with an added teaspoon or two or three small drops from the top of the pan so it is not overly warm.",finetuned_top_k
105,Homemade Macaroni And Cheese,1 lb. pkg. macaroni noodles 1 lb. chopped hoop cheese 2 Tbsp. butter,Cook macaroni until tender. Season to taste. Drain off liquid. Add butter and chopped hoop cheese. Mix and cover until cheese is melted. Serve.,Mix noodles with butter. Cook at 350° until macaronies are set. Drain noodles. Melt butter in skillet. Cook over medium heat to soft-boil. Boil 2 minutes. Stir in noodles.,finetuned_top_k
106,No Salt Seasoning (Low Salt),5 tsp. onion powder 1 Tbsp. garlic powder 1 Tbsp. paprika 1 Tbsp. dry mustard 1 tsp. dried thyme 1/2 tsp. pepper 1/2 tsp. celery seed,"Combine all ingredients in a small jar with a shaker top. Use for seasoning broiled fish, poultry, cooked vegetables, soups or stews. Or, place it on the table to be used individually.","Saute onion powder and garlic in a saucepan over medium heat until a deep bubbling starts, stirring constantly. Remove from heat; add paprika, thyme, 1/3 of its ingredients, celery (skeletal), herb, and pepper. Stir 1 minute; mix well. Stir in remaining ingredients. Drizzle chili sauce over hot peppers until hot mixture coats both hands. Allow to stand 3 minutes.",finetuned_top_k
107,Gluten Free Basil and Cayenne Grilled Chicken Pizza,"1 packages Udi's gluten free thin and crispy pizza shells 4 1/2 oz boneless skinless chicken breast grill it 2 tsp pepper, cayenne, and basil leaves 1 1/4 cup gluten free Organicville Tomato and Basil sauce 4 slice Andrew and Everetts Gluten free mozzarella cheese","pre heat oven to 375 grill chicken add sauce to crust. spread evenly take cheese, use 2 full slices for middle of pizza. then split the other 2 pieces long ways for the sides of crust. spread chicken on pizza add veggies ( optional ) cook for 5-7 minutes or until done","1. In a large pot combine 2 1/3 cups chicken bouillon with water. Bring to a boil add 1/30 cup salad dressing, 1 1 1-1/2 cup diced feta cheese, 1 tablespoon olive oil 1/8 cup sliced Parmesan cheese, and 1/6 cup minced cilantro Kosher salt and pepper 4 medium pizza slices salt, pepper, and garlic powder 1/16 cup chopped chopped fresh basil (if you like it extra hard) 1 c. cooked cooked chicken, toasted and boned 2 cups cooked chicken chunks 1/1 cup sliced fresh cilantro, chopped 1 c cooked red onion, halved 4 slices parmesan cheese, or any of the following: 1/15 cup chopped fresh cheddar cheese
For a quick dipping sauce you",finetuned_top_k
108,Scotch Shortbread,"4 c. flour, sifted 4 times 1 lb. butter, softened and worked into flour 1 tsp. baking powder 1/4 tsp. salt 1 c. sugar",Combine. Bake in oven at 350° in long oblong pan. Do not grease pan. Go around edges with a fork and stick the fork in places on top of shortbread. Cut into slices while still warm.,"Combine all ingredients and mix well. Spoon into unbaked, greased 13 x 9 x 2-inch loaf pan. Makes 4 cups.",finetuned_top_k
109,Pesto-Ish Basil/Cheese Sauce (Extremely Low-Fat!),"1 cup nonfat cottage cheese 12 cup yogurt cheese (preferably made from nonfat yogurt) 12 cup fresh basil 3 garlic cloves 13 cup parmesan cheese (grated, fresh, of the highest quality)","Process the basil and garlic in a food processor for a minute or two. Add remaining ingredients and process until smooth. This might take a couple of minutes; you need to get all the lumps out of the cottage cheese. Enjoy over pasta or veggies, or use a half cup of this with a 15-oz. can of chickpeas, 2 tablespoons of tahini, and a tablespoon of lemon juice to make a yummy pesto hummus.","Melt the pasta and then combine the cottage cheese, yogurt, basil, garlic, and parmesant cheese in a large microwavable dish. Stir and microwave for 20-30 seconds before serving. Mix spinach, basil and garlic with parmesante cheese and fold in. Top with remaining spinach and spinach drippings (more or less), then toss to combine.",finetuned_top_k
110,Nalysnyky (Ukrainian Crepes),"crepe 4 large eggs 1 cup whole milk, homogenized 6 tablespoons cold water 1 cup all-purpose flour 1/2 teaspoon salt cheese filling 2 cups cottage cheese 2 large egg yolks 2 tablespoons whipping cream 1/4 teaspoon salt 1 teaspoon chopped fresh dill weed or 1/2 teaspoon dried dill weed 1/8 cup butter (for frying) 1/4 cup butter, for dotting","TO MAKE CREPES. In a bowl, using a hand held electric mixer, beat eggs until light and fluffy. Add milk, water, flour and salt and beat until all ingredients are incorporated and batter is smooth. Heat a 6 inch frying pan on medium heat. Butter the pan lightly and pour about 1/4 cup of batter into the pan, swirling the pan until the batter spreads evenly in the pan. Cook crepes on medium heat for about 1 minute or until lightly browned. Bake on 1 side only, do not turn over. Continue to cook the crepes, buttering the frying pan each time. Place the cooked crepes on a platter and keep warm in the oven at 250°F. TO MAKE CHEESE FILLING. Place the cottage cheese in a cheese cloth and squeeze out as much moisture as possible. Transfer the cheese to a mixing bowl. Add egg yolks, cream salt, and dill weed and mix to blend well. Remove warmed crepes from the oven and increase oven temperature to 350°F. Separate and place 1 crepe with the brown side down on a smooth surface. Spoon about 1 heaping tablespoon of cheese filling near one edge of the crepe. Start rolling the crepe over the filling, tuck in each side to prevent the filling from falling out, and continue to roll. Continue to fill and roll the remaining crepes. Place the finished nalysnyky into a lightly buttered 13 inch by 9 inch oven proof casserole dish in layers. Dot each layer with some butter. Bake in preheated 350 F oven for 20 minutes. Serve hot with melted butter, a dollop of sour cream or yogurt.","Place crepe mixture in bowl; in a small bowl, beat eggs until blended. Gradually scrape egg yolk mixture from crepe. Add eggs; beat on high speed until beat is just smooth and the yolked mixture is incorporated. Place cheese filling, cream, and dill around yolk, scraping around the base as if into a square. Gently fold in half. Sprinkle over crepe filling. Cover with waxed paper and refrigerate (about 7 hours). Bake at 375 degrees for 25 minutes, until golden brown. Makes 6 total servings.",finetuned_top_k
111,Orange Jam,4 oranges 1 lemon 4 cups water 3 sugar,"Wash fruit well, cut in half and remove seeds. Cut into small pieces. Add water and let stand for 24 hours. Weigh the mixture on a scale and ready as much sugar on the side. Cook mixture for 30 minutes. Add sugar. Keep cooking and stirring until mixtures drips of ladle in wide, heavy drops. Remove foam. (I put the foam into a seperate bowl and eat it after it has cooled down. Delicious!) Fill into glasses (preheat or put spoon into glass to avoid cracking) and close airtight immediately.","Cut oranges and lemon into small pieces and add the water, sugar and orange juice. Pour into ice and beat until soft. Serve warm with mashed potatoes, potato chips or cranberry sauce.",finetuned_top_k
112,Tempura-Fried Green Beans With Mustard Dipping Sauce,"4 egg whites 3 cups flour 2 3/4 cups club soda About 6 cups canola oil, for frying 1/4 cup Dijon mustard 2 tablespoons honey 2 teaspoons light soy sauce 1 teaspoon hot sauce 1 pound green beans, trimmed Kosher salt","In a large bowl, whisk the egg whites until soft peaks form. Whisk in the flour and club soda. Place the batter in the refrigerator until ready to use. Pour the oil into a large pot so that it is at least a few inches deep. Heat to 350 degrees over a medium-high flame. Meanwhile, combine the mustard, honey and soy and hot sauces in a small saucepan and set over medium heat, stirring occasionally, until warm and thick, about 5 minutes. Set aside. Dip the trimmed beans into the batter, letting the excess run off. (A slotted spoon or spider is useful here.) Carefully lower them into the hot oil in small batches, so that they do not stick together. Fry until the batter is golden brown and the beans are bright green, about 3 minutes. Remove with a slotted spoon and place on a paper-lined plate. Season with salt. Repeat until the beans are finished. Serve with a bowl of dipping sauce.","Preheat oven to 350F. For frying the egg whites: Combine flour, club soda, oil, mustard, honey, soy sauce, hot sauce, honey and soy sauce in a large bowl; stir until well blended. Heat to boiling; toss with cooking spray. Place 1/2 cup flour mixture on a baking sheet; sprinkle with mustard. Bake until brown and knife inserted into middle comes out clean, 25 to 35 minutes. Remove from oven, and cool to room temperature. Meanwhile, in a medium sized heavy skillet over boiling water, combine remaining 4 ingredients except green beans. Bring to a boil; reduce heat and simmer 5 minutes, or until green beans are tender. Serve warm or at room temperature with dipping sauce. Serves 8 to 10, depending on preference.",finetuned_top_k
113,Old Fashioned Ginger Cakes,1/2 cup molasses 1/4 cup butter 2 cups flour 1/2 tablespoon ginger 1 teaspoon baking soda 1/4 cup boiling water 1/2 teaspoon salt 1/2 teaspoon cinnamon,"Preheat oven to 350. Sift together the flour, salt, ginger, and cinnamon. Stir the soda into the molasses. Melt the butter in the boiling water. Turn both wet mixtures into a bowl and stir in the flour mixture. Add more flour if needed, but keep the dough as soft as can be handled. Drop by teaspoonfuls unto an greased cookie sheet. Bake until just turning brown at the edges. This recipe will make about twenty cakes.","In a large bowl, combine molasses, baking soda and ginger. Blend in boiling water and salt until well blended. Stir into cake. Bake in a preheated 400° oven for 20 minutes. Let cool on a wire rack before removing cake",finetuned_top_k
114,Brownies,6 oz. baking chocolate or 3/4 c. cocoa 1/2 tsp. baking soda 2/3 c. oil 1/2 c. boiling water 2 c. sugar 2 eggs 1 1/3 c. flour 1 tsp. vanilla 1/2 tsp. salt,"Melt chocolate using baking chocolate. Mix chocolate or cocoa, baking soda, 1/3 cup oil and water. Stir until thickens. Stir in sugar, eggs and rest of oil until smooth. Add vanilla, flour and salt; blend well. Bake at 350° for 30 to 40 minutes.","Mix all dry ingredients. Make enough flour to make flour. Add oil in hot water and mix well. Mix chocolate until it is quite moist. Stir in sugar and eggs. Fold in vanilla and salt. Form dough into balls. Refrigerate at least 3 hours, or overnight. Put in greased and floured 9 x 13-inch pan and bake at 325° for 10 minutes. Sprinkle with brownies.",finetuned_top_k
115,P Triple B,2 ounces Peach Infused Bulleit Bourbon 1/2 ounce Aperol 1/2 ounce Fresh Squeezed Lemon Juice 3/4 ounce hoppy IPA,"Infuse bourbon: Add 1-2 peaches to 750 ml of bourbon and allow to infused for ~6-10 days. Strain and filter, pressing to extract as much as possible. Optional Final Step: add pectic enzyme and filter through a coffee filter to clarify. Shake peach infused bourbon, Aperol, and lemon juice over ice. Add IPA and stir to combine. Double strain into a coupe glass. Garnish with lemon twist or a peach slice.",Combine all ingredients and make a double boiler. Make all bottles of Guinness in batches for your choice.,finetuned_top_k
116,Canadian Slipper,1 12 ounces amaretto liqueur 12 ounce chocolate-flavored liqueur (such as Godiva) 2 ounces coffee liqueur (such as Kahlua) 2 ounces milk 5 drops vanilla extract whipped cream,"Combine first 5 ingredients in a shaker and shake once. Pour into a highball glass with ice cubes. Top with whipped cream, and serve.","Peel amarellas and chop into small bite-size pieces. Add them to a blender for 4 minutes (mix well). Add the vanilla extract, milk, and whipped cream. Add the mixture just until smooth. Add a dash of a dash more vanilla extract.",finetuned_top_k
117,Cornbread Ring,1 (8 1/2 oz.) pkg. corn mix 2/3 c. biscuit baking mix 2/3 c. milk 1 egg spray-on vegetable coating 3 Tbsp. cornflake crumbs,Mix corn muffin mix and biscuit baking mix in large mixing bowl. Blend in milk and egg. Spray inside of 9 x 2-inch round glass dish and outside of 6-ounce glass cup with spray-on vegetable coating. Cook in oven on full power for 3 to 4 minutes or until toothpick inserted in center comes out clean.,Mix first four ingredients well for 2 hours. Add the egg spray on one side. Coat with the coating and bake at 400° for 40 minutes. Spread with cornflake. Cool on paper towel; cool 5 minutes.,finetuned_top_k
118,London Broil Recipe,"3"" thick sirloin Adolph's tenderizer (plenty on both sides) 1/2 c. cooking sherry 1/4 c. soy sauce 1/4 c. Worcestershire Sprinkle garlic salt",Marinate about 4 hrs. Charcoal broil and spoon remaining sauce on as you cook.,"In a large pot, combine the warm, sherry and soy sauce ingredients. Cover and cook in the preheated 375° oven until thickened to a coarse fine powder, about 15 minutes. In a small bowl, mix the flour and soy. Pour in the flour mixture and stir until combined. Pour the mixture over the sashimi noodles. Serve hot and warm.",finetuned_top_k
119,Fudge Pecan Pie,1 (9-inch) unbaked pie shell 1/2 c. sugar 1/3 c. unsweetened cocoa 1/4 tsp. salt 1 1/4 c. light corn syrup 3 eggs 1 1/2 tsp. vanilla 1 c. chopped pecans 1/2 c. pecan halves,"Combine all ingredients, except pecans. Beat ingredients for 30 seconds. Stir in chopped nuts and pour in the pie shell. Arrange half pecan meats over top. Bake at 350° for 1 hour.","Combine the sugar, cocoa, salt, nutmeg, corn syrup, eggs, vanilla and pecan. Pour on pie shells. Bake at 350° for 20 to 25 minutes or until done, stirring occasionally.",finetuned_top_k
120,Homemade German Butterhours,2 eggs 1/2 cup sugar 1 cup Vegetable-Shortening 1 cup sweet milk 1 oz. yeast dissolved in 1/4 cup lukewarm water and a little sugar 4 cups flour,"Beat eggs; add sugar, shortening, milk and dissolved yeast. Blend thoroughly. Beat in flour. Cover and place in refrigerator overnight. Next morning, roll out using 1/4 of the dough at a time. Spread with melted butter. Add chopped pecans or walnuts if desired. Roll into horns and place on greased baking sheet. Let rise until double in warm place - (about an hour). Bake 400° for 20 minutes until golden brown. Spread with butter frosting.",Beat eggs; add sugar and yeast to eggs together. Fold in remaining ingredients; do not overbeat. Beat well. Mix to combine. Bake at 350° for 45 minutes.,finetuned_top_k
121,Jam Granola,10 cups rolled oats 1 teaspoon salt 1 teaspoon vanilla 1 cup honey 10 ounces jam apricot or any flavor,"Mix together thoroughly in a large bowl, using your hands. Spread this mixture out on a large cookie sheet, and bake at 350 for about a half hour until it's starting to brown, taking it out every five minutes or so to stir it around.","Combine first 4 ingredients in a large microwave-safe bowl. Stir at medium speed until mixture thicken, about 15 seconds. Cook in microwave until thickened, 3 minutes. Divide mixture among 2 large 9-inch unbaked bundt pans. Bake at 400 for 30 minutes or until light and bubbly.",finetuned_top_k
122,Diabetic Shortbread,1/2 lb butter 1/2 cup sugar 1/2 cup rice flour 1 3/4 cups flour,"Cream butter with sugar in mixing bowl til soft and fluffy. Stir in rice flour and all purpose flour until blended. Roll on lightly floured board. Cut into 1 1/2"" rounds. Place on ungreased cookie sheets. Prick with a fork (to form design if desired). Bake 325F 25 mins til golden.","Preheat oven to 350*. Grease or line baking sheets with foil. Grease and line baking sheet with paper towels. Cut butter into coarse crumbs. Beat sugar, flour, rice and flour together in bowl until smooth. Gradually add flour mixture and add eggs. Mix well. Fold in dry ingredients and fold into bowl. Spoon into greased baking sheet. Bake 18 minutes covered for 60 minutes or until light golden brown. Remove from oven.",finetuned_top_k
123,Spaghetti Aglio E Olio,"Kosher salt 1 pound dried spaghetti, such as DeCecco 1/3 cup good olive oil 8 large garlic cloves, cut into thin slivers 1/2 teaspoon crushed red pepper flakes 1/2 cup minced fresh parsley 1 cup freshly grated Parmesan cheese, plus extra for serving","Bring a large pot of water to a boil. Add 2 tablespoons of salt and the pasta and cook according to the directions on the package. Set aside 1 1/2 cups of the pasta cooking water before you drain the pasta. Meanwhile, heat the olive oil over medium heat in a pot large enough to hold the pasta, such as a 12-inch saute pan or a large, shallow pot. Add the garlic and cook for 2 minutes, stirring frequently, until it just begins to turn golden on the edges-don't overcook it! Add the red pepper flakes and cook for 30 seconds more. Carefully add the reserved pasta-cooking water to the garlic and oil and bring to a boil. Lower the heat, add 1 teaspoon of salt, and simmer for about 5 minutes, until the liquid is reduced by about a third. Add the drained pasta to the garlic sauce and toss. Off the heat, add the parsley and Parmesan and toss well. Allow the pasta to rest off the heat for 5 minutes for the sauce to be absorbed. Taste for seasoning and serve warm with extra Parmesan on the side.","Preheat oven to 425 degrees F (175 degrees C). Unroll spaghetti crosswise in a baking dish; set aside. In a large bowl, melt the seasoned spice mixture over the pasta. Stir garlic and 1/4 tsp. pepper into sauce; toss with the parsley. Pour remaining mix over spaghetti. Bake for 40 to 45 minutes or until a knife inserted into the center comes out clean. Place sauce over the top, about 10 to 12 minutes just until hot. Arrange spaghetti with remaining sauce; sprinkle over top.",finetuned_top_k
124,Crab And Broccoli,"1 lb. cooked broccoli 1/2 lb. flaked crab 1 chopped onion 2 Tbsp. lemon juice 1/4 c. chili sauce 1 c. sour cream 1 c. grated Cheddar 1 Tbsp. lemon peel, grated","Drain broccoli and break into chunks. Bake with other ingredients in a shallow, buttered casserole at 350° for 20 minutes.","Broil broccoli, crab and onion in boiling water. Reduce heat. Drain and cut in thin strips. Spread beans on top of beans. Add water; sprinkle with lemon peel. Let rest 10 minutes. Melt cheese in Dutch oven or Dutch oven until sauce is melted. Stir in chili sauce; simmer 5 minutes. Stir and spread beans. Sprinkle other side with cheese. Cook until cheese melts.",finetuned_top_k
125,Tortilla Soup,"3 Tablespoons Oil 2 cups Chopped Onion 2 cups Chopped Carrots 1 cup Chopped Celery 4 cloves Garlic, Finely Chopped 8 cups Chicken Broth 1 can (28 Oz. Can) Crushed Tomatoes 2 cans (4 Oz. Can) Chopped Green Chiles 1-1/2 teaspoon Ground Cumin 1-1/2 teaspoon Chili Powder 1 teaspoon Ground Coriander 1 Tablespoon Kosher Salt 1-1/2 teaspoon Freshly Ground Black Pepper 4 whole Boneless, Skinless Chicken Breasts 3 cups Crushed Tortilla Chips","Heat oil in a large pot or Dutch oven set over medium heat. Add the onions, carrots and celery and cook, stirring frequently, until the onions start to brown. Add the garlic and cook for another 30 seconds. Add the chicken broth, tomatoes, chiles, cumin, chili powder, coriander, salt (depending on the saltiness of the chicken broth) and pepper. Submerge chicken breasts completely in the liquid. Bring the soup to a boil, then lower the heat and simmer, uncovered, for 30 minutes. Remove the chicken and shred with two forks. Add the shredded chicken back to the pot along with the chips and simmer, uncovered, for another 20 minutes. Re-season to taste with salt and pepper. Serve hot with selected garnishes: scallions/chives, shredded cheese, sour cream, salsa, avocado.","In a large pot, add the olive oil and the onions and the carrots, cook, stirring sometimes, until browned, about 5 minutes. Add the celery and carrots and cook, about 3 minutes. Season with salt and pepper and cook in a heavy saucepan over high heat, stirring occasionally, for 1-2 minutes. Stir in the Tomatoes and green chiles. Reduce heat to medium and cook until the vegetables are tender, about 20 minutes. Remove from heat, cover and let marinate in the refrigerator for 30 minutes. In a slow cooker, add both potatoes and the chopped cauliflower and cook 5 minutes, stirring every now and then, or until very tender. Transfer to a bowl and season with salt, pepper, and chile powder.",finetuned_top_k
126,Grandma'S Swedish Pancakes,2 c. flour 2 c. milk 2 Tbsp. sugar 2 eggs,Beat all together with mixer or rotary beater until smooth. Pour into frying pan and cook on one side until bubbly. Then turn and cook until golden brown. Put butter or sugar on; roll up and eat.,"In mixing bowl, cream sugar and milk until smooth. Add eggs. Beat until smooth enough to coat crust. Slice on skewers.",finetuned_top_k
127,Chocolate Double-Nut Butter,"2 cups walnuts, toasted 1 cup almonds, toasted 1 1/2 cups semisweet chocolate chips (about 10 ounces) 2 teaspoons salt Toasted white bread and honey, for serving","In a food processor, grind the nuts until they start to turn into a paste, about 30 seconds. Scrape down the side and add the chocolate and salt. Puree until very smooth, about 3 minutes. For a thicker texture, freeze the spread for about 10 minutes. Serve on the bread, drizzled with honey.","Cook walnuts and almonds in two large skillet over medium-high heat. Remove and discard seeds, and mash them through a wooden spoon with another fork until they form smooth crumbs (about 8 minutes). Transfer to a large bowl. Add chocolate chips, and toss to coat.",finetuned_top_k
128,Tarrah'S Sweet Fried Bananas With Raspberry Coconut Sauce,"10 small bananas 10 egg roll wraps 1/4 cup honey 1 tablespoon cinnamon peanut oil, to deep fry in 1 cup powdered sugar (to garnish) For the Sauce 1 cup raspberries, thawed (pureed and strained) 15 ounces coconut milk (not cream of coconut) 1/4 cup maple syrup (or to taste) 2 teaspoons lemon juice (or half a lemon) 2 tablespoons rum (or your favorite liquor to taste)","For the Bananas: In a deep wok or skillet, fill with peanut oil half way, and heat until about 375 degrees, or when bubbles form around food when placed in oil. (tear off a little piece of the wrappers, and place in oil to test) Place bananas on wrappers diagonaly across, and drizzle with a little honey. Sprinkle a little bit of cinnamon on top of banana and honey. (the 1/4 cup honey and the cinnamon is for all of the bananas). Wrap bananas in eggroll wrappers: Fold bottom corner over banana, then tuck side corners in, Roll rest of wrapper over banana, using a little water (or honey) to seal the edges. Place wrapped bananas in fryer oil and fry until golden (about 5 minutes). Drain on paper towel, and allow to cool slightly before serving. For Sauce: Place strained raspberries and coconut milk in small saucepan and heat over medium heat. Stir to combine, then add and stir in remaining ingredients. Heat mixture until boiled down slightly, and you have a realtivly thick sauce. You may want to chill sauce before serving, but it is good warm too. Sprinkle fried bananas with powdered sugar and serve with raspberry sauce.","Heat oil spray and saute bananas until lightly browned, about 2 to 3 minutes. Slice bananas into chunks and place on a lightly greased sheet of foil. Put the banana slices in a bowl and cool completely. Place the honey in a small saucepan, cover, and bring down to lowest heat. Remove from heat, stir in the cinnamon and peanut oil to deep-fry, whisking constantly, until mixture should be very thick and browned. Transfer to a baking sheet lined with aluminum foil, turn the oven over until the eggs well up, approximately 2 minutes.",finetuned_top_k
129,Cumin and Chili Lamb Burgers,1 pound ground lamb meat 2 tablespoons ground cumin 2 tablespoons ground chili powder 1 tablespoon minced garlic Salt and pepper Southwest seasoning 4 slices Jalapeno Monterey Jack cheese 1/2 cup roasted garlic aioli 1 cup roasted corn and roasted pepper salsa 4 beer bread buns 2 cups shoestring potatoes,"Preheat the fryer. Preheat the grill. In a mixing bowl, combine the ground lamb with the cumin, chili powder, and garlic. Mix until thoroughly incorporated. Season with Southwest seasoning. Form into 4-ounce patties. Place on the grill and cook for 3 to 4 minutes on each side for medium-rare. Place the cheese on the burgers about a minute before removing from the grill, so the cheese will melt. Fry the shoestring potatoes for 3 minutes or until golden. Remove from the fryer and drain on a paper-lined plate. Season with salt and pepper. Spread the aioli in-between the bun. Place the burger in-between the bun and top with the salsa. Garnish with the fried shoestrings.","Preheat oven to 400 degrees F. Place lamb and meat in roasting pan; cover with foil. Microwave on high heat until meat is done and liquid has absorbed, about 4 minutes. Reduce heat to low. Brown bacon, 1 to 1 1/3 minutes per side. Transfer to a serving plate; sprinkle with remaining cumin, chili powder, garlic salt and pepper. Bake 3-4 minutes or until cheese melts. Transfer cumin mixture into a bowl. Cover and refrigerate.",finetuned_top_k
130,Sausage & Gorgonzola-Stuffed Portobello Mushrooms,"4 portabello mushroom large, stems and ribs removed 2 Tbsp. Bertolli(R) ClassicoTM Olive Oil 1 lb. sweet Italian sausage links, removed from casing and crumbled 1 cup chopped onion 1 jar Bertolli(R) Tomato & Basil Sauce, divided 1 1/2 cups bread torn fresh 2/3 cup crumbled gorgonzola cheese, divided 1/4 cup pine nuts toasted 1 package baby spinach 12 oz., or arugula leaves","Preheat oven to 425°. Evenly drizzle both sides of mushrooms with Olive Oil, then season, if desired, with salt and black pepper. Arrange mushrooms on cookie sheet; set aside. Brown sausage in 12-inch nonstick skillet; drain, if desired. Stir in onion and cook, stirring occasionally, 3 minutes or until tender; cool slightly. Combine sausage mixture, 1 cup Sauce, bread, 6 tablespoons cheese and pine nuts in medium bowl. Evenly spoon sausage mixture onto prepared mushrooms, then sprinkle with remaining cheese. Bake 15 minutes or until mushrooms are tender. Meanwhile, bring spinach and 1/4 cup water to a boil in 5-quart saucepot over high heat. Reduce heat to low and cook covered, stirring occasionally, 2 minutes or until spinach is wilted. Season, if desired, with salt and black pepper. Evenly arrange spinach on plates, then top with mushrooms. Serve with remaining Sauce, heated.","Peel the portabolo mushrooms to remove any seeds. Place mushroom shells in an outdoor bowl and pat dry. Mix together butter and olive oil. Season with salt and pepper. Place seam side down in a large roasting pan. Cover and roast for 15 minutes, or until portabolos are tender. Remove portabols to a bowl and cool for 10 minutes then use paper towel to wipe and let sit overnight. Combine all of the ingredients except the Parmesan cheese except the arugulas. Place 1/3 of the Parmicholi in a medium bowl. Pour cooked portaboes in a separate bowl. Combine bread crumbled cheese, pine nuts and spinach in another bowl and toss to combine. Pour the mixture onto the mushrooms and roast on the grill for about 30 minutes or until",finetuned_top_k
131,Lemonade For 100,4 c. water 7 1/2 c. lemon juice 8 sliced seeded oranges 4 gal. water 8 c. sugar 7 c. crushed pineapple or 8 (6 oz.) cans frozen concentrate,Boil 4 cups water with sugar for 10 minutes. Add lemon juice. Stir in pineapple or juice concentrate. Add oranges and 4 gallons of water and chill overnight. Serve over ice.,Put water in a blender with lemon juice and crushed orange peel. Blend until smooth. Pour into 1 1/4-quart casserole and top with pineapple. Drizzle with pineapple mixture and serve.,finetuned_top_k
132,Creamy Tomato Basil Soup With Cheddar Croűte,"4 cups (32 ounces) boxed tomato or tomato-herb soup 4 cup slices ry bread, each cut into 4-inch rounds and toasted 1 ounce part-skim sharp cheddar cheese, but into 4 slices 3 tablespoons reduced-fat sour cream 1/4 cup chopped fresh basil 1/2 teaspoon freshly ground black pepper Chopped fresh basil (optional)","Preheat oven to 350°. Place the soup in a large saucepan; bring to a boil. Reduce heat to low; cover and keep warm. While the soup is heating, top each toasted bread round with 1 cheese slice; place on a baking pan. Bake in middle of oven until cheese is melted (about 5 minutes). Add the sour cream and basil to soup. Ladle soup into bowls; top with toasts. Sprinkle with pepper and garnish with basil, if desired. Serve immediately.","In a large soup pot, place the tomatoes, soup, bread and cheese and simmer in the preheated oven for 30 seconds. While the soup is simmering, drizzle the chopped basil over the top with the cream cheese and let stand. Preheat oven to 375F. Spoon the mixture evenly onto the prepared croissants; sprinkle with chopped basil. Pour enough soup to cover croissant. Trim and discard any dark stems that dot the top of the croisson, turning once. Sprinkle some of the tomato cubes on top. Cook until no longer pink in center, stirring frequently, 10 minutes. Transfer to a baking dish and roast under broiler for 8 minutes longer until lightly browned, then transfer the croppings to a large pot with water. While croiss",finetuned_top_k
133,Pumpkin Spice Layer Cake With Caramel And Cream Cheese Frosting,"3 cups all purpose flour 2 teaspoons baking soda 2 teaspoons baking powder 1 teaspoon cinnamon 1/2 teaspoon ground ginger 1/4 teaspoon ground cloves 1/4 teaspoon freshly grated nutmeg 1/4 teaspoon ground allspice 1/4 teaspoon ground cardamom 1 15-ounce can pure pumpkin 1 1/2 cups sugar 1 1/4 cups vegetable oil 4 large eggs 2 teaspoons finely grated orange peel 1 1-pound box powdered sugar, divided 1/2 cup plus 1 tablespoon heavy whipping cream 1 teaspoon vanilla extract 1/4 teaspoon salt 1 8-ounce package cream cheese, room temperature 1/4 cup (1/2 stick) unsalted butter, room temperature Candied orange peel*","Preheat oven to 350°F. Butter and flour two 9-inch cake pans with 1 1/2-inch-high sides, tapping out any excess flour. Whisk first 9 ingredients in large bowl. Using electric mixer, beat pumpkin, sugar, and oil in another large bowl. Add eggs 1 at a time, beating to incorporate between additions. Mix in orange peel. Add flour mixture; beat on low speed just to blend. Divide batter between prepared pans. Bake cakes until tester inserted into center comes out clean, about 33 minutes. Cool in pans 10 minutes. Invert onto rack, then turn top side up and cool completely. Sprinkle 1/2 cup powdered sugar over bottom of small nonstick skillet. Cook over medium heat until sugar melts (do not stir). Continue cooking until sugar turns deep amber, stirring occasionally, about 2 minutes. Carefully stir in 1/2 cup cream, vanilla, and salt (mixture will bubble vigorously). Stir until any caramel bits dissolve. Stir in remaining 1 tablespoon cream. Strain into small bowl. Cool caramel to room temperature. Sift remaining powdered sugar into medium bowl. Using electric mixer, beat cream cheese and butter in large bowl. Gradually beat in powdered sugar. Beat in cooled caramel. Cover and chill frosting until firm enough to spread, about 2 hours. Using long serrated knife, trim rounded tops from cakes. Place 1 cake layer on cake plate, cut side up. Spread 3/4 cup frosting over. Place second cake layer, cut side down, atop frosting. Cover top and sides of cake with remaining frosting, creating smooth surface. DO AHEAD: Cover with cake dome or large bowl and chill. Let stand at room temperature 2 hours before serving. Sprinkle candied orange peel over top of cake. Cut into wedges and serve.","Preheat oven to 350 degrees F (180 degrees C). Spray two and half-full muffin pans with nonstick spray, using a food processor; press each square onto bottom of each muffin. In another large bowl, stir together flour, baking soda, baking powder, and cinnamon. Press evenly into muffin shells. Gently press 1 tablespoon oil into each of 12 muffin cups. Press remaining batter onto bottom and sides of each cup, and spread batter evenly, overlapping batter with an 8-inch cookie sheet. Bake for one minute, until golden brown and bubbly, 13 to 14 minutes. Cool 10 minutes. Preheat the oven to 375 degrees F. In a separate bowl, combine the remaining 1 cup flour, oil, powdered sugar and vanilla. Let cool completely. In",finetuned_top_k
134,Brie Topped With Blueberry Chutney Recipe,1 x Piece Brie Cheese (8 Ounce.) (8 to 12) 1 c. Blueberries 2 tsp Onions -- minced 1 1/2 tsp Fresh Ginger Root grated 1/4 c. Brown Sugar -- Packed 2 tsp Cider Vinegar 1 1/2 tsp Corn Starch 1/8 tsp Salt 1 x 3 Inch Cinnamon Stick,"Combine all ingredients in a large sauce pan. Bring to a boil over medium heat. Boil 1 minute. Remove cinnamon stick. Cover and chill 30 - 45 min. Preheat oven to 350 degrees. Bake brie on an ungreased cookie sheet for 10 - 12 min, or possibly till soft. Place brie on a serving plate, and top with the cool chutney. Serve with a very mild-flavored cracker NOTES: A co-worker shared this recipe with me. She enjoyed it during the Christmas holidays and recommends it highly","Melt 1 cup blueberries in a large skillet; arrange 1 c of cheese, a small handful at a time, on top. Add onions, ginger, sugar, vinegar and corn starch. Cook 4 to 6 min. or until bubbly. Turn mixture aside, drain and set aside. In a small bowl, mix the Blueberries, Onions & Ginger Root together. Set aside. Mix 2/3 cup cream cheese and 2 tbsp of the butter. Pour mixture over top and pour all the creamed mixture over it. Fold in the cider, cinnamon and salt. Refrigerate overnight. Serve topped with your favorite creamed bread, topped with the creme de la crouton for top of the pie.",finetuned_top_k
135,Grits Casserole,"1 c. grits 1 stick butter 1 pkg. garlic cheese or 8 oz. sharp Cheddar and 1 tsp. garlic powder or jalapeno cheese 2 eggs, beaten 3/4 c. milk","Cook grits in 4 1/2 cups salted water. When done, add butter, cheese, eggs and milk. Stir until melted. Pour into greased casserole and sprinkle buttered bread crumbs on top. Bake 45 minutes or until center is done in a 350° oven.","Melt butter in small saucepan over medium-high heat. Add salt, pepper and cayenne flakes. Cook, stirring, 30 seconds. Add onion, cheese, egg and milk. Cook on low heat.",finetuned_top_k
136,Endivias Con Salmon (Endives Filled With Salmon),"2 ounces smoked salmon (I prefer hot-smoked salmon) 12 leaves Belgian endive 3 tablespoons olive oil (preferably Spanish) 1 tablespoon fresh lemon juice salt, to taste fresh ground pepper, to taste (preferably white pepper)","Divide the salmon into 12 equal pieces. Place a piece of salmon into each endive leaf. In a small bowl, whisk together the remaining ingredients. Pour dressing over salmon-filled endive leaves. Serve immediately or chill for a short time until ready to serve (see note above).","Cut smoked salmon into 4 slices. Set a small dish in the middle of the salmon in the hot skillet (which should get no water on the bottom of the pan) and brush each slice generously with olive oil. Place the sliced endives in the pan in approximately the same order. Place one slice above this and cover with aluminum foil to prevent the bottom from turning. Repeat with remaining slice. Repeat the remaining slices to cover again. With hands, prick each slice gently with the oil and season with salt and pepper. This is the very start of the meal. Place a rack full of aluminum foil over the pan so that the foil dries off on the pan's outer surface. Place all your ingredients inside the foil and place on the rack.",finetuned_top_k
137,Maple Walnuts,1-1/4 t sugar 1/4 t salt 1 T butter 1 T maple syrup 1 c coarsely chopped walnuts,"Preheat oven to 375. Stir sugar and salt in a small bowl; set aside. Put butter and maple syrup into a large saute pan. Bring to a boil. Remove from heat. Add nuts; toss to coat. Transfer nuts to a rimmed baking sheet. Sprinkle with the sugar mixture; toss to coat. Toast in oven until fragrant, about 7 minutes. Let nuts cool completely on sheet ona wire rack. Consider serving with pears and gorgonzola dolce (or dolcelatte).","Brown butter and sugar for about 3 minutes, stirring to blend. Mix in the maple syrup, 1/2 t salt and butter.",finetuned_top_k
138,Spring Chicken And Pea Salad,"1 cup fresh peas 2 cups torn curly or Belgian endive 2 cups torn radicchio 2 cups chopped rotisserie chicken 1/2 cup sliced radishes 2 tablespoons chopped red onion 2 tablespoons fresh mint leaves, torn 2 tablespoons olive oil 1/4 teaspoon grated lemon zest 1 tablespoon lemon juice 1 tablespoon mint jelly 1 garlic clove, minced 1/4 teaspoon salt 1/4 teaspoon pepper Toasted pine nuts, optional","In a large saucepan, bring 1/2 in. of water to a boil. Add peas; cover and cook 5-8 minutes or until tender. Drain peas; place in a large bowl. Add endive, radicchio, chicken, radishes, onion and mint. In a small saucepan, combine oil, lemon zest, juice, jelly, garlic, salt and pepper; cook and stir over medium-low heat 4-6 minutes or until jelly is melted. Drizzle over salad; toss to coat. If desired, sprinkle with pine nuts.","Place peas in a single layer in a shallow dish. Cook until peas are soft and fragrant, about 6 minutes. Drain. Place radishes, onion, mint, ginger, and olive oil in a food processor and pulse with a fork until finely finely chopped, about 2 minutes. Pulse in the lemon juice, lemon juice and spices; process until mixed, 2 minutes more. Transfer to a blender with a large bowl, breaking up until blended, 7 to 8 minutes. Transfer peas to a platter; garnish top with pine nuts.",finetuned_top_k
139,Chocolate Raisin Oatmeal Muffins,1 1/2 cups all-purpose flour 1 tablespoon baking powder 2 tablespoons unsweetened cocoa powder 1 cup rolled oats 1/2 cup white sugar 1/4 teaspoon salt 1 cup raisins 1 cup milk 1 egg 1/4 cup vegetable oil,"Preheat oven to 400 degrees F (200 degrees C). Grease a muffin pan or line with paper muffin liners. Sift together flour, baking powder and cocoa powder, set aside. In a large bowl, stir together the rolled oats, sugar and salt. Mix in the sifted ingredients and raisins. Add the milk, egg, and oil, mix until just blended. The batter will be lumpy. Spoon batter into the prepared muffin cups. Bake in the preheated oven for 15 to 20 minutes, or until a toothpick inserted into the center of a muffin comes out clean. Remove from muffin cups to cool on a wire rack. Serve warm.","Preheat oven to 350 degrees. Grease 3-quart tin muffin tins with cooking spray. In a mixing bowl, add flour, baking powder, cocoa powder, and salt, to a mixer bowl. Mix to incorporate. Beat in raisin tarts, milk, oil, and eggs. Place muffin tin cups on a lightly floured surface to thicken, then flute sides, flatten sides. Spread batter evenly on cooled muffins. Bake 30 to 40 minutes or until center of muffins is firm and cooked through. Cool slightly. Do not overcook muffins, leaving behind a cool, air-filled mess. Yields 14 dozen.",finetuned_top_k
140,Papa Stew,2 cans Veg-All 2 cans tomatoes 1 can French-cut beans 1 can corn (whole kernel) 2 beef bouillon cubes 1 lb. hamburger meat,Simmer all vegetables together in large boiler. Simmer for about 45 minutes. Cook meat and drain well. Add to vegetables and continue to simmer for about 20 more minutes. Serves 6 to 8.,"Mix together the whole and ground ingredients. Place in a microwave safe glass and microwave on HIGH for 20 to 25 seconds. Keep doing it for a while, until the meat is cooked but still hard.",finetuned_top_k
141,King Cake,"1 cup lukewarm milk, about 110°F 1/2 cup granulated sugar 2 tablespoons dry yeast 3 3/4 cups all-purpose flour 1 cup melted butter 5 egg yolks, beaten 1 teaspoon vanilla extract 1 teaspoon grated fresh lemon zest 3 teaspoons cinnamon Several gratings of fresh nutmeg 2 cups powdered sugar 1/4 cup condensed milk 1 teaspoon fresh lemon juice Purple, green, and gold decorative sugars 1 (fava bean) or plastic baby to hide in the cake after baking","1. For the cake, pour the warm milk into a large bowl. Whisk in the granulated sugar, yeast, and a heaping tablespoon of the flour, mixing until both the sugar and the yeast have dissolved. 2. Once bubbles have developed on the surface of the milk and it begins to foam, whisk in the butter, eggs, vanilla, and lemon zest. Add the remaining flour, cinnamon, and nutmeg and fold the dry ingredients into the wet ingredients with a large rubber spatula. 3. After the dough comes together, pulling away from the sides of the bowl, shape it into a large ball. Knead the dough on a floured surface until it is smooth and elastic, about 15 minutes. 4. Put the dough back into the bowl, cover with plastic wrap, and set aside in a draft-free place to let it proof, or rise, for 1 1/2 hours or until the dough has doubled in volume. 5. Preheat the oven to 375°F. Once the dough has risen, punch it down and divide the dough into 3 equal pieces. Roll each piece of dough between your palms into a long strip, making 3 ropes of equal length. Braid the 3 ropes around one another and then form the braided loaf into a circle, pinching ends together to seal. Gently lay the braided dough on a nonstick cookie sheet and let it rise until it doubles in size, about 30 minutes. 6. Once it's doubled in size, place the cookie sheet in the oven and bake until the braid is golden brown, about 30 minutes. Remove the cake from the oven, place on a wire rack, and allow to cool for 30 minutes. 7. For the icing, while the cake is cooling, whisk together the powdered sugar, condensed milk, and lemon juice in a bowl until the icing is smooth and very spreadable. If the icing is too thick, add a bit more condensed milk; if it's a touch too loose, add a little more powdered sugar. 8. Once the cake has cooled, spread the icing over the top of the cake and sprinkle with purple, green, and gold decorative sugars while the icing is still wet. Tuck the or plastic baby into the underside of the cake and, using a spatula, slide the cake onto a platter.","For oven, make the batter: Sift the dry yeast and sugar into a large bowl. Add in the flour and beat until blended. Add the yeast mixture on at low speed just until sugar dissolves. Add enough water to make 1 c. flour. Add 1 tsp. vanilla and beat gently and add in the eggs, 1 tsp baking powder. Beat gently but do not beat. Add flour mixture to the yeast mix, beat until a dough is smooth and elastic. The dough should be 1/3 thick. Bake in pan covered with a cake rack at 350°F (190°C). Brush to dry the cake.",finetuned_top_k
142,Green Beans With Mushrooms,"1 Tbsp. minced onion 1 Tbsp. vegetable oil (canola) 1 (8 oz.) can cut green beans, drained 1 Tbsp. diced pimento 1 tsp. fresh parsley, chopped 1 (4 oz.) can mushroom pieces, drained 1/8 tsp. salt 1/8 tsp. pepper",Saute onion in oil until transparent; stir in remaining ingredients. Cover and cook over medium heat 10 minutes or until thoroughly heated.,"Saute onion in oil and mix with mushrooms until dry. Add pimentos and toss to coat. Reduce heat. Cover and cook on high temperature for 50 to 60 minutes or until the mixture becomes thickened. Add salt, pepper, and beans and spread sauce over beans.",finetuned_top_k
143,Eggnog Pound Cake,1 c. butter or margarine 1/2 c. shortening 3 c. sugar 6 eggs 3 c. flour 1 c. eggnog 1 tsp. lemon flavoring 1 tsp. vanilla 1/2 tsp. coconut flavoring,Cream butter and shortening. Gradually add sugar. Beat well. Add eggs beating after each addition. Add flour to creamed mixture alternately with eggnog mix until blended. Stir in flavorings. Pour into a greased Bundt cake pan. Bake at 325° for 1 1/2 hours or until a wooden pick inserted in center comes out clean. Cool in pan 10 minutes. Remove. One cup of chopped pecans or walnuts can be added if desired.,"Cream shortening and shortening with mixer. Add egg, flour, eggnug and lemon flav. Stir in vanilla and coconut. Add 1 minute before serving.",finetuned_top_k
144,turkey sausage with rice,6 sausage links 1 lower sodium soy sauce 1 sweet n sour sauce 1 McCormick molasses and bacon spice 1 box of rice a roni rice pilaf,"put sausage in pan with water to cover and shake some soy sauce in ,the add in spice about 3 shakes and let boil make sure to poke each sausage make rice according to box but while cooking add in a tsp of sweet n sour sauce and mix when water is boiling add in a tsp of sweet and sour sauce and let simmer till water is almost gone then let Brown and serve with rice when It's done",Put sausage in a bowl and use the sugar to mix well. Add rice and simmer for about 30 minutes. Add seasoning to the rice and stir until well blended. Add the brown mustard. Continue cooking until the rice has no moisture left in it except about 10 minutes. Cover and serve.,finetuned_top_k
145,Hearty Hamburger Soup,"1 lb extra lean ground beef 3 garlic cloves 1 medium onion, chopped small 3 tablespoons olive oil 3 -4 potatoes, diced (or 2 c. Frozen hash browns) 1 cup celery, chopped 3 -4 carrots, chopped 1/2 head cabbage, shredded 1 (10 ounce) can consomme 1 (28 ounce) can diced tomatoes (do not drain) 4 cups vegetable juice 2 cups water 1 (1 ounce) package onion soup mix 1/4 cup pearl barley 2 cups frozen vegetables (corn, peas, green beans, etc.)","Brown ground beef, garlic & onion; drain off fat, Add olive oil then vegetables. (add any preferred root vegetables here, parsnips, sweet potato, rutabaga). Cook 5-10 minutes to soften vegetables. Add can of consomme and de-glaze pan. Add can of tomatoes, tomato juice, water, soup mix & barley. Season as desired. (I used sea salt, pepper, sprinkle of cayenne and about 4 tbs of spicy spaghetti seasoning, Worcestershire sauce would be nice too). (Add black or navy beans for extra protein & fibre). Let simmer 45 minutes. Add frozen veg and simmer additional 15 minutes.","Bring a pot of salted water to a boil and add beef, onion, garlic, salt (1 cup as needed), stir to dissolve beef, simmer over low heat 2 minutes. When beef cools, add potatoes and carrots. Season with salt, pepper and seasonings. Transfer soup mix to large pot of boiling water. Simmer 8 to 10 minutes or on high until potatoes are tender and carrots are soft tender. Drain. Meanwhile, combine soup mix, water, onion soup, celery and onions. Bring to a simmer over medium heat. Simmers 2 minutes until vegetables are tender. Cover. Turn off stove. Bring soup mix mixture to a slow boil, stir constantly. Reduce heat to a low simmer and simmer covered. Reduce to low, add remaining 2 cups peas, carrots,",finetuned_top_k
146,Judy’S Strawberry Pretzel Salad,"1-1/2 cup Crushed Pretzels 4-1/2 Tablespoons White Sugar 3/4 cups Melted Butter 1 cup White Sugar 2 packages (8 Oz Packages) Cream Cheese 1 tub 8oz Tub, Whipped Topping (like Cool Whip), Thawed 1 package 6 Ounce Package, Strawberry Flavored Gelatin 2 cups Boiling Water 1 tub 16oz Tub, Frozen Strawberries With Sugar, Keep Frozen","Preheat oven to 350 F. Mix together the pretzels, the first amount of sugar and the melted butter in a bowl. Press into the bottom of a lightly greased 9x13 pan. Bake for only 10 minutes. Remove from oven. Set aside to cool completely. In a medium bowl, beat the second amount of sugar and the cream cheese until smooth. Fold in the whipped topping then spread evenly over the cooled crust. Cover whipped topping to the edge of the crust, so that your gelatin won't get into the crust later. Refrigerate until set, about 30 minutes. In a medium bowl, stir together the gelatin mix and boiling water. Mix in frozen strawberries, and stir until thawed. Pour over cream cheese mixture in pan. Refrigerate until completely chilled, at least an hour.",Combine the crushed pretzels in a bowl. Beat the remaining ingredients after beating until fluffy. Pour over the pretzel mixture. Pour with 1/8 of the 1/2 oz serving. Freeze until firm.,finetuned_top_k
147,Sunny Scalloped Potatoes,"5 c. sliced potatoes 2 Tbsp. flour 1 tsp. salt dash of pepper 1/2 lb. Velveeta pasteurized process cheese spread, cubed 3/4 c. milk 1/4 c. chopped green pepper 1/4 c. chopped onion 2 Tbsp. pimiento strips","Heat oven to 350°. Coat potatoes with combined flour and seasonings. Place in a 12 x 8-inch baking dish. Heat Velveeta and milk over low heat. Add green pepper, onion and pimiento. Pour Velveeta sauce over potatoes. Bake at 350° for 50 minutes, or until potatoes are done. Makes 4 to 6 servings.","Boil potatoes until tender. Drain well. Add flour, salt, chili powder and pepper. Blend until blended. Add milk. Gradually add cheese spread and continue mixing. Add pimientos; pour over potatoes. Bake for 1 1/3 hours or until potatoes are crisp.",finetuned_top_k
148,Beet Salad with Plums and Goat Cheese,"12 2-inch-diameter beets, tops trimmed 1/2 cup white wine vinegar 1 teaspoon sugar 1/2 cup vegetable oil 1/4 cup walnut oil or olive oil 1 1/2 pounds firm but ripe plums, pitted, cut into 1/2-inch pieces 1 medium-size red onion, sliced into rings 1 1/2 6-ounce bags fresh baby spinach leaves 8 ounces soft fresh goat cheese (such as Montrachet), crumbled","Preheat oven to 375F. Wrap beets tightly in foil packages (3 beets in each). Place on baking sheet. Roast beets until tender, turning packages occasionally, about 1 hour 45 minutes. Unwrap beets; cool completely. Peel beets and cut into 1/4-inch-thick rounds. Place in large bowl. Combine vinegar and sugar in blender. Gradually blend in vegetable oil, then walnut oil. Season vinaigrette to taste with salt and pepper. (Beets and vinaigrette can be prepared 2 days ahead. Cover separately; refrigerate. Let beets stand 2 hours at room temperature before continuing. Rewhisk vinaigrette before using.) Toss beets with 1/4 cup vinaigrette. Toss plums and onion with cup vinaigrette in another large bowl. Season with salt and pepper. Overlap beets around edge of platter. Mound spinach in center of platter; drizzle with some vinaigrette. Spoon plums and onion over salad. Sprinkle with goat cheese and serve.","Heat the oil in a large skillet over medium-high heat. Bring the beets to a boil in the skillet, stirring frequently, then immediately reduce their heat to medium-low, turning once every 3 minutes, until the bell peppers have released some liquid, about 2 minutes. Transfer to a plate. Heat the remaining 1 1 tablespoon oil and vinegar over medium heat (add the plums/seeds, if desired), stirring, until they begin to thicken, 3 to 5 minutes. Add the plum mixture, spinach, and onion; cook, stirring and scraping the bottom of the pan occasionally, for 2 to 4 minutes until greens begin to turn light and tender, about 1 minute. Transfer the plumps to each serving serving bowl. Top the trifle-sized plums with cheese",finetuned_top_k
149,Banana Chocolate Chip Muffins,"3 -4 large ripe bananas, mashed 34 cup sugar 1 egg 34 cup whole wheat flour 34 cup white flour 1 teaspoon baking powder 1 teaspoon baking soda 5 12 tablespoons butter, softened 12 cup chocolate chips","Melt butter. In a good sized mixing bowl, blend together bananas, sugar, egg and flour. Mix in baking soda, baking powder, and melted butter. Stir in chocolate chips. Baked in lined muffin tins at 375 degrees for 12-20 minutes, or until toothpick inserted in center comes out clean. Check after 12 minutes to prevent muffins from over baking.","Peel bananas and chop a large chunk with a fork. Slice bananas into a single layer, and add sugar and eggs. Add flour, baking powder, dry ingredients and butter. Roll banana mixture into balls, and place on a lightly floured surface. Place on cookie sheet. Bake at 350 degrees F for 25-30 minutes or until center is golden brown. Cool on wire rack.",finetuned_top_k
150,Cranberry Punch,1 qt. fresh cranberries 1 qt. water 1 c. sugar 5 whole cloves 1 tsp. grated lemon rind 1 tsp. grated orange rind 2 Tbsp. lemon juice thin slices orange,"Cook cranberries and water in a covered kettle until their skin pops. Puree berries. Add sugar, cloves and rinds. Stir thoroughly. Chill. Add the lemon and apple juices. Stir to blend. Serve immediately. Garnish with thin slices of orange. Makes 2 1/2 quarts.","Combine cranberries and water. Add sugar. Cook. Bring water and sugar to boil. Add cloves and lemon juice. Cook, stirring constantly, until sugar just dissolved. Cool. Put drained cranberries in a chilled cocktail glass. Combine juice, lemon rinsed lime rind, orange and lemon zest. Pour over cranberries.",finetuned_top_k
151,Basil Peanut Butter Chops,"4 boneless pork chops, 1-inch thick 12 cup chicken broth 1 cinnamon stick (4-inch) 2 bay leaves 1 tablespoon grated gingerroot 1 teaspoon minced garlic vegetable oil 23 cup milk 2 tablespoons peanut butter 1 tablespoon honey 1 teaspoon crushed red pepper flakes 1 medium red bell pepper, sliced 12 cup fresh basil leaf, chopped coarsely","In a medium saucepan combine chicken broth, cinnamon, bay leaves, ginger root and garlic. Bring to boiling; reduce heat. Cover and simmer for 15 minutes. Meanwhile, heat a large heavy skillet over medium-high heat. Brush chops lightly with oil and cook for 8-10 minutes, turning occasionally, until evenly browned on both sides. Remove pork chops to a serving platter; keep warm. Remove bay leaves and cinnamon from chicken broth mixture. Stir in milk, peanut butter and honey until smooth. Cook, uncovered, over medium-high heat for 5 minutes, stirring occasionally. Stir in bell pepper, crushed red pepper, and basil leaves. Continue cooking, uncovered, until sauce thickens slightly. Spoon the sauce over chops.","Place chops in a 4-quart casserole. Toss with pork and broth. Bring to a boil over low heat just until pork is thoroughly heated. Do not allow skin to scorch. Remove chops from the casseroles, reserving 1 tablespoon of the mixture. Melt remaining 1 tablespoon butter and 1 tablespoon oil in a large saucepan; bring to a simmer. Cook over moderately low heat, uncovered, over moderate heat 1 minute 30 second soggy cooking spray 10 minute; remove and set aside 15 minutes or until sauce is just heated through. Stir into soup ingredients and seasonings; set aside. Remove saucepan from heat and stir in basil leaf and bell peppers. Cool and stir cream in sauce till thickened 2 minutes. Place chicken in dish (canned) and place",finetuned_top_k
152,Like Red Lobster Biscuits,2 c. Bisquick 2/3 c. milk 1/2 c. finely grated shredded cheese (Cheddar),Mix well and drop on cookie sheet. Makes 10 to 12 biscuits. Bake until slightly brown. Then brush top of hot biscuits with 1/4 cup melted butter and 1/4 teaspoon garlic powder.,"Mix soda, milk, cheese and Bisquick. Pour over biscuits. Bake at 450° for 2 hours. Serve with crackers.",finetuned_top_k
153,Spicy Pinto Bean Chili,"2 cups dried pinto beans 4 cups water 1 large sweet onion, chopped 2 garlic cloves, minced 1 can (28 ounces) diced tomatoes, undrained 1 can (4 ounces) chopped green chilies 2 medium carrots, shredded 1 tablespoon chili powder 1 tablespoon ground cumin 1 tablespoon dried oregano 1 tablespoon paprika 2 teaspoons salt 1/2 teaspoon cayenne pepper Shredded cheddar cheese, optional","Rinse and sort beans. Soak overnight or use quick-soak method. Discard liquid. Add the water; bring to a boil. Cover and simmer until the beans are almost tender, about 1 hour. Add all remaining ingredients except cheese. Bring to a boil. Reduce heat; cover and simmer for 2 hours or until beans are tender and flavors have blended, stirring occasionally. Top with cheese if desired.","In a large bowl, combine the beans, water, onion, garlic, onion and chilies. Heat a grill or on hot grill until golden brown. Season with salt and pepper and cook and stir for 30 seconds. Add tomatoes, green chile, carrots and chili powder. Cook and stir together for 3 to 5 minutes or until sauce thickens. Serve immediately.",finetuned_top_k
154,Whiskey & Orange Punch,"2 (12 ounce) cans frozen concentrated orange juice 1 (12 ounce) can frozen concentrated lemonade 1 -2 cup Southern Comfort 3 bottles 7-Up soda, chilled (2 liters each) to taste frozen orange juice ring, for garnish to taste orange, sliced, for garnish","Mix orange juice, lemonade and Southern Comfort together in a large punch bowl and let it sit for an hour or so. When ready to serve, add the chilled 7-Up. Garnish with orange slices and the frozen orange juice ring (this helps to keep the punch chilled - you could use frozen o.j. cubes instead). *Mom uses less when there are going to be kids around - they really like this stuff.","In gallon jug, add juice and mix with 1 package of 3-up, 5-Up (I use 2). This will be your whiskey cocktail punch, and taste good; enjoy!",finetuned_top_k
155,Crab Ball,6 oz. crabmeat 8 oz. cream cheese 1 tsp. sweet hot mustard dash of hot sauce 1/2 tsp. pepper 1 tsp. lemon juice 1/2 tsp. Old Bay Seafood Seasoning 1/2 C. catsup 1 tsp. lemon juice 1 tsp. horseradish 1 Tbsp. brown sugar A head of celery raisins Knife for spreading Peanut butter Knife for cutting Cutting board,"Wash celery and separate stalks. Carefully cut off both ends. Fill celery with peanut butter. Add raisin ""ants"" to the peanut butter. Serve.","Put crabmeat, cream cheese, hot mustard, lemon juice, horser, pepper, horsingadish and brown sugar in a 9 x 13 1/4-inch pan. Spread over crabmeat mixture in baking dish. Spread evenly over crab roll if using. Bake at 350° for 30 minutes.",finetuned_top_k
156,Caramel Dip,1 Stick Land of Lakes Butter 1 c. Light Brown Sugar 1 can Borden Condensed Milk Apples,"Melt butter on low heat, add brown sugar and condensed milk. Cook on low 5 to 10 minutes until melted and mix very well.",Mix all together in two 9 x 9-inch pouches.,finetuned_top_k
157,Orange Delight Cake,2 c. flour 1 1/3 c. sugar 2 tsp. baking powder 1/4 tsp. baking soda 3/4 tsp. salt 2/3 c. Crisco 1/3 c. orange juice 1/3 c. water 2 eggs 2 Tbsp. lemon juice,"Sift first five ingredients into a large bowl. Add shortening, juice and water. Beat well. Add eggs and lemon juice. Beat only enough to blend. Pour batter into two greased cake pans. Bake at 350° for 25 to 30 minutes.","Mix dry ingredients together; set aside. Melt Crisco in separate bowl. Stir in orange juice. Add Crisco and lemon juice to dry ingredients and mix all until well blended. Pour into 15- to 18-inch pan, bake at 350° for 34 to 36 minutes. Cool cake on pans; wrap in foil. Refrigerate until firm. Frost with oranges.",finetuned_top_k
158,Slow Cooker Root Beer Pulled Pork,2 pounds New York (top loin) pork roast 1 can root beer 18 ounces barbecue sauce bottle 8 hamburger buns,"Spray your slow cooker with non-stick cooking spray. Place pork in slow cooker. Pour root beer over the pork. Cover and cook on low heat for 6 to 8 hours or until it shreds easily with two forks. Remove pork and shred it using two forks. Drain most of the liquid from slow cooker (keep about 1/2 cup), and return shredded pork to slow cooker, stir in barbecue sauce. Continue heating on low for an additional 30 minutes, until warmed through. Serve on hamburger buns.","Place meat in bottom of 6"" skillet. Saute on medium heat, turn off heat, and remove meat from skillet. Remove and cut into 1"" pieces. Combine all ingredients except meat with hands and heat to boiling. Cover and cook on high for 30 minutes or until meat is tender.",finetuned_top_k
159,Almond Joy® Fudge,3 cups milk chocolate morsels 1 (14 ounce) can sweetened condensed milk 1/4 cup salted butter 1/2 cup chopped almonds 1/2 cup sweetened flaked coconut,"Combine milk chocolate, condensed milk, and butter in a double boiler over simmering water, stirring frequently and scraping down the sides with a rubber spatula, until chocolate is melted, about 5 minutes. Remove from heat. Mix almonds and coconut into melted chocolate. Pour into a 9-inch pan and spread evenly. Pat down to make fudge even. Refrigerate until firm, about 1 hour. Cut into squares.",Pour 1/3 cup of hot hot milk into microwave safe bowl; then microwave until all milk is absorbed. Stir in condensed milk. Add almonds and coconut. Whisk in whipped cream. Bake 30 minutes in a 350 F oven. Serves 20 (or more).,finetuned_top_k
160,Snickerdoodle Donuts,"FOR THE TOPPING: 1/2 cups Sugar 1 teaspoon Cinnamon 2 teaspoons Butter, Melted FOR THE DONUTS: 2-1/4 cups All-purpose Flour 1-1/4 cup Sugar 2 teaspoons Baking Powder 1 teaspoon Cream Of Tartar 1 teaspoon Salt 1/2 teaspoons Cinnamon Pinch Nutmeg 1 cup Cream 2 whole Eggs 1 Tablespoon Vanilla Extract 3 Tablespoons Butter, Melted","For the topping: In a medium shallow bowl, combine the cinnamon and sugar (for the topping) and set aside. Melt the butter in a small pan. For the donuts: In a large bowl combine all of the dry ingredients. In a separate bowl, whisk together the cream, egg and vanilla until smooth. Make a well in the dry ingredients and pour in the wet ingredients. Stir together and add the melted butter to the batter. Stir the batter and mix it really well until smooth and sticky. Spoon the batter into the donut pan. Bake at 350°F for 10-12 minutes or until golden on top. Let them cool for a few minutes before gently brushing them with a bit of melted butter and turning them out into the cinnamon sugar topping. Coat them with the cinnamon sugar and enjoy!","Combine the sugars, cinnamon, butter, baking powder, salt, and nutmeg in a large bowl; beat gently with a whisk until well combined. Add the remaining ingredients. Arrange dough in greased baking dish lined with ungreased foil. Bake at 450 for 45-45 minutes or until done and toothpick inserted in center comes out clean.",finetuned_top_k
161,Veg-All Casserole,"2 cans Veg-All, drained 1 can water chestnuts, drained 1 c. celery 1 c. grated cheese 1 c. mayonnaise",Mix together; pour into buttered casserole. Bake until bubbly and top with herbed bread crumbs and return to oven for 5 to 10 minutes.,"Mix and drain all ingredients except grated, celery and cheese. Place in buttered casserole dish. Bake 1 1/2 hours at 350°.",finetuned_top_k
162,Raspberry Cranberry Jello,3 small pkg. raspberry Jell-O 2 c. raspberry yogurt 3 c. boiling water 1 can whole cranberry sauce,Mix and refrigerate for 1 hour or until Jell-O begins to set. Beat until fluffy. Add 1 can of cranberry sauce and chill.,"Place in container, then freeze. Shake well. Then freeze according to package directions. If you don't see it in container freeze until you see orange colored color.",finetuned_top_k
163,Woo-Hoo Fish Tacos,"Pico de gallo: 2 plum tomatoes, seeded, chopped 1/4 small yellow onion, finely chopped 4 scallions, white and light-green parts only, thinly sliced 1/4 cup chopped fresh cilantro 1/2 teaspoon fresh lemon juice (optional) 1/2 teaspoon chopped fresh oregano 1 jalapeno, stemmed, seeded, minced Kosher salt freshly ground black pepper Crema: 1/4 c light mayo 1/4 c light sour cream 1 tsp lime juice 1 tsp lime zest kosher salt Tacos: 1/2 tablespoon paprika 1/2 teaspoon garlic powder 1/2 teaspoon onion powder 1/2 teaspoon dried oregano 1/2 teaspoon dried thyme 1/2 teaspoon kosher salt 1/2 teaspoon freshly ground black pepper 1/8 teaspoon cayenne pepper 1-pound mahi-mahi fillet Vegetable oil (for brushing) 8 6"" corn tortillas, warmed 1 cup finely shredded cabbage","For pico de gallo: Combine first 7 ingredients in food processor. Season to taste with salt and pepper. For crema: All ingredients in a serving bowl For tacos: Warm up oil in a cast iron pan on medium high. Combine all dried spices in a small bowl. Sprinkle over fish. (leave some fish unseasoned for the kids.) Grill fish until cooked through, about 4 minutes per side. Using a fork, coarsely shred fish. Fill tortillas with fish, cabbage, and pico de gallo. Drizzle with crema.","Preheat the grill to medium. Brown the peppers in the oil with a few spoonfuls (you will need to keep in your bowl). Roast the cilantro in the grill with the mayo and lime juice as they cook, stirring occasionally, until they are completely tender (about a minute). Stir in the mayonnaise, sour cream and lime zests. Add the rice and toss in the salad ingredients, with your hands, then the cumin and jalapeño and the garlic powder. Cook until both flavors are well combined. Serve with a layer of jalapa and sour cream in the center.",finetuned_top_k
164,Blueberry Lemon Mousse Tart,"1 23 cups graham cracker crumbs (9 to 10 whole crackers) 13 cup quick-cooking rolled oats 3 tablespoons firmly packed brown sugar 5 tablespoons butter, melted 1 12 cups heavy cream, divided 3 tablespoons sugar, divided 14 teaspoon lemon extract 1 (8 ounce) package cream cheese, softened 3 tablespoons boiling water 2 teaspoons unflavored gelatin (1 envelope) 1 (12 ounce) jar Smucker's Orchard's Finest Northwoods Blueberry Preserves, divided 34 cup fresh blueberries","COMBINE cracker crumbs, oats and brown sugar in medium bowl. Stir in melted butter with a fork until evenly moistened. Press into 8-inch springform pan. BEAT 1 cup heavy cream until stiff peaks form. Beat in 2 tablespoons sugar and lemon extract. Place cream cheese on microwave-safe plate. Mircowave on HIGH 15 to 20 seconds or until very soft. Add to whipped cream, beating until smooth. Pour boiling water over gelatine in small bowl. Stir about 2 minutes or until gelatine is completely dissolved. Beat into cream cheese mixture until blended. Stir in 3/4 cup preserves. Spread over crumb crust. Chill 2 hours or overnight. BEAT remaining 1/2 cup heavy cream until stiff peaks form. Beat in 1 tablespoon sugar. Place in resealable plastic bag. Cut small corner off bag. Remove outer rim of pan. Place dollops of whipped cream around outside edge of cheesecake. Stir remaining preserves with fresh blueberries in small bowl. Spoon evenly in center of cheesecake.","In a large bowl, melt the butter over medium heat. Stir in the oats, brown sugar, brown granulated sugar and 1/2 teaspoon of the lemon extract; mix until blended. Fold in the cream cheese. Pour into a heavy, heavy sauce pan and sprinkle with the cooled mixture. Let cool on paper towels before serving.",finetuned_top_k
165,Bourbon Chocolate Pecan Pie,"1-1/4 cups all-purpose flour 1 tablespoon sugar 1/2 teaspoon salt 1/2 cup cold butter 3 to 5 tablespoons ice water 3 large eggs 1 cup packed dark brown sugar 1/2 cup light corn syrup 1/2 cup dark corn syrup 1/4 cup bourbon 2 tablespoons butter, melted 1/2 teaspoon salt 1-1/2 cups pecan halves, divided 3/4 cup 60% cacao bittersweet chocolate baking chips, divided","Combine flour, sugar and salt; cut in butter until crumbly. Gradually add water, tossing with a fork until dough holds together when pressed. Flatten into a disk. Wrap in plastic; refrigerate until easy to handle, about 1 hour. Preheat oven to 325°. On a floured surface, roll dough to a 1/8-in.-thick circle; transfer to a 9-in. pie plate. Trim pastry to 1/2 in. beyond rim of plate; flute edge. Beat first seven filling ingredients until blended. Stir in 1 cup pecans and 1/2 cup chocolate chips. Pour filling into crust; sprinkle with remaining pecans and chocolate chips. Bake until crust is golden brown and filling is puffed, 50-60 minutes. Cool completely on a wire rack.","In a large bowl, combine flour, sugar, salt, and eggs until combined. In another large bowl whisk together dry ingredients. Add butter, stir well and beat until mixture starts to sizzle. Do not overindulge. Remove from heat. Meanwhile, in a large mixing bowl beat chocolate and orange colored syrup until smooth, then beat in the bourbon until smooth. Stir in pecans and chocolate chips. Divide dough into 10 or 12 inches total, making 6 to 8 pie crusts. Spray a 18x13x3-inch pan with paper liners and grease pan with waxed paper. Fill and lightly fill a standard pie pan. Fold top crusts into crust, leaving 5 pared edges. Bake in preheated oven until filling comes apart, about 30 minutes.",finetuned_top_k
166,Monster Cookies,6 eggs 2 c. brown sugar 3 c. peanut butter 2 Tbsp. vanilla 12 oz. M&M's 1 c. margarine 2 c. sugar 4 tsp. soda 12 oz. chocolate chips 9 c. quick oatmeal,"Cream together the margarine, peanut butter and sugars. Add eggs, creaming well. Add to mixture the soda and vanilla. Mix well. Add chips and M&M's. Add oatmeal. Bake at 350° for 13 to 16 minutes. These must be soft on top when done baking. Let set on pan for a few seconds before removing.",Beat eggs. Add vanilla; beat well. Mix in sugar and soda. Cool. Melt 2 Tbs. margane in pan. Put in unbaked pan. Fill with sugar mixture.,finetuned_top_k
167,Tailgate Beans,"1/2 lb. ground beef 10 slices bacon, diced 1/2 onion, chopped 1/3 c. brown sugar 1/4 c. bottled barbecue sauce 1/4 c. catsup 2 Tbsp. mustard 2 Tbsp. molasses 1/2 tsp. chili powder 1/2 tsp. pepper 1 (16 oz.) can kidney beans 1 (16 oz.) can lima or butter beans 1 small can pinto beans 1 can pork and beans (not drained)","In a skillet, cook beef and bacon until lightly browned. Pour off excess fat. Combine meats with all ingredients. Turn into casserole dish. Heat in 350° oven for 30 minutes. Serves 10.","Coat a 1-quart casserole dish with cooking spray. (Instructions will vary, but for some reason the meat must remain intact.) Place meat in casseroles to cook. Brown bacon, onion and brown sugar over medium-high heat until crisp; drain. Stir in barbecue sauce, catsup, mustard, molasses, chili powder, pepper, mustard and remaining sauce. Spread to evenly brown. Heat to 1,400° F. Place beans in cider or jar; top with casserol. Cover and bake at 400° for 35 to 40 minutes. Sprinkle meat with remaining sauce before serving.",finetuned_top_k
168,Pumpkin Roll Iii,"3 eggs 1 cup white sugar 2/3 cup pumpkin puree 1 teaspoon lemon juice 3/4 cup all-purpose flour 2 teaspoons ground cinnamon 1 teaspoon ground nutmeg 1 teaspoon ground ginger 1/2 teaspoon salt 1 teaspoon baking powder 1 1/2 cups confectioners' sugar 8 ounces cream cheese, softened 4 tablespoons butter, softened 1/2 teaspoon vanilla extract","Preheat oven to 350 degrees F (175 degrees C). Grease and flour jelly roll pan. (I use a 15x18 inch pan lined with waxed paper and then greased and floured.) Beat eggs with electric mixer for 2 1/2 minutes. Add sugar slowly while still beating. Beat for 3 1/2 minutes more. Fold in pumpkin and lemon juice. Mix together the flour, cinnamon, nutmeg, ginger, salt and baking powder. Fold into batter. Spread batter onto prepared pan. Bake for 15-18 minutes. Remove from oven and allow to cool enough to handle. Remove cake from pan and place on tea towel (cotton, not terrycloth). Roll up the cake by rolling towel inside cake and place seam-side down to cool. Prepare the frosting by blending together the sugar, cream cheese, butter and vanilla. When the cake is completely cooled, unroll cake and spread with cream cheese filling and roll up again without the towel. Wrap with plastic wrap. Refrigerate until ready to serve. Sprinkle with confectioners sugar and slice into 12-15 servings.","Beat eggs well, add milk and pumpkin pureed oil and whisk until blended. Add pumpkin mixture, cinnamon, salt, baking powder and nutmeg to dry ingredients. Fold in 1/4 teaspoon of melted butter. Bake at 325°F for 30 minutes or until a toothpick inserted in center comes out clean. Cool on wire rack.",finetuned_top_k
169,Asparagus With Hollandaise Sauce,"3 whole Egg Yolks 1 Tablespoon Water 3/4 cups Butter, Divided Use (1 Tablespoon Should Be Cold And The Rest Softened) 1 Tablespoon Fresh Lemon Juice Salt And White Pepper 2 bunches Asparagus, Firm, Crisp Stalks","Beat the egg yolks in a small saucepan until they become thick and sticky. Add the water, lemon juice and salt and beat for half a minute more. Add a tablespoon of cold butter but don't mix to incorporate it into the eggs yet. Now place the saucepan over low heat. Then stir the egg yolks with a wire whisk until they slowly thicken into a smooth cream. If they thicken too much or become lumpy immediately plunge the bottom of the pan in cold water, beating the eggs to cool them. Then continue on the heat again beating until you can begin to see the bottom of the pan between strokes. Now start to incorporate the softened butter in dollops continuing to whisk constantly and moving the pan off and on the heat as needed if it appears to be getting too hot. When all the butter is incorporated season to taste with salt and white pepper. Remember that the Hollandaise sauce is served warm, not hot. The saucepan can be kept in a bowl of lukewarm water for about an hour. Whisk occasionally. Break the tough end off the asparagus stalks by bending them and letting them snap off where they are more tender. Discard ends. Wash the stalks well. Fill a large saucepan with water and some salt and heat it up. Bring to a boil. Add asparagus and let it simmer covered for 4-5 minutes or until just tender. Immediately remove asparagus from the hot water and serve it topped with the Hollandaise sauce. Excerpted from Mastering the Art of French Cooking by Julia Child. Copyright 1961 by Alfred A. Knopf. Reprinted with permission from the publisher Alfred A. Knopf, a division of Random House, Inc.","In a small saucepan, combine the egg yolks, water, butter, lemon juice, salt and pepper. Bring to a boil over medium high heat, stirring frequently. Reduce heat to low, and simmer until the liquid has reduced to about one cup, about 10 minutes, stirring slightly or until the skins open.",finetuned_top_k
170,Phad Ped Gare (Stir-Fried Lamb With Red Curry Paste and Ginger),"200 g lamb, sliced 120 g string beans 80 g purple eggplants 30 g ginger 20 g kaffir lime leaves 10 g fresh black peppercorns 50 g Thai basil 10 g garlic, chopped 10 g small red chilies, chopped 20 g big red chilies, sliced 30 g white sugar 30 g oyster sauce 10 ml coconut milk","Heat wok and add oil. When the oil is hot, add the garlic, small chopped chilies, curry paste and wild ginger. Stir and cook until the mixture is soft and flavorful. Add the lamb, string beans, and eggplant to the curry paste. Keep stirring until fully cooked. Add sugar and oyster sauce and stir well. Taste to see if more seasoning is needed. Add the fresh pepper corns, sweet basil, and sliced chili. Stir well. Ladle on to a plate, add a dash of coconut milk and serve.","Stir-fry the lamb, add all the ingredients, heat for 15 mins and place on a baking tray. Turn on a charcoal grill and fry till done.",finetuned_top_k
171,Fried Garlic Pasta,"1 pound angel hair pasta 2 cups olive oil for frying 2 bulbs garlic, peeled and diced 1 cup grated Parmesan cheese","Bring a large pot of lightly salted water to a boil. Add pasta and cook for 8 to 10 minutes or until al dente; drain. Heat olive oil in a saucepan over medium heat until a piece of garlic dropped into the oil slowly bubbles. Add the garlic, and cook and stir until golden brown, 5 to 7 minutes. Remove garlic from the oil with a slotted spoon and set aside; reserve oil. To serve, place the pasta onto individual serving dishes and sprinkle with fried garlic. Drizzle with a little of the frying oil and sprinkle with Parmesan cheese. Reserve remaining garlic-flavored oil for another use.","Fry the pasta according to package directions, turning frequently. While the pasta is being cooked, heat 2 tablespoons of the oil in a frying pan. Saute all the garlic and pepper on each side until the garlic is soft and hot but not burning. Return the heated pasta to the pan. Add the basil and sprinkle over. Cook, stirring frequently, until the basil is softened and is crisp-tender. Serve and enjoy!",finetuned_top_k
172,Roasted Eggplant With Spiced Chickpeas (Moussaqa),"3 large eggplants, peeled and sliced lengthwise (about 1/2 inch thick) 1/4 cup and 2 tablespoons olive oil, plus extra for pans 1/4 cup peanut oil 1 onion, minced 6 garlic cloves, minced 1 28-ounce can diced tomatoes 1 teaspoon allspice 1 teaspoon cinnamon 1 tablespoon pomegranate molasses Sugar to taste Salt and black pepper 1 15-ounce can chickpeas, drained and rinsed (about 1 cup) 1/2 cup pine nuts, toasted Fresh mint leaves, for garnish Thick yogurt for serving, optional","Heat oven to 450 degrees and lightly oil two baking sheets (or use nonstick). Combine the 1/4 cup olive oil and the peanut oil. Brush eggplant slices on both sides with the mixture, then place on pans. Roast, flipping once, until golden brown on both sides, about 15 minutes total. Set aside. In a large skillet, heat the 2 tablespoons olive oil over medium heat. Add onion and garlic, and cook, stirring, until soft and translucent, about 10 minutes. Add tomatoes, spices and molasses, and bring to a simmer. Add sugar, salt and pepper to taste. (The amount of sugar will depend on the tomatoes sweetness; there should be a hint of sweetness in the mixture.) Simmer until slightly thickened, about 15 minutes. Add chickpeas and cook until thick, 5 to 10 minutes more. Stir in half the pine nuts and set aside. To serve, place a slice of eggplant on a platter and spoon tomato-chickpea mixture onto the wide end of the slice. Fold the narrower end of the slice over to cover the filling and place a mint leaf on top. Repeat with remaining slices and garnish with remaining pine nuts. Serve cold or at room temperature, topping each piece with a dollop of yogurt, if using.","In a heavy skillet, heat oil over medium. Add the eggplant and saute until softened, about 4 minutes per side. Add onion, garlic and tomato. Bring to a boil, stir in and reduce heat to medium heat. Reduce heat to low and cook uncovered for 10 minutes, brushing all sides, until tender, about 1 hour. Stir in the chick peas, nuts, molasses, cinnamon, pomegles, mol: salt and pepper; boil until heated through, about 12 minutes. Add chickpea mixture to the eggplant mixture as desired; stir, add yogurt gently and toss gently. If sauce has been thickened enough, pour into glasses. Enjoy!",finetuned_top_k
173,Kraut Burgers,1 1/2 lb. hamburger 1 large onion salt and pepper 1 medium head cabbage 2 cans crescent rolls,"In large deep skillet, brown hamburger and onion. Then cover meat with water (about 4 cups). Shred cabbage and place in skillet. Mash down so it is covered with the water. Cover and simmer on a medium heat until cabbage is just tender. Mix up meat with the cabbage, then pour into a colander in sink and let drain thoroughly.","Boil hamburger, onions, cabbage and onion until tender. Drain 1 can of crescent roll mix in a large pot and mix together. Sprinkle cheese to taste over filling. Put rest of vegetables in pot mix and spread on top of burger. Bake at 350° until burgers are meaty. Serve around hot dogs.",finetuned_top_k
174,Salted Caramel Chocolate Chip Cookies,"2 3 .5-ounce caramel-filled dark chocolate candy bars 1 3/4 cups all-purpose flour 1/2 teaspoon baking soda 1/2 teaspoon baking powder 1/4 teaspoon fine salt 1 stick unsalted butter, at room temperature 1/2 cup packed light brown sugar 1/4 cup granulated sugar 1 large egg 1 teaspoon pure vanilla extract Flaky sea salt, for sprinkling","Freeze the candy bars until hard, at least 1 hour; cut into 1/4-inch pieces and keep frozen until ready to use. Whisk the flour, baking soda, baking powder and fine salt in a medium bowl. Beat the butter, brown sugar and granulated sugar in a large bowl with a mixer on medium speed until light and creamy, about 3 minutes. Add the egg and vanilla and beat until combined. Reduce the mixer speed to low and gradually beat in the flour mixture until incorporated. Stir in the frozen chocolate pieces. Line 2 baking sheets with parchment paper. Arrange scoops of dough (about 2 tablespoons per cookie) about 2 inches apart on the baking sheets. Refrigerate until cold, at least 1 hour or overnight. Position racks in the upper and lower thirds of the oven and preheat to 375 degrees F. Sprinkle the cookies with sea salt. Bake, switching the pans halfway through, until light golden, 10 to 12 minutes. Let cool completely on the baking sheets. Photograph by Levi Brown","Preheat oven to 350°F in large 9x13-inch pan. In medium bowl, sift chocolate-chip flour, baking soda, and baking powder together in a small mixing bowl. In same bowl whisk margarine and brown sugar (using an electric mixer if using), and whisk in egg, 1 at a time, until light and fluffy. Add vanilla and egg. Stir until smooth; whisk in salt and dry ingredients into flour mixture alternately with the flour mixture. Spoon onto parchment-lined cookie sheets and bake in preheated oven until set, 35 to 40 minutes or until edges are lightly browned, about 45 minutes. Let cool, then beat in butter and brown chocolate chips. Transfer to a wire rack to cool. Brush bottom and sides of each cookie with peanut butter",finetuned_top_k
175,Quick And Easy Party Meat Balls,3 to 5 lb. ground beef 1 to 2 packets Lipton onion soup mix 2 to 3 jars Heinz chili sauce 10 to 12 oz. jar Welch's grape jelly 1 to 2 eggs,"Mix ground beef, eggs and soup mix real good. Roll into 1-inch balls. Cook at 350° until brown. While meat balls are cooking, in a large saucepan, mix chili sauce and jelly, heating to boiling. When meat balls are cooked, add them to the sauce. Cover and simmer on warm heat until ready to serve. The meat balls can be made ahead of time and placed in the freezer until you want to have a party.","Mix all together. Mix to make a nice ball size. Roll in hot milk and mix, then put in a plastic bag. Place on cookie sheet and bake at 350° for 20 minutes.",finetuned_top_k
176,Apple Cinnamon Muffins,"1-1/2 cups all-purpose flour 1/2 cup sugar 1-3/4 teaspoons baking powder 1/2 teaspoon salt 1/2 teaspoon ground cinnamon 1/8 teaspoon ground nutmeg 1 egg 1/2 cup milk 3 tablespoons vegetable oil 3 tablespoons applesauce 1 medium tart apple, peeled and grated 1/4 cup packed brown sugar 1 tablespoon all-purpose flour 2 tablespoons cold butter 1/2 cup old-fashioned oats 1/4 cup finely chopped nuts","In a bowl, combine the first six ingredients. In another bowl, combine the egg, milk, oil and applesauce. Stir into dry ingredients just until moistened. Fold in apple. Fill greased or paper-lined muffin cups two-thirds full. For topping, combine brown sugar and flour. cut in butter until crumbly. Stir in oats and nuts. Sprinkle over muffins. Bake at 400° for 18-22 minutes or until a toothpick comes out clean. Cool for 5 minutes before removing from pan to a wire rack. Serve warm.","In a large bowl, cream the flour and sugar; set aside. In a medium bowl, beat egg and milk until light and frothy. Beat in the apple and brown sugar. Add the applesauces and brown sugars; beat well then form into a paste. Pour into 9-inch muffin tins coated with cooking spray, then roll in all of the cinnamon and nutmeg. Bake at 325F, 50 to 60 minutes. Meanwhile, in a large saucepan, heat oil over medium-high heat until hot. Add all but cup of the apples, applesaucing mix, brown sugar and spices. Bring to a boil, then reduce heat and simmer for 10 minutes, until thickened. Cool on racks in the preheated oven for 45 minutes. Remove from the oven",finetuned_top_k
177,Sausage Soup,1 lb. hot Italian sausage olive oil 1 large can of tomatoes 2 cans of water (from tomato can) 2 small cans of mixed vegetables 1/2 c. barley Oregano and tarragon to taste 2 c. colored pasta twirls,"Brown sausage in small amount of olive oil. Add tomatoes and water and then vegetables, barley and seasonings.",Cook sausage. Combine all ingredients. Cook 40 to 60 minutes. Makes 2 to 3 servings.,finetuned_top_k
178,Cherries Jubilee-Black Pepper Glazed Ham,"1 (10- to 12-lb.) smoked, ready-to-cook bone-in ham 1 (14-oz.) can low-sodium chicken broth 2 1/4 cups cherry preserves (about 2 [12-oz.] jars) 3/4 cup brandy 1/4 cup cider vinegar 1 tablespoon freshly ground pepper 3 tablespoons whole grain Dijon mustard 3 tablespoons cane syrup Whole grain Dijon mustard Garnishes: fresh cherries, fresh sage sprigs","Remove skin from ham, and trim fat to 1/4-inch thickness. Make shallow cuts in fat 1 inch apart in a diamond pattern. Place ham in an aluminum foil-lined roasting pan; add broth to pan. Stir together preserves and next 5 ingredients in a saucepan; bring to a boil over medium-high heat, stirring constantly. Reduce heat to medium-low; simmer, stirring constantly, 5 minutes or until mixture is slightly reduced. Cover and chill half of cherry mixture until ready to serve. Brush ham with half of cherry mixture. Bake ham at 275° on lower oven rack 4 hours to 4 hours and 30 minutes or until a meat thermometer inserted into thickest portion registers 148°, basting with remaining cherry mixture every 30 minutes. Let ham stand 15 minutes before slicing. If desired, reheat reserved chilled cherry mixture. Serve ham with reserved cherry mixture and mustard. Garnish, if desired. Note: We tested with Smucker's Cherry Preserves and Smithfield Hardwood Smoked, Ready-to-Cook Ham.","Mix in 1 tablespoon (1/4 tablespoon) of the dressing. Cook and stir for 45 minutes or until glaze is firm, but not bubbly. Cover and refrigerate up to 3 days. Serves 8.",finetuned_top_k
179,Shipwreck,"1 layer sliced raw potatoes 1 layer diced onion (1 medium) 1 layer raw ground beef, patted down 2 stalks raw celery, chopped 1 can pork and beans 1 can tomato soup, mixed with 1 can water","Pour soup over all and bake at 325°, covered. Bake 2 hours. Uncover the last 1/2 hour.","Place potatoes in a large bowl; toss to coat all 4 sides of potatoes. Slice onions in half. Set aside. Add beef, onion, celery and tomato soup; mix thoroughly. Mix in water. Pour into 13 x 9-cm baking dish. Bake in the preheated oven at 450° for 1 hour or until tender.",finetuned_top_k
180,Time Bomb,2 parts white rum 1 part Kahlua 2 parts cola ice (optional),"Place rum and Kahlua in a cocktail glass, add ice if desired. Top with cola and serve.",Place the remaining ingredients. Pour the mixture on a sheet tray about 12-inches wide. Pour half the ice into the tray. Then pour the rest and enjoy!,finetuned_top_k
181,Praline Cookies,"24 graham crackers 1 c. light brown sugar, packed 1/2 c. butter or margarine 1 c. chopped nuts","Grease a 15 1/2 x 10 1/2 x 1-inch jelly roll pan. Line bottom of	pan with whole graham crackers. Place brown sugar and butter in	saucepan. Bring to a rolling boil and cook for 1 1/2 minutes. Remove from heat. When mixture has stopped bubbling, stir in nuts. Spoon and spread over graham crackers. Bake in a 350° oven for 10 minutes. Cool and cut into 48 (1 x 2-inch) bars.","Melt butter in a medium saucepan over low heat. Add crackers; cook until crumbly. Sprinkle nuts with sugar. Spread over cookie sheet. Bake until cookies break at the edges, about 10 minutes per person. Cool completely to room temperature. Serves 9.",finetuned_top_k
182,Lamb Vindaloo,"1- 1/2 Tablespoon Grainy Mustard 1- 1/2 teaspoon Ground Cumin 1 teaspoon Ground Turmeric 1 teaspoon Cayenne Peper (adjust Depending On Your Heat Tolerance) 1 teaspoon Salt 1 teaspoon Red Wine Vinegar 2 Tablespoons Olive Oil 1 Small Onion, Peeled & Cut Into Fine Half-rings 6 cloves Large Cloves Garlic, Peeled And Minced 2 pounds Boned Shoulder Of Lamb - Cut Into 1"" Cubes 23 cups Canned Coconut Milk - Well Stirred 23 cups Water 1 Small Green Chili (optional)","Combine mustard, cumin, turmeric, cayenne, salt and vinegar in a cup and mix well. Set aside. Put oil in large frying pan over medium-high heat. When the oil is hot, add the onion and cook until its medium brown. Add the garlic and cook another 30 seconds. Add the spice paste and cook another minute. Add meat and stir-fry for about 3 minutes more. Add the coconut milk and water, cover and bring to a boil. Lower heat to a simmer and cook for 60-70 minutes. Optional: Depending on the thickness and amount of sauce you prefer, the liquid can be reduced at this point. I like to reduce the liquid until its about 1/2 the amount the original recipe calls for. To do this, at the end of the 60-70 minutes of simmering, uncover the pan, bring the liquid to a boil and simmer until the sauce is 1/2 the amount you started with (about 10-15 minutes). Remove from heat and serve. Adapted from Madhur Jaffreys Quick & Easy Indian Cooking.","In a large bowl, whisk all ingredients except water, oil & couscous. Combine all dry ingredients and mix well. Cover and chill for one week or longer. Cook bouillon cubes in boiling water. Set aside. In a medium skillet, cook bouillon for 4 minutes on each side or until soft; drain and set aside. Place the bouillon mixture into the pan. Stir in the canned coconut milk. Add the fish and cook stirring until just set, 4 to 5 minutes on the other side. Add additional canned coconut before adding to the pan if liquid is reduced. Add any additional shrimp (peeled & chopped in the last 5 minutes) and cook 10 to 15 minutes longer on each of the last 8 minutes. Transfer the fish to a basting pan and bake at 350 degrees",finetuned_top_k
183,"Eggplant, Tomato and Fennel","4 small Japanese eggplants (about 3 1/2 inches long), each pricked 4 times with a fork 4 large plum tomatoes (about 2/3 pound), each pricked 4 times with a fork 1/2 bulb fennel, cored and quartered lengthwise 4 large cloves garlic, smashed and peeled 2 sprigs fresh basil 1/4 teaspoon fresh thyme 2 tablespoons olive oil 1 tablespoon water 1 teaspoon kosher salt Freshly ground black pepper","Arrange eggplants spoke-fashion, stems toward the center, around the inside rim of a 2-quart souffle dish. Place tomatoes in center. Scatter fennel on top of eggplant. Tuck garlic, basil, and thyme between vegetables. Pour oil, water, salt, and pepper over all. Cover tightly with microwave plastic wrap. Cook in microwave oven at 100 percent for 15 minutes. Remove from oven. Uncover and let stand for 3 minutes before serving.","Cut eggplant in half lengthwise so no large pieces of each are cut off. Place in a single layer in greased, but well-greased, bowl. Set aside. In the bowl of an electric mixer, beat the eggplant, tomato slices, plum tomatoes, and garlic until soft peaks form on the underside of the eggplant slices. Beat in water and salt and whisk until smooth and creamy. Add 1 tsp of thyme if you wish.",finetuned_top_k
184,Crisp Oatmeal Cookies,"1 c. shortening 1 c. brown sugar 1 c. white sugar 2 eggs, beaten 1 tsp. vanilla 1 1/2 c. flour, sifted 1 tsp. soda 1 tsp. salt 3 c. oatmeal 1/2 c. chopped nuts",Cream shortening and sugar. Add eggs and vanilla. Beat well. Sift dry ingredients. Add to creamed mixture together with oats and walnuts; mix well. Chill and drop on ungreased cookie sheet. Bake at 350°. Yields 5 dozen.,"Mix shortening and sugars. Spread on ungreased unbaked cookie sheet. Bake at 375° for 30 minutes until set. Grease and flour a 10 x 13-inch baking pan. Put in oven at 375 degrees for 20 minutes until brown and set. Roll out edges, turning dough, edges up and down, so they form a triangle. Spread out filling ingredients on baking sheets. Bake 30 minutes longer or until hot.",finetuned_top_k
185,Stewed (Sherried) Apples - Microwave,"6 large apples, peeled and thinly sliced (Cortland, Golden Delicious, Brayburn, Granny Smith are good choices) 2 Tbsp. cocktail sherry or water sugar to taste 1 tsp. cinnamon (if desired) 1 Tbsp. butter (optional)","Put apples in micro-safe covered casserole (a 2-quart dish is adequate since apples cook down quickly). Sprinkle with 2 tablespoons sugar if apples are tart. Microwave on High for 3 minutes. Stir or fold gently; return to oven and cook 3 minutes on High power. At this point, the firmer, crisper apples like Granny Smith will need more cooking. You want fork-tender, but not mushy, slices. Continue to cook 2 to 3 minutes on High power and check and stir again. Most apples will be tender at 9 to 10 minutes cooking. Yields about 6 servings.","Place fresh apples in glass pan. Add cider and sherry to apples mixture and bake, uncovered, at 350° until apples are almost done, about 10 minutes. Cool before serving.",finetuned_top_k
186,Jerusalem Artichoke And Apple Purée,"3 pounds Jerusalem artichokes 2 apples 1 Yukon Gold or other yellow-fleshed potato 1 cup heavy cream 2 tablespoons butter Water, as necessary Salt and pepper, to taste","Peel the Jerusalem artichokes, potato, and apple and cut into rough 2-inch pieces. As you are prepping, drop them in lightly salted water so they don't discolor. Drain the vegetables and place in a pot with 1/2 cup of the cream and just enough water to cover the vegetables. Boil until tender. Drain puree using a food mill or potato ricer. Do not put in a food processor or blender, as it will come out gummy. Meanwhile, heat the remaining cream with the butter. When melted, stir into the puree lightly (you don't want to overwork it). If you want to make it ahead, you can cool the mixture down and then reheat in a hot 375° F oven. Place the potatoes in a Dutch oven or roasting pan, drizzle a couple tablespoons of water around the edges and a pinch of salt, and heat up for about 15 minutes, until the puree is hot throughout, and personally, I like to let it get a bit golden on the top.","Wash and pat the artichoke into a dish, and place it in a large baking dish, or possibly a blender. Melt the butter in about 1 cup of cold water, add the potatoes, cream of mushroom soup and a little water. Add the potatoes and potatoes and bring mixture to a boil. Cover with plastic wrap, and steam until it is thick. Stir the cream, butter and salt and pepper in a big bowl until combined. Pour the water through the lid on the blender gently. Add enough snow (not too thick) to the potatoes to make a paste when it forms, which then helps the sauce out. Stir in the butter; add the salt and the pepper. Cook until the sauce thickens slightly, about an hour. Put the artefot in the blender, and",finetuned_top_k
187,Brisket Hash,"2 tablespoons vegetable oil 2 large Idaho potatoes, 1/4-inch dice 2 large sweet potatoes, 1/4-inch dice Kosher salt and freshly ground black pepper 4 cloves garlic, thinly sliced 4 green onions, thinly sliced 1 Spanish onion, 1/4-inch dice 1/2 teaspoon paprika Pinch of cayenne pepper 1 pound leftover cooked beef brisket, roughly diced, plus 1/4 to 1/2 cup braising liquid","Heat the vegetable oil in a large saucepan over high heat. Cook the Idaho and sweet potatoes until they begin to get some color, approximately 10 minutes. Season with kosher salt while cooking. Turn the heat down to medium and add the garlic, green onions, Spanish onions, paprika and cayenne and cook for another 10 minutes. Add the brisket and some of the braising liquid, scraping the bottom of the pan with a wooden spoon. Add more braising liquid if the pan seems dry and bring to a simmer to bring all of the ingredients together. Season to taste. Serve with a fried egg on top and a side of Texas toast!","Wash potatoes in a nonreactive pot; drain. Melt vegetable oil, stirring to dissolve salt (and a dash of black pepper), then set aside. Combine the potatoes and potatoes; mix well. Heat in the remaining vegetable oil. Season to taste. Place the meat in the pot, and cook uncovered, stirring occasionally, until browned and tender to the touch, about 7 minutes on each side or until tender but still slightly salty. Stir in the onion, green onions and paprika. Add the brisket and cook over medium heat until evenly heated and thickened (4 to 5 minutes or until the meat is almost cooked through) and stirring frequently, about 5 minutes. Drain; discard seeds and set aside until cool. Transfer brisket to a large bowl. Salt or pepper the briskets",finetuned_top_k
188,Chef Salad Dressing,1 tsp. sugar 1 tsp. salt 1/8 tsp. pepper 2 tsp. grated onion dash of paprika 1/3 c. oil 2 Tbsp. vinegar 2 Tbsp. ketchup,Combine all ingredients in jar; shake well to mix. Yield 6 servings.,Simmer and cook dressing 1 hour or until almost tender.,finetuned_top_k
189,Crockpot Pizza Soup,"1 lb ground beef 1 medium onion, diced 1 red pepper, diced 2 (28 ounce) cans condensed tomato soup, undiluted 6 12 cups water 1 (28 ounce) jar spaghetti sauce 1 tablespoon italian seasoning 1 (4 ounce) cansliced black olives, drained 1 (4 ounce) can sliced mushrooms, drained 2 cups shredded cheddar cheese additional shredded cheddar cheese","In a soup kettle or Dutch oven, cook beef with onions and red pepper over medium heat until no longer pink; drain. Add remaining ingredients to crockpot EXCEPT cheese. Stir to combine and cook on low for 6-8 hours. Before serving, add cheese. Stir until melted. Garnish with additional cheese if desired.","Cook beef in medium-sized saucepan. Cook onion, pepper, and tomatoes until tender, turning once. Add water, spaghetti sauce, and spaghetti sauce. Mix together. Bring soup to boil, bring to thick sauce, cover and simmer 15 minutes or until liquid is absorbed. Stir in olives and tomatoes. Cover and simmer 1 hour. Sprinkle cheese on top. Serves 8.",finetuned_top_k
190,Banana Snack Cake,"1 c. oleo, softened 1 c. sugar 2 eggs 1/2 c. buttermilk 1 c. (2 medium) mashed bananas 1 tsp. vanilla 2 c. flour 1 c. rolled oats 1 1/2 tsp. soda 1/2 tsp. salt 6 oz. chocolate chips 1/2 c. chopped nuts","Heat oven to 350°. Grease a 13 x 9-inch pan. In large bowl, cream oleo, sugar and eggs. Stir in buttermilk, bananas and vanilla; mix well. Lightly spoon flour into measuring cup; level off. Stir in flour, oats, soda and salt; mix well. Stir in chips. Spread batter into prepared pan. Sprinkle nuts on top. Bake for 30 to 35 minutes.","In bowl, combine sugar, eggs, buttermolk and vanilla. Mix then combine oleos and beaten eggs. Set aside. Pour in crumbs or flour. Mix brown sugar with melted oleon mixture. Press on surface of cake shell and cut into logs. Bake at 375° until set and toothpick inserted in center comes out clean. Cool in pans for about 20 minutes. (Do not peel or peel again during baking.) Remove to wire rack to cool completely. Makes 8 cups. (No more filling at the bottom; the topping will be crumbly and chewy.) (No extra filling will be added.)",finetuned_top_k
191,Margarita Party Pie,"1 1/2 cups crushed pretzels 1/4 cup white sugar 2/3 cup butter, melted 1 (14 ounce) can sweetened condensed milk 1/4 cup fresh lime juice 1/4 cup tequila 4 tablespoons orange liqueur 1 cup sliced fresh strawberries 2 drops red food coloring 2 drops yellow food coloring 2 cups whipped cream, divided","In a large bowl, combine crushed pretzels, sugar and butter. Mix well and press onto the bottom and sides of a 9 inch pie pan. In a large bowl, combine sweetened condensed milk, lime juice, tequila and orange liqueur. Pour half of the mixture into another bowl. Add strawberries and a few drops of red food coloring to one half. To other half, add only a drop or two of yellow food coloring. Fold one cup of whipped cream into each half. Spoon into crust, alternating colors. Freeze for 4 hours or overnight.","In a greased or bowl, beat the margarita until lightly blended, approximately 2 minutes. Add the sugar, cheese, milk, sugar, and orange liquor; beat just until moistened. Set aside. Stir in the strawberries. Beat the milk, orange juice, and food coloring until stiff peaks form. Add whipped cream. Fold in whipped cream; mix until blended with the margarine mixture. Fold into the top of each pie. Toss each pie with 2 ounces of whipped cream and 2 tablespoons of lime juice. Top with whipped cream filling. Chill for at least two hours before serving. Enjoy! Check out my other great recipes!",finetuned_top_k
192,Chili Mac N Cheddar Soup,"1 tablespoon olive oil 1 large onion, diced (1 cup) 3/4 lb ground beef 1 tablespoon chili powder (hot) 1 1/2 teaspoons ground cumin 2 1/2 cups milk 14 1/2 ounces chicken broth 10 3/4 ounces condensed cheddar cheese soup 1 1/2 cups elbow macaroni, uncooked 1 1/2 cups sharp cheddar cheese, shredded GARNISH diced tomato tortilla chips minced jalapeno chile","Heat oil in a 5-quart soup pot over medium-high heat; add onion and saute 4 minutes, until translucent. Crumble beef into pot and cook, stirring for 4 minutes or until no longer pink. Stir in chili powder and cumin; cook, stirring, for 2 minutes. Add milk and broth, then stir in condensed soup until dissolved; bring to a boil, reduce heat to low, cover, and simmer 3 minutes. Stir in pasta; continue to cook, covered, 5 minutes. Stir in cheese until melted and smooth. Remove from heat; let stand 5 minutes or until pasta is fully cooked. Ladle soup into bowls and garnish with diced tomato, tortilla chips, and minced chile.","Heat the olive oil and cook onion over high heat until soft but translucent, about 15 to 20 minutes. Brown the ground beef on both sides in the pan. Place 2 cups of macaronis over the meat and continue cooking over medium heat until tender and bubbly just before serving. Garnish with 1/3 cup of cheese and chopped jalapeño.",finetuned_top_k
193,Sizzling Beef Kabobs,"1/3 cup canola oil 1/4 cup soy sauce 2 tablespoons red wine vinegar 2 teaspoons garlic powder 2 pounds beef top sirloin steak, cut into 1-inch pieces 2 medium yellow summer squash, cut into 1/2-inch slices 1 large onion, cut into 1-inch chunks 1 large green pepper, cut into 1-inch pieces 1 large sweet red pepper, cut into 1-inch pieces","In a large resealable plastic bag, combine the oil, soy sauce, vinegar and garlic powder; add beef. Seal bag and turn to coat; refrigerate for at least 1 hour. Drain and discard marinade. On eight metal or soaked wooden skewers, alternately thread beef and vegetables. Grill, covered, over medium-high heat or broil 4-6 in. from the heat for 8-10 minutes or until meat reaches desired doneness, turning occasionally.","Heat oil in a large skillet over medium-high heat. Saute garlic in soy sauce over medium heat. Add squash, yellow pepper, white pepper, onion, lettuce, beef, and sauce. Reduce heat to medium. Add pepper. Season with salt, pepper. Serve over cooked meat.",finetuned_top_k
194,Voodoo Chili,"1 pound Ground Chuck 1 Green Bell Pepper, Chopped (if you prefer another color that works too) 1 Vidalia Onion, Chopped 1 Jalapeno, Seeded and Minced 2 Fresh Garlic Cloves, Minced 1/2 tablespoon Unsalted Butter 1 Can Sweet Whole Kernel Corn, Drained 1 Can Black Beans, Drained 1 Can Navy Beans, Drained 1 Can Original Rotelle, Slightly Drained leaving some juice 1/2 to 3/4 (depending on how liquidy you like your chili) Can Cheap Beer 1 tablespoon Light Brown Sugar 3/4 tablespoon Ground Cumin 1 1/2 tablespoons Chili Powder 1 pinch Red Pepper Flakes 3 teaspoons Kosher Salt 3 teaspoons Cracked Black Pepper 3 teaspoons Lea &amp; Perrins Worcestershire Sauce 2 Dried Bay Leaves","Heat Dutch Oven on stove top at medium heat. Melt butter and add onions, garlic, jalapeno and bell peppers. Cook until almost soft, roughly 4-5 minutes. In a small bowl, season ground chuck with 2 tsp. kosher salt, 2 tsp. cracked black pepper and Worcestershire sauce. Mix to combine. Add ground chuck to onion mixture and mix together. Use a mash potato masher to break up ground chuck. Cook ground chuck until no longer pink. Drain once cooked and return to dutch oven. Add corn, black beans, navy beans, rotelle and mix. Once combined add remaining teaspoons of salt & pepper, chili powder, cumin, brown sugar and red pepper flakes. Mix to combine. Finally add the cheap beer and bay leaves. Stir everything together and cook on low heat for at least 3 hours. Once cooked, taste and add any extra spice you may want...maybe a little hot sauce or more chili powder. Serve warm with grated sharp cheddar, sour cream and chopped green onions.","Combine everything well and mix well. Put the black beans into medium pot of boiling water and bring to boil. Reduce heat and cover. Cover and simmer for about 1 hour or until all liquid is absorbed. Reduce the heat to low, add in potatoes and stir until they are browned and well cooked. Mix in corn and beans. Add to the pot and bring it to the boil while the beans brown. Stir until the beans are very tender. Do not over simmer!",finetuned_top_k
195,Gluten Free Holiday Rum Balls,"2 cups gluten-free vanilla shortbread, crumbs (Just whirl the Gluten Free shortbread around in your food processor until it is reduced to fine crum) 3 cups powdered sugar (you may need more) 1 cup walnuts, reduced to crumbs in the food processor 1/2 cup almonds, reduced to crumbs in the food processor 1/4 cup good quality unsweetened cocoa powder 1/4 cup good quality dark rum 1/2 cup semi-sweet chocolate chips 1/3 cup canned milk 2 teaspoons rum extract powdered sugar, for rolling the rum balls","Melt semisweet chips along with canned milk in the microwave on low-med or setting 5 for approximately 45 seconds or until chips can be gently stirred into the milk. set aside. Mix all the dry ingredients together well. add the rum a little at a time until everything makes a stiff dough. You may need more rum, just add until it's the right consistency. Like play dough. Add melted chocolate mixture and rum extract and mix well. Rum Ball dough should be stiff yet pliable. Roll into teaspoon sized balls and coat with powdered sugar. put into small papers and store covered in the fridge for at least 3 days to let flavors mellow, then just before serving, roll in more powdered sugar. These freeze well. Just freeze on a cookie sheet and store in a freezer bag for up to 4 weeks.","Put all ingredients in food processor, then pulse until smooth. Fold in nuts/nuts, almonds, cocoa, and rum extract. Spread into baking dish for a little fun :) Roll the balls into a shape about 20x30 (about 3-inches). Roll each ball about 1/8-inches thick and place the balls in the freezer if they haven't turned into a dough until they are quite a bit larger than a pencil (or spoon). Once the crumbs are firm, remove the crumb crust and freeze in a casserole dish for several hours.",finetuned_top_k
196,Lefsa-Mabel And Irene,1 qt. mashed potatoes (8 small or 4 large potatoes) 1/2 c. sugar 1/2 c. butter 2 tsp. salt 1/2 c. milk 3/4 c. evaporated milk 5 c. flour,"Heat sugar, butter, salt, milk and evaporated milk in saucepan and add to potatoes. Cool potato mixture overnight (secret of lefsa is to keep the dough thoroughly cold). Add 5 cups of flour. Take walnut size pieces of dough. Roll out on floured board until paper thin. Cook on griddle slowly (too hot and it browns but is not cooked through).","In a small microwave-safe bowl, mix all ingredients. Pour into greased (about 2 quart.) 4x8-inch dish. Bake at 350° for 30 minutes or until heated through. Cool.",finetuned_top_k
197,Chicken Or Turkey Caruso,"4 c. chicken broth 8 oz. uncooked elbow macaroni 2 slices bacon, cut up 1/4 c. chopped green pepper 1/3 c. chopped onion 2 c. cut up cooked turkey 8 oz. shredded American cheese 1/4 c. chopped pimiento 10 oz. frozen green peas, cooked and drained 3 Tbsp. sherry","In saucepan, heat chicken broth to boiling; add macaroni. Cook 10 minutes or until tender. Do not drain. In large skillet, fry bacon until crisp. Add green pepper and onion. Cook and stir until onion is tender; drain off excess fat. Stir in macaroni-broth mixture and remaining ingredients. Heat through. Makes 6 to 8 servings. Excellent for leftover turkey.","Cook macaroniche. In small bowl, mix soup, sausage, onion and peppers. Layer macaronie and chicken in crock pot. Cook 30 min. or until potatoes are tender. Drain well. Put in large bowl.",finetuned_top_k
198,Caramel Chocolate Ginger Swirls,"1 (14 1/2 ounce) package gingerbread mix (recommended -- Betty Crocker) 14 cup butter, melted 1 egg 14 cup all-purpose flour, as needed 1 (17 ounce) jar caramel topping, chilled 1 (14 1/2 ounce) jardark chocolate ice cream fudge sauce white frosting (optional)","Preheat oven to 350*F. Combine the gingerbread mix following package instructions. Roll dough into 1"" balls. Place on ungreased cookie sheet. Lightly flatten each cookie. Bake for 10 minutes. Transfer cookies to a cooling rack and cool completely. Place 1/2 teaspoon of caramel topping on each cookie center. Top with 1/2 teaspoon chocolate topping. Carefully work chocolate to within 1/4-inch of the edge of the cookies. Place in freezer for 20 to 25 minutes to set. If desired, put frosting in a plastic sandwich bag, clip off tip to make tiny hole, and press bag to squeeze out frosting to make letter or number(or design) on top of each cookie. Serve immediately. Enjoy!","In an 8 inch springform pan, melt butter until light and fluffy, then butter until shimmery and dry. Melt in an electric mixer over medium heat until light. Combine flour and add in the jam mix and stir so thick dough doesn't hold together. Add cocoa powder, chocolate morsels and remaining chocolate morsel mixture and mix well, then form into a 12 x 16-inch pan. Cover and bake 10 minutes at 325 degrees. Cool on an ungreased cookie sheet as long or for 2 hours or until toothpick inserted in center comes out clean.",finetuned_top_k
199,Chicken Salad,"8 pieces breasts, broiled (don't let them dry up) 1/2 c. onions, diced 4 lemons, squeezed 1/2 c. spring onions 2 tsp. salt to taste (be careful) 1/2 c. fresh coconut, grated",Crush onions with salt; add lemon juice. Dice chicken into desired chunks. Stir lemon-onion mixture over chicken chunks. Add salt and spring onions. Add coconut. Add pepper if desired.,Peel breasts and cut into chunks as desired. Rub each one in a large skillet with 1/4 tablespoon extra-virgin olive oil. Top with 6 tablespoons chopped fresh minced lemon juice. Pour over chicken breasts. Bake in a 13 x 9-inch baking dish uncovered over high heat 10 minutes or until lightly browned.,finetuned_top_k
200,Snack Mix,1 (1 lb.) bag M&M's candy 1 (1 lb.) jar dry roasted peanuts 1 box raisins 1 (12 oz.) box semi-sweet chocolate chips,Mix together and serve.,"Lightly spray 15 inch cake pan with Pam. Spread candy on 1 layer of cake pan, then spread raisin mixture over top, then 1 layer raisini and chocolate chips on another layer. Sprinkle with remaining chocolate. Bake at 350 degrees for 1 hour. Note: You can keep mix on rack for easy storage.",finetuned_top_k
201,Pepperoni Meatza,"1 tablespoon salt 1 teaspoon caraway seeds (optional) 1 teaspoon dried oregano 1 teaspoon garlic salt 1 teaspoon ground black pepper 1 teaspoon red pepper flakes, or to taste (optional) 2 pounds extra lean ground beef 2 eggs 1/2 cup grated Parmesan cheese 1 (12 ounce) package shredded mozzarella cheese 1 cup tomato sauce 1 (3.5 ounce) package sliced pepperoni, or to taste","Preheat oven to 450 degrees F (230 degrees C). Mix together salt, caraway seeds, oregano, garlic salt, ground black pepper, and crushed red pepper flakes in a small bowl. Mix ground beef and eggs in a mixing bowl until thoroughly incorporated. Add Parmesan cheese and seasoning mixture to beef; combine. Press ground beef mixture into a 12x17-inch pan, spread out evenly. Bake in the preheated oven until meat is no longer pink, about 10 minutes. Drain grease. Set oven rack about 6 inches from the heat source and turn on the oven's broiler. Sprinkle 1/3 of the mozzarella cheese over baked meat, followed by tomato sauce in an even layer. Sprinkle another 1/3 of the mozzarella cheese over the sauce and top with slices of pepperoni. Sprinkle remaining mozzarella cheese over pizza. Broil until cheese is melted, bubbling, and lightly browned, 3 to 5 minutes.","Melt the salt, oregan, garlic salt, pepper, red pepper, ore:o, garlic, garlic and black pepper. Set aside. Heat the olive oil in a medium heavy skillet. Add the beef and cook over moderately high heat until tender, about 5 minutes. Remove and reserve the beef from the skillet. Remove the chicken meat from the meat, leaving about 4 inches of fat behind. In a large sauce pan over high heat, add the egg whites, tomatoes, pepperoni and cheese. Cook over Medium heat for 1 to 2 minutes or until mixture is foamy and pink in spots. Remove from heat and serve.",finetuned_top_k
202,Pork Chops With Raspberry Sauce,"1/2 teaspoon dried thyme, crushed 1/2 teaspoon dried sage, crushed 1/4 teaspoon salt 1/4 teaspoon pepper 4 (4 ounce) boneless pork loin chops 1 tablespoon butter 1 tablespoon olive oil 1/4 cup seedless raspberry jam 2 tablespoons orange juice 2 tablespoons white wine vinegar 4 sprigs fresh thyme (optional)","Preheat oven to 200 degrees F (95 degrees C). In a small bowl, combine crushed thyme, sage, salt, and pepper. Rub evenly over pork chops. Melt butter and olive oil in a nonstick skillet. Cook pork chops for 4 to 5 minutes on each side, turning once. Remove from skillet and keep warm in preheated oven. In the skillet, combine raspberry jam, orange juice, and vinegar. Bring to a boil, and cook for 2 to 3 minutes, or until sauce is reduced to desired consistency (sauce will thicken as it cools). Spoon sauce in a pool onto a serving plate, and top with pork chops. Garnish with sprigs of thyme.","Prepare the pork chops, add in the thyme mix, salt, pepper, juice, vinegar, and lemon juice. Place under a broiler pan, and broil 4 minutes. Drain the chops and rinse well with cold water. Boil the pork until tender about 5 minutes. Serve with crumbled raspberry jam.",finetuned_top_k
203,Almond Bark Bars,1 pkg. almond bark 2 c. Cap'n Crunch cereal 2 c. Rice Krispies cereal 2 c. miniature marshmallows 1 c. mixed nuts,Melt almond bark in double boiler over hot water. Add other ingredients; mix well. Put in buttered pan (9 x 13-inch). Cut in squares when cool or drop by spoonfuls into clusters.,"Bring 1 1/2 c. of liquid to a boil. Add cereal, nuts and pudding and cool well. Mix with nuts. Pour over cereal and marshmellons until pudding is poured.",finetuned_top_k
204,The Best French Bread Pizza Recipe,"3 tablespoons butter 4 tablespoons extra-virgin olive oil, divided 4 cloves garlic, finely minced pinch red pepper flakes 1/2 teaspoon dried oregano 1/4 cup minced fresh parsley or basil leaves, or a mix Kosher salt 1 large loaf French or Italian bread (see note), about 18 inches long and 4 inches wide, split half lengthwise and crosswise 1 (14.5 ounce) can crushed tomatoes 8 ounces freshly grated whole milk mozzarella cheese 2 ounces grated Parmigiano-reggiano","Adjust oven rack to upper position and preheat oven to 425°F. Heat butter and 3 tablespoons olive oil in a medium saucepan over medium-low heat until butter is melted. Add garlic, pepper flakes, and oregano and cook, stirring occasionally, until garlic is softened but not browned, about 2 minutes. Stir in half of parsley/basil and a big pinch of salt. Remove from heat. Place bread cut-side-up on a clean work surface. Using a rimmed baking sheet, press down on bread evenly until compressed to about 2/3rds of its original height. Place bread on top of rimmed baking sheet. Using a pastry brush, brush half of garlic/butter/oil mixture evenly over cut surfaces of bread, making sure to get plenty of bits of garlic and aromatics. Set aside. Add tomatoes to remaining garlic/butter/oil mixture in pan, stir to combine, increase heat to medium, bring to a simmer, then reduce heat to maintain a bare simmer. Cook, stirring occasionally, until rich and reduced, about 15 minutes. Season to taste with salt. While sauce cooks, spread 1/4 of mozzarella evenly over surface of bread and transfer to oven. Cook until cheese is barely melted, about 8 minutes. Remove from oven and set aside until sauce is cooked. Spread sauce evenly over bread, then spread remaining mozzarella on top of sauce. Transfer to oven and bake until cheese is melted and just starting to brown, about 10 minutes. Remove from oven and immediately sprinkle with Parmigiano-reggiano, remaining parsley/basil, and remaining tablespoon extra-virgin olive oil. Allow to cool slightly and serve.","Preheat oven to 375 degrees. Mix together butter, oil and garlic in a bowl; set aside. Melt remaining olive oil in a nonstick skillet; cook and stir garlic mixture in until oil is just transparent. Stir in flour mixture and tomatoes; drizzle with some wine/water (or wine and water that would come through and separate tomatoes from potatoes). Cover and heat through, 10-12 minutes or until just thickened and bubbly.",finetuned_top_k
205,Apricot Cheese Ball,"1 (8 ounce) package cream cheese, softened 5 dried apricots 2 tablespoons apricot preserves 1 teaspoon vanilla 1 teaspoon sugar 1 cup pecans, chopped","Chop apricots in food processor. Add remaining ingredients, except pecans, and mix well. Roll ball and chill in plastic wrap at least one hour. Roll ball in chopped pecans, chill until ready to serve. Serve with crackers.",Put cream cheese in heavy saucepan. Add apricott sprigs if using; cook until almost toasted. Sprinkle with preserves. Transfer to a serving bowl and pour vanilla sugar. Stir to combine. Toss with pecapans. Serve immediately. This makes it great with any salad or dessert. Serves 8.,finetuned_top_k
206,Chocolate Chip Oat Cookies,1 cup butter 1 14 cups brown sugar 12 cup granulated sugar 2 eggs 2 tablespoons milk 3 teaspoons vanilla extract 1 34 cups flour 1 teaspoon baking soda 12 teaspoon salt 2 12 cups Quaker Oats 2 cups semi-sweet chocolate chips,"Heat oven to 375 degrees. Beat butter and sugar, add eggs, milk, and vanilla extract. Add flour, baking soda, salt. Stir in oats, Chocolate chips. Bake 9 to 10 minutes for chewey cookies, 12 to 13 minutes for crisp cookies.",Melt butter in a large ovenproof bowl. Mix the brown sugar and granulated sugars. Combine the eggs and milk. Sift dry ingredients together. Set aside. Layer the Quaker cookie cutouts on a lightly floured surface. Sprinkle with the chocolate. Bake at 400F for 10min. or until lightly brown. Cool for 20 minutes. Add the flour and baking soda. Cut into the flour mixture. Mix. Pour into greased 8* baking pans.,finetuned_top_k
207,Perky Pecans,1 lb. pecans 1 egg white 1 tsp. cold water 1/2 c. sugar 1/4 tsp. salt 1 tsp. cinnamon,Beat egg white and cold water until frothy. Put pecans in egg white mixture. Coat well. Add sugar mixture and mix well. Bake at 225° for 1 hour. Stir every 15 minutes.,"Brown pecane. Drain sugar and add first four ingredients. Remove to bowl of food processor. Add cinnamon in large bowl. Do not mix with food processor or it will gumble. Process until blended. Drop by teaspoonful. Let stand 2 to 4 hours, stirring frequently, then cut into quarters. Refrigerate in refrigerator 6 hours.",finetuned_top_k
208,Burnt Sugar Cookies,2 sticks oleo 1 c. brown sugar 1/2 c. white sugar 2 eggs 2 tsp. vanilla 1 tsp. burnt sugar flavoring 2 1/2 c. flour 1 tsp. soda 1/2 tsp. salt chocolate chips and walnuts,Mix ingredients in order given. Bake for 10 minutes at 375°.,"Mix all ingredents until completely mixed. Add melted butter, margarine and sugar chips. Bake at 350° for 1 to 1 1/4 hours. Makes six dozen.",finetuned_top_k
209,Pecan Pie Sundae Cups,4 waffle bowls 1/3 cup caramel ice cream topping divided 4 scoops breyers butter pecan ice cream 1/4 cup finely chopped pecans 1/4 cup hot fudge topping heated,"Arrange waffle bowls on dessert plates, then spoon in 1 tablespoon caramel ice cream topping in each bowl. Evenly top with Breyers(R) Butter Pecan Ice Cream, then sprinkle with pecans. Drizzle with hot fudge topping and remaining caramel topping.","Mix the topping ingredients, pour onto the prepared pie shell. Put on your favorite dessert sheet. Bake at 350 degrees for 1 hour or until golden brown in a 13x9 pan (175 degrees F is ideal for this).",finetuned_top_k
210,Cranberry Salad,"1 lb. cranberries, ground 1 c. orange juice 2 1/4 c. sugar 3 boxes jello (cherry, strawberry and orange) 3 c. hot water 2 ground apples 1 c. walnuts 1 small can crushed pineapple","Mix jello and hot water. Add orange juice, then add all the other ingredients. Refrigerate for a few hours before serving.","Mix all ingredients, except nuts (drained). Set aside. Cut 2 sticks of string cheese into quarters.",finetuned_top_k
211,Cookie Crispies,1 pkg. (2-layer size) yellow cake mix 1/2 cup oil 1/4 cup water 1 large egg 3 cups fruit-flavored or cocoa sweetened rice cereal,"Preheat oven to 350F. Beat cake mix, oil, water and egg in large bowl with wooden spoon until well blended. Add cereal; mix well. Drop tablespoonfuls of dough, 2 inches apart, onto ungreased baking sheets. Bake 11 min. or just until cookies begin to brown. Cool on wire racks.","Prepare cake mix according to box directions. Mix hot water and oil until well blended. Beat in egg. Add water and rice cereal. Bake in preheated 30° oven for approximately 15 minutes, or until crumbly on top. Keep warm. Yields 3 pints.",finetuned_top_k
212,Savory Parmesan Spinach & Artichoke Dip,"8 ounces Philadelphia Cream Cheese, softened 12 ounces marinated artichoke hearts, drained and chopped 10 ounces frozen chopped spinach, thawed and well drained 12 cup kraft shredded mozzarella cheese 12 cup kraft grated parmesan cheese 12 teaspoon garlic powder",Heat oven to 350. Mix ingredients until well blended. Spoon into shallow ovenproof dish. Bake 20 minutes.,"Blend all ingredients (except kraft) in a food processor and process until smooth. Stir in Parmesan cheese, parsley and garlic powder. Pour into a 10-inch springform pan. Sprinkle with mozz. Bake at 350 F for 35-45 minutes until lightly golden brown. Serve hot.",finetuned_top_k
213,Chicken Adobo (Merlyn'S Style)(Philippine Cuisine),2 Tbsp. cooking oil 2 to 3 cloves minced garlic 1 large chopped onion 1 c. soy sauce 1 c. oyster flavored sauce 1 c. vinegar peppercorns bay leaves 2 to 3 lb. cut up chicken parts 1 c. water,"Saute garlic and onion in cooking oil; brown chicken parts. Add all other ingredients. Cook until done or until juice reduced into sauce-like consistency, stirring occasionally. Serve with steamed rice.",Mix all ingredients. Pour over chicken and bake at 350F. Serves 8.,finetuned_top_k
214,Clear Vegetable Soup,1 (10 3/4 oz.) can chicken broth 1 soup can water 1/2 c. sliced carrot 1/2 c. sliced celery 1/4 c. rotelle or other macaroni 1 tsp. chopped parsley,"In 2-quart saucepan over high heat, heat broth, water, carrot and celery to boiling. Add macaroni. Reduce heat to low. Cover; simmer until macaroni is done, about 20 minutes. When serving, sprinkle with parsley in each bowl.","In a slow cooker or food processor, add chicken broth and water; blend well. Add carrots and celery and mix well. Pour soup into slow cooker; cook on high 4 to 6 hrs. After 4 hrs., remove from pan.",finetuned_top_k
215,Meyer Lemon Curd,"2 cups white sugar 3/4 cup butter, at room temperature 4 eggs 4 egg yolks 1 1/3 cups Meyer lemon juice 2 teaspoons grated Meyer lemon zest","Beat sugar and butter together in a large bowl with an electric mixer on low speed until creamy, 2 to 3 minutes. Beat in eggs and yolks one at a time until incorporated. Mix in lemon juice. Transfer mixture to a saucepan. Cook the mixture over low heat, stirring gently until smooth. Increase the heat to medium and simmer gently, stirring constantly, until curd is thick enough to coat a spoon and reaches 170 degrees F (77 degrees C) on a candy thermometer, 15 to 30 minutes. Remove from heat and stir in lemon zest. Transfer curd to a bowl and press a piece of plastic wrap directly onto the surface to prevent a skin forming as it cools. Allow to cool briefly, about 10 minutes. Transfer to the refrigerator and chill until thick.","In a bowl, beat together the sugar and butter until fluffy. Add the yolk mixture and mingle until thick. Sift the first 15 ingredients and toss thoroughly. Spoon into a greased (large size) 9 x 13 inch baking dish. Bake at 250°F for 50 to 55 minutes. Remove from the oven and cool completely. When cool enough to handle, transfer to a wire rack to cool completely before removing and pressing into a bowl. Cool to room temperature for 30-40 minutes, then use a fine strainer to remove from the bowl and return to the freezer. Stir in lemon juice and zest and strain into a large bowl. Whisk in Meyer and lemon zests. Allow to cool. Frost with whipped topping and sprinkle with pecans into prepared crust if desired",finetuned_top_k
216,Les' Spaghetti,"2 c. water 1 small green pepper, finely chopped 1 small onion, finely chopped 1 large can tomato juice 1/2 lb. bacon salt and pepper to taste 1/2 to 1 lb. spaghetti","Put water in medium size saucepan. Add green pepper and onion. Cook 10 minutes. Add tomato juice. Simmer 1/2 hour. Dice bacon and fry until brown. Take out of pan and drain on paper towels. Add to first mixture, along with a little bacon fat, for taste. Cook spaghetti. Drain and combine with tomato juice mixture. Serve.","Prepare a shallow dish. Stir together the water, pepper, onion and tomato juice.",finetuned_top_k
217,Jerusalem Artichoke Soup,"8 cups (or more) canned low-salt chicken broth 1 pound Jerusalem artichokes 1 1/2 pounds russet potatoes, peeled, cut into 1/2-inch pieces 3 leeks, sliced (white and pale green parts only) 2 garlic cloves, minced 1/4 teaspoon dried savory 1/8 teaspoon ground ginger 1/2 teaspoon dried marjoram 1/4 cup heavy whipping cream 1 green onion (dark green part only), chopped","Bring 8 cups broth to boil in large saucepan. Peel Jerusalem artichokes and cut into 1/3-inch thick pieces. Add to broth. Add potatoes, leeks, garlic, savory and ginger. Cover pan and simmer until vegetables are very soft, about 25 minutes. Remove from heat. Stir in marjoram; cool about 20 minutes. Working in batches, puree soup in blender until smooth. Return to same saucepan. Bring soup to simmer. Add cream. Season with salt and pepper. Simmer 5 minutes to blend flavors, thinning with more chicken broth if soup is too thick. (Can be made 1 day ahead. Cover and keep refrigerated. Rewarm soup over medium-low heat before continuing.) Ladle soup into bowls; sprinkle with green onion and serve.",Bring all ingredients to the boil; cover and cook until water comes to a boil. Remove from heat; remove from heat and let stand for 15 minutes (don't drain).,finetuned_top_k
218,Tayler'S Daddy'S Favorite Spaghetti Squash!,"1 large spaghetti squash 1 lb. lean ground turkey 2 cloves garlic, chopped 1 large onion, sliced 1/2 green bell pepper, sliced 1/2 red bell pepper, sliced 1 c. mushrooms, sliced 16 or 20 oz. tomato sauce with Italian seasoning","Cut spaghetti squash in half. Place face down in glass Pyrex in 2 inches of water. Bake 45 minutes at 375°. In separate pan, brown and season to taste ground turkey; add garlic, onion, all the peppers and mushrooms. Let all ingredients cook together 10 to 15 minutes. Add tomato sauce. Season to taste. When spaghetti squash is done, turn squash right side up and fork out spaghetti looking squash. Serve the ingredients over squash. Very tasty!","Cook squash, meat in 1/3 cup liquid, uncovered. Drain. Mix garlic, onion, green pepper and mushrooms. Add spaghetti squash; cover. Cover and simmer for 15 minutes, stirring often. Taste. Reduce heat; cover and simmer 15 minutes longer or until squash is cool. Store spaghetti squash in refrigerator. Add garlic, bell pepper and tomato sauce.",finetuned_top_k
219,Fruit Dip,8 oz. Philadelphia cream cheese 7 oz. Kraft Marshmallow Creme,"Let cream cheese soften, then add Marshmallow Creme and beat until smooth with electric mixer. Makes approximately 25 servings.","Mix cream cheese, Kraft marshmallow and Marshmallow Crisp. Fill dip with fruit. Top with other foods and serve as a snack or as a dessert dish.",finetuned_top_k
220,Sweet Potato Casserole,3 c. cooled cooked sweet potatoes 1 c. sugar 1 can coconut 2 eggs 1 tsp. vanilla 1/2 stick margarine,Blend well into greased casserole dish.,"Cook sweet potatoes until set. Drain. Add sugar, salt, margarine and vanilla. Cook on low for 4 to 5 hours. Makes 1 1/4 to 3 cues.",finetuned_top_k
221,Spicy Tuna Rolls,"2 tablespoons canola oil 1/2 red onion, sliced thin 1 carrot, peeled and julienned 1/2 cup sliced shiitake mushrooms 1 tablespoon garlic 1 teaspoon sriracha or hot sauce 1 tablespoon soy sauce 1/2 lime, juiced 1 tablespoon freshly chopped cilantro leaves 1 egg white 1/2 teaspoon cornstarch 10 egg roll wrappers 1 pound fresh yellowfin tuna, cut into 1/2 by 3-inch strips Scallions, for garnish Orange slices, for garnish Citrus Dipping Sauce, recipe follows 3 oranges, juiced 1 tablespoon soy sauce 1 tablespoon honey 2 tablespoons sliced scallion Pinch red pepper flakes Pinch kosher salt Pinch coarse ground black pepper","In a large saute pan over medium-high heat, add 2 tablespoons of oil. Add the onions, carrots, mushrooms, garlic, sriracha, soy sauce and lime juice. Cook until the vegetables are softened, stirring frequently. Remove from heat and transfer to a medium-sized bowl. Add the cilantro and allow the mixture to cool. In a small bowl combine the egg white and cornstarch. This will be used as an egg wash. Preheat oil in a deep-fryer to 350 degrees F. On a flat work surface, lay out 1 egg roll wrapper. Add a layer of vegetables to the lower part of the wrapper and top with 1 strip of tuna. Brush the sides of the wrapper with egg wash and roll up tightly once, bringing the sides over, and then continue to roll until finished. Put the roll on a large plate and repeat with remaining wrappers and filling. Fry the egg rolls, in batches, until golden brown, about 2 minutes. Remove egg rolls to paper towels to drain. Transfer the rolls to a serving platter, garnish with scallions and orange slices and serve with Citrus Dipping Sauce. Citrus Dipping Sauce: In a small bowl, mix all ingredients and reserve.","In a large skillet, saute onion and carrot over med-high heat. Add vegetables and fry until done, stirring occasionally. Add mayo, hot sauce, lime juice and cilantro, stirring until mixture has thickened. Stir in egg whites, cornstarchy, eggs, juice and cornstajeels. Bring to a boil. Reduce heat and simmer, stirring often, 8 to 10 minutes. Drain and use in an airtight container if desired.",finetuned_top_k
222,Chicken And Cornbread Dressing,"1 large chicken 1 Tbsp. salt 2 cans cream of chicken soup 1 large onion, chopped 1 large pan cornbread 2 Tbsp. sage 5 biscuits 1 tsp. pepper","Cook chicken in large pot with salt until it comes off bones. Take out of pot; remove bones and skin. In the broth, put 1 can cream of chicken soup, onion, sage and pepper. Add cornbread and biscuits; stir all of this together. Stir in chicken. Pour into baking pan; bake 1 hour at 350°. Serve with giblet gravy made from 2 boiled eggs and the giblets from the chicken. Mix in 1 can cream of chicken soup.",Bring soup to a boil; add can of milk and simmer until hot. Add onions; cover and mix well. Add meat; mix well and refrigerate for 1 hour. Mix in cheesecloth. Bake at 400° for about 30 minutes; bake another 5 minutes.,finetuned_top_k
223,Hot Dip,"2 lb. Velveeta 6 oz. diced red pimentos 1 small can diced green chilies 1/2 Tbsp. minced garlic 2 large jalapeno peppers, chopped 1/2 small bell pepper, minced","Melt in double boiler. Serve with bread sticks, chips or crackers.","Toss ground Velveeteta with chopped green chiles, chopped bell pepper and garlic, green chimes and jalapa. Mix well with remaining ingredients. Serve hot or at room temperature. Note: may need to adjust to desired size of dip for different flavor.",finetuned_top_k
224,Creamy Dijon-Dill Potato Salad,"3 lbs potatoes, peeled 1 dash salt and pepper 2 stalks celery 1 cup mayonnaise 1/2 of a yellow onion, finely chopped 1/4 cup tightly packed chopped fresh dill 1 -2 tablespoon vinegar 1/2 lemon, juice of 1 tablespoon Dijon mustard 3 hard-boiled eggs","Put potatoes in large pot with enough water to cover potatoes. Season water with salt and bring to boil. Cook potatoes just until tender enough to pierce with a fork - about 25 minute. Drain potatoes and return to uncovered pot off the heat. Let them sit until almost room temperature. Cut up celery and mix with 3/4 tsp salt, and the remaining ingredients in a bowl large enough to hold the potatoes. When potatoes are cooled, cut them into 1 inch pieces and add them to the bowl. Stir in gentle until all potatoes are covered with the dressing. Cover and refrigerate until ready to serve.","Cook potatoes in boiling salted water until tender. Drain; cut into small cubes. Drain well; discard stems. Place onions on top. Top with parsley. Sprinkle with salt, pepper and dill. Cook for 12 minutes or until thickened. Drain to drain. Spoon into 12 x 8-inch baking dish. Combine mayonnaising and vinegar; pour over potatoes. Stir into mixture. Spray over salt and cover. Broil 25 minutes or till potatoes are slightly golden, turning once.",finetuned_top_k
225,Frozen Fruit Salad,"1 (16 oz.) can fruit cocktail, drained 1 small pkg. cream cheese, softened 1 small tub Cool Whip, thawed 1 small jar maraschino cherries, halved","Put fruit cocktail in blender and blend until pureed. Add cream cheese, blending well. Add Cool Whip and blend until completely mixed. Pour into 9 x 9-inch pan. Stir in maraschino cherries, distributing evenly. If desired, add some of the liquid from the cherries or food coloring for color. Freeze until firm. Cut into squares and serve.",Combine ingredients; pour into a 10-inch mold and chill overnight.,finetuned_top_k
226,Braciole (Bree-Zshole)...Italian Stuffed & Rolled Flank Steak,MEAT &amp; FILLING 1-1/2 lb flank - butterflied Minced garlic; at least 4 cloves Chopped fresh Italian parsley 1/2 cup fresh basil - chiffonade 1 cup micro-plane grated Pecorino Romano cheese 6-8 thin slices prosciutto Fresh ground pepper 1/4 cup olive oil SAUCE 2 lb crushed plum tomatoes with basil 6-8 cloves smashed and chopped garlic 1/2 teaspoon oregano Salt/Pepper,"Butterfly the flank - see step 2 (or ask the butcher to do it). Cover with plastic wrap and pound out it out to an even thickness; and you can trim to square off the meat, if needed - for easy for rolling. At this point decide if you would like to make one large roll or smaller rolls; if not, then divide the meat into 2-3 pieces. Here is a helpful 1 minute demo butterflying the flank:
http://www.cuisineathome.com/extras/050/video/butterflying-flank-steak/ Sprinkle the interior of meat with pepper, garlic, parsley, basil, cheese and prosciutto (I don't salt this, the cheese is enough). Roll the meat jellyroll fashion with the grain - so that it will be cut against the grain when serving. Tie the roll(s) up with butcher string about every 1-1/2 inch. Heat the oil in a large heavy skillet and sear to brown the meat thoroughly on all sides. Add the crushed plum tomatoes and seasonings to the browned braciole. Cover skillet. Simmer the meat for at least 2 hours, or until beef is tender when pierced with a knife. When ready, place on serving platter, let it sit for 10-15 minutes, cut the string and slice about every 2 inches...spoon some sauce over and serve.","Brown flank steak in skillet on high. Grill until all sides are cooked through, about 20 minutes. Remove grill, and brush steak with a little water. Drain excess liquid from skillet. Heat remaining 1/3 cup oil in skillet over medium flame/warm/frosting. Add garlic; cook until tender, 1 minute. Add parsley, basil and oreganos. Stir until evenly coated. Stir in meat mixture. Sprinkle lightly with pepper. Place in freezer 4 hours. Preheat grill to 425 degrees. Pre-heat grill. Grill steak on lowest broiler, covered, for 20-30 minutes until crisp, rotating pan occasionally.",finetuned_top_k
227,Homos Bi Tahini,"1 can garbanzo beans 3 Tbsp. tahini 1/2 c. lemon juice (fresh) 1 1/2 tsp. garlic salt 1/2 tsp. salt olive oil, paprika and parsley twigs","Bring to a boil the contents of the can of garbanzo beans and simmer for 10 to 15 minutes. Save the juice from the beans to be used later if the mixture is too thick and needs thinning. Using a food processor, place all the ingredients (with the exception of the olive oil, paprika and parsley twigs) and blend until mixture is smooth. Taste to see if you want to add more lemon juice or salt to mixture. Pour into a nice serving dish; drizzle olive oil on top. Sprinkle with paprika and add a couple of parsley twigs for added decoration. Pita bread can be cut into triangles and used to dip into Homos. I usually double this recipe which serves 6 to 8 people. Import stores have the tahini.",Chop and add to beans and lemon juice. Sprinkle tahinis over beans and spices. Cook and stir in garlic salt.,finetuned_top_k
228,Dim Sum at Home,100 grams Chicken tenders 4 stalks Chinese chives 8 pieces Shumai skins 2 tbsp Shaoxing wine 1 Salt and pepper 1 Katakuriko 2 tbsp Soy sauce 2 tbsp Chinese chicken stock granules 1 tsp Finely chopped garlic 1 tsp Minced Japanese leek 1 Ra-yu,"Remove the sinew from the chicken tenders, and slice each of them into 4 thin pieces. Season them with shaoxing wine, salt and pepper, and coat them with katakuriko. Cut the Chinese chives into 3 cm lengths. Boil the chicken tenders in boiling water for 3-4 minutes each. Cook the Chinese chives as well. Drop a piece of shumai skin into the boiling water and take it out after 15-20 seconds. Place it onto your palm, and wrap the chicken and Chinese chives with it. Repeat and make 8 dumplings. Combine the ingredients to make the sauce beforehand and spread it onto a plate. Place the dumplings from Step 4 onto the Step 5 plate and they are done.","Cut about 2 cm of long, wide wings into pieces. Make a large frying pan, stir 1 tbsp of the chicken soup, Shaoxings wine, and salt and pepper. Heat the remaining ingredients - but do not boil - stir over high flame, and cook over low flame, until just cooked and cooked - 1 1/2 mins. Turn off the heat and bring to a boil and cover with cold water. Reduce heat, cover and boil for 2 to 3 mins or until tender, stirring occasionally. Remove from heat and set off the kettle. Keep warm with a little water when you return it to the cooker. When ready add the ketchup, soy sauce and garlic; stir and serve.",finetuned_top_k
229,Flag Cake,"2 c. Flour, sifted 1 tbsp. Baking Powder 1/4 tsp. Salt 4 jumbo Eggs 2 c. Sugar 1 tsp. Lemon Extract 1 pt. Fresh Strawberries 1 tsp. Vanilla Extract 1 c. Milk, scalded 1 pt. Whipping Cream 1/2 c. Confectioners Sugar 1/2-1 tsp. Vanilla 50 Fresh Whole Blueberries, dry","Grease 13 x 9 pan, line with wax paper. Grease again. Sift Flour, baking powder and salt and set aside. In another bowl, beat eggs and add sugar and extracts. Scald milk and add to dry ingredients. Add egg mixture. Pour into prepared pan and bake at 350° for 35-40 minutes. When done, let cool in pan at least 30 minutes. Whip the cream and add confectioners sugar and vanilla. Slice the strawberries. Slice cake lengthwise. Take 1 1/2 cups of frosting mixture and add strawberries (reserve enough for garnish) and spread for filling. Add top layer and frost with remaining cream. With remaining strawberries, make 4 rows to form stripes and the 50 blueberries to form starts.","Combine flour, baking powder and salt; add sugar and lemon extract. Stir in eggs and sour cream and beat until blended. Combine milk, butter and vanilla in double boiler from bowl of electric mixer over low speed. Pour onto greased 13x9-inch baking pan and bake at 350°F for 20 to 25 minutes (or until a toothpick inserted in center comes out clean after 10 minutes) or until a deep brown crust begins to appear. Remove from pans. Cool. Beat eggs in double mixer until thick and creamy. Spoon into greased pan.",finetuned_top_k
230,Pasta Primavera With A Twist,"1 (10 3/4 oz.) can Campbell's cream of chicken and broccoli soup 1/2 c. milk 1/4 c. grated Parmesan cheese 1/8 tsp. garlic powder 1/8 tsp. pepper 2 c. broccoli flowerets 1 c. thinly sliced carrots 1 (10 oz.) can chunk white chicken, drained 2 1/2 c. hot cooked corkscrew macaroni (2 c. dry)","Prepare macaroni per package directions. In 2-quart saucepan, combine soup, milk, cheese, garlic powder and pepper. Add broccoli and carrots. Bring to boil over medium heat. Cover; cook over low heat 5 minutes or until vegetables are tender, stirring often. Add chicken; heat thoroughly, stirring often. Serve over macaroni; toss before serving.","Mix soup and milk; set aside. Mash soup mix with a potato masher. Add broccoli, cheese and carrot mixture; cook and stir until cheese melts.",finetuned_top_k
231,Cheesy Chicken Corn Chowder,1 whole small chicken breast 1/4 c. chopped onion 1/4 c. chopped celery 1 (10 3/4 oz.) can condensed cream of chicken soup 1 (8 3/4 oz.) can whole kernel corn 1/2 c. milk 1/2 c. shredded American cheese 2 Tbsp. chopped pimiento,"In a saucepan, combine chicken, onion, celery and 1/2 cup water. Bring to boiling. Reduce heat, cover and simmer 15 to 20 minutes. Remove chicken. When cool enough to handle, cut off meat and chop. Discard skins and bones. Return meat to broth. Stir in remaining ingredients. Cook, uncovered, for 10 minutes. Makes 4 main dish servings.","Mix vegetables, soup, milk, cheese and pimientos together. Pour over chicken; sprinkle with pimient and serve.",finetuned_top_k
232,Slow-Roasted Beef And Garlic With Mustard Cream,"18 None baby onions 5 1/2 lbs beef rib roast 2 tbsp olive oil 1/2 cup red wine 2 sprigs fresh thyme, leaves picked 2 bulbs garlic, tops removed 1 cup beef stock 1/2 cup sour cream 2 tbsp wholegrain mustard None None Steamed green beans, to serve","Preheat the oven to 250°F. Place onions in heatproof bowl; cover with boiling water. Let stand for 5 mins. Drain; peel away the skins. Brush beef all over with oil. Cook in heated flameproof roasting pan until browned all over. Add wine; simmer, uncovered, until reduced by half. Remove from heat. Sprinkle beef with thyme. Add garlic, peeled onions and stock to pan; cover tightly. Roast for 2 hours 30 mins. Uncover; baste meat with pan juices. Roast, uncovered, for 2 hours. Cover; let stand for 30 mins before slicing. Combine sour cream and mustard in a small bowl. Serve beef with onions, garlic, strained pan juices, mustard cream and steamed green beans.","Cook onions until tender. Drain all liquid from meat. Cook, turning, until onions are done. Add wine and beef stock. Put in shallow roasting pan. Cover and let stand 4 hours or uncovered 1 1/4 hours or until meat is cool. Season with mustard and serve.",finetuned_top_k
233,Chicken Parmigiana,4 whole boneless chicken breasts 3 slightly beaten eggs 1 tsp. salt dash of pepper 1 c. bread crumbs 1/2 c. oil 2 c. tomato sauce 1/2 tsp. basil 1/4 tsp. garlic salt 2 Tbsp. butter 3/4 c. Parmesan cheese 8 oz. shredded Mozzarella cheese,"In a bowl, mix bread crumbs with salt and pepper; set aside. Lightly pound each chicken breast and dip in egg mixture, then in bread crumbs. Brown quickly in hot oil and remove to casserole. Remove excess oil. Add tomato sauce and spices to skillet. Heat to boiling, then simmer for 10 minutes. Add butter and pour this over chicken. Sprinkle generously with Parmesan cheese, cover and bake at 350° for 30 minutes. Top with grated Mozzarella cheese and bake 10 minutes longer, uncovered. Serves 4 generously.","Fry chicken breasts according to package directions. Add eggs one at a time. Toss bread crumb mixture with salt, pepper, oil, tomatoes and basil. Spoon in prepared pan. Broil, uncovered, in 375° oven for 30 minutes. Pour on bread crêpes. Sprinkle Parmesan over chicken and bake until crisp.",finetuned_top_k
234,Indonesian Pork Tenderloin,"1/2 each pork tenderloin 1 each lemon green, juiced 2 tablespoons soy sauce, tamari 2 tablespoons brown sugar 2 each garlic cloves crushed 1 tablespoon cumin 1 tablespoon curry powder 1 teaspoon sambal ulek (ground chili peppers and salt) 1 tablespoon sesame oil 2 tablespoons peanut oil",Marinate pork tenderloin in other ingredients for 2 hours in covered container in the fridge. Brown on all sides in hot pan for no more than 10 minutes. Serve with fried bananas and Serundeg.,Put all ingredients in a pot of boiling vegetable. Simmer on high 5 to 7 hours. Yields 8 servings.,finetuned_top_k
235,Swiss-Stuffed Mushrooms,"1 lb. medium mushrooms salt 2 Tbsp. butter, melted 1/2 c. fine dry bread crumbs 1/2 c. (2 oz.) shredded Swiss cheese 1 egg, beaten 1 tsp. dried parsley flakes 1 tsp. crushed dried whole dill weed 1/4 to 1/2 tsp. grated lemon rind 2 Tbsp. lemon juice","Clean mushrooms. Remove stems and set aside. Sprinkle inside of caps with salt. Chop stems finely; saute in butter over medium heat 3 to 4 minutes. Add remaining ingredients, except mushroom caps, mixing well.",Heat bread crumb mixture in double boiler. Stir in mushrooms. Cook until tender. Add butter and stir until just blended. Spoon on bread crum mixture and bake at 375° for 35 to 45 minutes.,finetuned_top_k
236,Grilled Parmesan Broccoli,6 cups fresh broccoli stems 2 1/2 tablespoons lemon juice 2 tablespoons olive oil 1/4 teaspoon salt 1/4 teaspoon pepper 3/4 cup grated parmesan cheese,"Place broccoli in large bowl. Combine next four ingredients, drizzle over broccoli, and toss to coat; let stand for half an hour. Spray grill rack before preparing grill for indirect heat. Toss broccoli again and drain marinade; place Parmesan in large ziploc bag and shake broccoli, a few pieces at a time, with the cheese to coat. Grill broccoli, covered, over indirect medium heat for 8-10 minutes on each side or until crisp-tender.","Place broccoli stems in a greased bowl, and toss with lemon juice, oil, and salt. Cover and set aside. In a small saucepan, whisk together the parmesen and the cheese-side of the broccoli. Cook gently until combined. Transfer to a buttered pan. Add broccoli slices to pan and cook through. Remove from pan, and set the broccoli to cool. (This can be made at a later time, if desired.) Remove to a plate to be ready to eat.",finetuned_top_k
237,Lemon Cornmeal Dippers,"1 cup unsalted butter, softened 34 cup sugar 12 teaspoon salt 1 large egg 2 teaspoons finely grated lemon peel 1 teaspoon fresh lemon juice 1 34 cups flour 2 tablespoons flour 1 cup yellow cornmeal","Beat butter, sugar and salt in large bowl with mixer until fluffy. Beat in egg, lemon peel and juice. On low speed, beat in flour and cornmeal. Shape heaping teaspoonfuls of dough into 4 to 5 inch ropes, about 1/2 inch thick. For ""S"" shapes and place on ungreased cookie sheets. Bake at 350 degrees for 20 minutes or until golden brown- Remove to wire rack to cool.","Butter and whip butter until light and fluffy, turning occasionally with the paddle attachment. Add the sugar, salt, eggs and lemon juice. Add flour, white and pale cornmeal. Add butter and mix firmly. Cover well and refrigerate until ready to use.",finetuned_top_k
238,Baensch Press (Herring Cocktail),"1 whole herring, pickled piece of picked herring marinated in wine sauce 2 ounces vodka your favorite vodka, chilled","Pour vodka into a large shot glass, garnish with a piece of herring. Add your favorite toast and slug her down. Youll have good luck the whole year through!","In sauce, add all the cocktail ingredients except the marinade that you are using to create the Herring's Marinade. Remove marinading from bottle with a slotted spoon and toss with your favorite Herring Cocktails in batches, stirring constantly. Strain into a colander and cool on racks. Pour over chilled martini glasses and enjoy!",finetuned_top_k
239,Lesa'S Crab Dip,"2 to 3 green onions, chopped and sauteed lightly in microwave 1 c. mayonnaise 1 (8 oz.) pkg. cream cheese 1/3 c. Parmesan cheese 1/2 tsp. or more garlic powder 1/2 tsp. paprika Louisiana red hot sauce to taste red pepper (preferably cayenne) 1/4 lemon (only the juice)","Mix all this well. Taste and add spices to taste. Then carefully pick through 1/2 pound fresh crabmeat. Add to mixture. Bake at 300° for 30 minutes or until set. (Can refrigerate several hours before baking.) Serve hot with small, sliced French bread.","Brown onions in oil in large skillet. Combine mayonnais, Parmesan, garlic powder and paprika. Stir in chili, lemon juice and pepper. Pour over onions. Bake in a 350° oven for 30 to 45 minutes or until edges are golden brown. Serve immediately.",finetuned_top_k
240,Low-Fat Chocolate Cake,1 1/2 c. all-purpose flour (less 2 heaping Tbsp.) 3 1/4 tsp. baking powder 3/4 tsp. salt 1 small c. sugar 1/2 c. egg substitute 1/2 c. skim milk 2 Tbsp. cocoa 4 oz. stick margarine,Sift dry ingredients into bowl. Add all other ingredients. Beat together for 3 minutes. Pour into pan (approximately 8 x 2 1/2 x 5-inch). Bake at 375° for 40 minutes. Turn onto wire rack and allow to cool. Frost as desired.,"Combine flour, soda, salt and sugar. Sift dry ingredients together with electric mixer. Spread into 9 x 13-inch pan. Grease 13 x 9-inch baking pan; line with foil. Combine flour mixture and eggs until well combined. Beat with an electric mixer on medium speed until combined. Pour into prepared pan. Bake until golden and bubbly, 10 minutes. Cool in pan 1 hour. Cut into bars, according to taste.",finetuned_top_k
241,Peanut Butter Pie,3/4 c. powdered sugar 1/2 c. peanut butter 2 (3 oz.) or 1 (6 oz.) box vanilla pudding 1 (8 oz.) carton Cool Whip 1 baked 8 or 9-inch pie shell,Crumble together powdered sugar and peanut butter; set aside. Cook pudding according to directions on box. Cool.,Mix ingredients. Pour into pie shell. Roll pan in powdered sugar or 1/4 cup peanut butter mixture. Bake at 350° for 1 hour.,finetuned_top_k
242,Cocktail (Pickled) Carrots,"1 cup water 34 cup white vinegar 2 tablespoons sugar 1 teaspoon salt 5 medium carrots, peeled and cut into 4-inch lengths 1 large garlic clove 14 teaspoon chili flakes 14 teaspoon dried oregano","1. To make brine, bring water, vinegar, sugar and salt to a simmer. 2. Remove from heat. 3. Place garlic, chili flakes, oregano and carrots into a jar. 4. Cover with hot brine. 5. Cover and let cool at room temperature for about an hour, then refrigerate for at least 2 hours.","Bring water, vinegar and sugar to a boil in a medium saucepan over medium heat. Bring to a simmer and cook until bubbles form; drain thoroughly. Toss carrots and garlic in the saucepan and bring to a gentle simmer. Reduce heat and simmer until carrots and carrot pieces turn brown, about 1 minute.",finetuned_top_k
243,Chocolate Chip Cookies,3/4 c. butter flavor Crisco 1 1/2 c. firmly packed light brown sugar 2 Tbsp. milk 1 Tbsp. vanilla 1 egg 1 3/4 c. flour 1 tsp. salt 3/4 tsp. baking soda 1 c. semi-sweet chocolate chips 1 c. chopped pecans (optional)*,*If nuts are omitted add an additional 1/2 cup chocolate chips.,"Preheat oven to 350°. Butter 9 x 13 x 2-inch baking pan. Press butter and sugar into ungreased shallow pan. Stir in milk. Beat eggs one at a time on medium-high speed until blended. Add vanilla and egg until well blended, stirring well and shaking off excess foam. Stir wet mixture into butter mixture. Cover with unbaked pan. Bake for 30 minutes, stirring occasionally. Allow to cool completely and shape into 8 biscuits.",finetuned_top_k
244,Tiger Cookies,1 c. semi-sweet chocolate morsels 3 c. Kellogg's Frosted Flakes 2 c. sifted flour 1 tsp. baking soda 1/2 tsp. salt 1 c. margarine 1 c. sugar 2 eggs 1 tsp. vanilla,"Melt chocolate morsels over very low heat, stirring constantly, or over hot, but not boiling, water. Measure sugar frosted flakes, then crush to 1 1/2 cups. Set aside. Sift flour, soda and salt together. Beat butter and sugar together until light and fluffy. Add eggs and vanilla; beat well. Add dry sifted ingredients; mix thoroughly. Fold in sugar frosted flakes. Swirl warm melted chocolate lightly through batter. Drop tablespoons onto ungreased baking sheet. Bake 12 minutes at 375°.","In small bowl, stir together chocolate morsel, flour, baking soda, salt and margarine. Stir in eggs; blend in sifted sugar and vanilla. Bake at 375° for 35 minutes. Makes about 2 dozen dozen cookies.",finetuned_top_k
245,Caramel Dumplings,"2 tablespoons butter 1-1/2 cups packed brown sugar 1-1/2 cups water 1-1/4 cups all-purpose flour 1/2 cup sugar 2 teaspoons baking powder 1/2 teaspoon salt 1/2 cup whole milk 2 tablespoons butter, softened 2 teaspoons vanilla extract 1/2 cup coarsely chopped peeled apple, optional","In a large skillet, heat the butter, brown sugar and water to boiling. Reduce heat to simmer. Meanwhile, combine the dumpling ingredients. Drop by tablespoonfuls into the simmering sauce. Cover tightly and simmer for 20 minutes. Do not lift lid. If desired, serve warm with cream or ice cream.","Melt the butter in a large skillet with the brown sugar, 2 cups of the water, 1/4 cup of the flour, sugar, baking powder, and salt, stirring constantly. Bring to a boil, reduce heat, and cook the eggs in the microwave the butter until firm, about 5 minutes. Remove from heat, stir in the milk, and bring to a simmer, stirring regularly, until the eggs are smooth. Remove the skillet from heat; let the butter cool slightly, then transfer to a wire rack to cool completely. Meanwhile, line a 9-inch square baking dish with paper towels to prevent spilling into the bottom. Lightly spray half of the dish with cooking spray. Light each baking dish well with 1 tablespoon of baking powder. Sprinkle 1/3 cup of remaining butter over",finetuned_top_k
246,Cabbage-Free Protein-Packed Cole Slaw,"1 celeriac, peeled and shredded 1 rutabaga, peeled and shredded 1 large carrot, washed, unpeeled, shredded 14 lb firm tofu, shredded (plain or flavored) 1 onion, diced small 12 cup salad dressing, your favorite, to taste (add more if needed) 12 cup mayonnaise (optional, only if you prefer creamy style, add more if needed)",Mix all ingredients. Serve chilled.,"Combine celerio, rutao, carrots, onion, onion and salad dressing and toss to combine. Preheat broiler. Pour sauce over tofu and let it cool. Combine mayonnais, dressing and mayo, pour over tofu mixture. Let simmer 30 minutes. If you make the slaw and then you add any sauce left over from cooking, you might want to add more on top of that. Add a little green bell pepper and a little lemon pepper if it's an extra taste. I usually buy a small bottle of colby brand colby and add it to the sauce. Keep them separate and refrigerate indefinitely. If they are left in the refrigerator, you can freeze them. I make them for dinner and reheat it out on top until needed.",finetuned_top_k
247,Easy Meat Loaf,"1 lb. ground beef 1 lb. ground pork 1 c. old fashioned oats, uncooked 1/2 c. Kraft barbecue sauce 1/2 c. chopped green pepper 1/2 c. chopped onion 2 eggs, beaten 1 tsp. salt 1/4 tsp. pepper","Combine all ingredients and mix well. Pour into 8 x 8 x 2-inch baking dish. Bake, uncovered, at 350° for 50 minutes. Remove and spread 1/4 cup barbecue sauce on top and bake another 20 minutes.","Brown meat; drain. Add seasonings; mix well. Add meat mixture, bacon, eggs and salt. Pour over cooked mixture. Bake at 350° for 25 minutes.",finetuned_top_k
248,St. Patrick's Day Treat,2 scoops mint chocolate chip ice cream 1 cup milk 2 drops green food coloring 2 tablespoons whipped cream 18 teaspoon green sugar,"Place ice cream in glass. Pour in milk, which is colored with the food coloring (can adjust amount to desired intensity of color). Top with whipped cream and sprinkle with colored sugar.","Blend ice cream, milk, green food, and whipping cream and blend well. Pour into ungreased 9x13 square mold and chill at room temperature for 2 hours or overnight (until firm) or until firm. Store in warmest position; store chilled.",finetuned_top_k
249,Moist Sweet Potato Cookies,200 grams Sweet potato 10 grams Sugar 50 ml Milk 80 grams Unsalted butter (margarine) 50 grams Sugar 200 grams Sweet potato paste 110 grams Cake flour 40 grams Almond flour,"Make the sweet potato paste. Peel the sweet potatoes and soak in water for 10 minutes to get rid of any bitterness. Boil the sweet potatoes in just enough water to cover. They are done once they change color and brighten up, and a bamboo skewer goes through a piece easily. While they are still warm, put the sweet potatoes in a food processor with the sugar and milk, and process until smooth. Make the dough. Preheat the oven to 190 C. Mix the butter, which should be at room temperature, and the sugar together very well. Measure out 200 g of the sweet potato paste you made in step 3 and add to the butter-sugar mix. Mix until smooth. Sift in the cake and almond flours and fold them in. Use your hands to form balls with the dough. Lightly flatten each ball, and line them up on your baking pan (You can form the dough in any shape you like.) Bake in the preheated oven for 12 minutes. Once the bottom has turned golden brown, they are done! They're also delicious warmed up in a toaster oven just before eating.","Mix together the sweet potato and one tablespoon of the butter while the mix is going. Fill a well in the centre of the tin with a piece of plastic wrap and put on a deep baking pan. Put the baking tray full of sweet sweet potatoes in the oven until they are lightly browned but not firm. Once the sweet potatoes are browned and the butter has melted, set them aside. Pour the margarine evenly over the sweet dough. Place half a cup in a bowl. Make a well with heavy cream and add half a tablespoon of butter and blend it all together gently until it is smooth. Divide between two layers. Bake for 7 minutes.",finetuned_top_k
250,Fudge Pie,"1 c. sugar 1 stick butter, melted 3 Tbsp. cocoa 1 Tbsp. vanilla 2 eggs 1 unbaked pie shell",Mix together with mixer. Pour into an unbaked pie shell. Bake at 375° for 30 to 35 minutes. Let cool before cutting.,"Cream sugar and butter until fluffy. Add cocoa and vanilla. Bring to a boil. Reduce heat and simmer 40 minutes. Add pie shell and blend. Add eggs. Mix well. Layer all over graham crackers or bread, then sprinkle with vanilla. Bake in 400 degree oven for 20 to 25 minutes. Keep an eye for any drops, as eggs can drip down. May also be placed in greased 3-quart casserole dish. Bake for 15 to 20 minutes or until bubbly.",finetuned_top_k
251,Cath'S Chocolate Cake,1/2 c shortening 1 1/2 c sugar 2 eggs 1/2 c milk 1 tsp vanilla 4 Tbsp cocoa 2 c flour 2 tsp baking powder 1 tsp baking soda 1/2 tsp salt 1 c boiling water,"Cream shortening with sugar. Add eggs, milk and vanilla and mix. Add cocoa,mix. Add flour, baking powder, baking soda, and salt. Mix thoroughly. Pour boiling water over it all and mix again. Bake 350 for 30 minutes in 2 round 7"" cake pans or one 9X13 pan. Bake for 25 minutes for 18 cupcakes.",In saucepan add melted shortening. Add sugar and eggs. Bring to boiling then reduce heat and simmer for 2 minutes. Add vanilla. Stir all ingredients in blender. Add to pudding batter and press into a greased casserole dish. Bake in 350 degrees oven for 50-75 minutes.,finetuned_top_k
252,Pineapple Brisket,"10 lbs beef brisket 1 cup brown sugar 1 cup crushed pineapple 1 tablespoon paprika 1 tablespoon chili pepper pineapple juice, to moisten, if needed","Combine all ingredients except the brisket. Coat the brisket in the mixture. Place meat in a roasting pan or dutch oven and pour the remaining mixture over the meat. Bake, covered, at 350 degrees for 2-3 hours or until done (very tender). Check on meat during cooking just in case you need to add a bit of water or pineapple juice to moisten and I like to turn the meat during the during the cooking. When done, let meat rest 10 minutes before slicing against the grain.","In a large mixing bowl, mix all the dry ingredients but in another bowl, whisk in pineapple juice. Pour the pineapple juice mixture into a Dutch oven or Dutch oven sprayed dish and cover with brisket with foil. Bake in the preheated oven 6 to 8 hours or until crisp. Cool completely and add paprika to moistener. Pour pineapple mixture into an ungreased 9x13 baking pan. Bake until golden and bubbling about 12 minutes. Cool on racks at room temperature.",finetuned_top_k
253,Cauliflower and Shrimp Caldin,"1 heavy coconut (without any cracks and containing liquid) 3 garlic cloves 1 small onion, halved lengthwise and thinly sliced lengthwise 2 1/2 cups plus 2 tablespoons water 1 tablespoon vegetable oil 1 tablespoon cumin seeds, ground in an electric coffee/spice grinder 1 teaspoon turmeric 1 (4-inch) fresh red chile, halved lengthwise, keeping stem intact 1 large head cauliflower (2 1/2 pounds), cut into 1-inch-wide florets 1/2 pound medium shrimp (31 to 35 per pound), peeled, leaving tail and first segment of shell intact, and deveined 1 1/2 teaspoons salt 1 (1-inch) piece tamarind from a pliable block* 1 (13- to 14-ounce) can unsweetened coconut milk* (preferably Chaokoh brand) 1 tablespoon cider vinegar Accompaniment: steamed basmati rice","Put oven rack in middle position and preheat oven to 400F. Pierce softest eye of coconut with a metal skewer or small screwdriver and drain liquid. Bake coconut 15 minutes. Break shell with a hammer or back of a heavy cleaver and remove flesh, prying it out carefully with tip of a flat-head screwdriver. Remove brown membrane with a sharp paring knife or vegetable peeler. Coarsely chop one third of coconut (reserve remainder for another use) and finely grind in a blender. Measure out 1/2 cup ground coconut (reserve remainder for another use) and puree with garlic, half of onion, and 1/2 cup water in blender until a paste forms. Cook remaining onion in oil in a wide 4- to 5-quart heavy pot over moderate heat, stirring, until softened, about 5 minutes. Add coconut paste, cumin, turmeric, and chile and cook at a bare simmer (do not let boil), stirring, 3 minutes. Stir in 2 cups water and cook at a bare simmer (do not let boil), uncovered, 15 minutes. Add cauliflower and cook at a bare simmer (do not let boil), uncovered, stirring occasionally, until just tender, 15 to 20 minutes. While cauliflower cooks, toss shrimp with 1/2 teaspoon salt in a small bowl. Gently mash tamarind pulp with remaining 2 tablespoons water in another small bowl until pulp is softened. Force pulp through a sieve into a bowl, discarding seeds and thick fibers. Pat shrimp dry and stir into cauliflower along with tamarind, canned coconut milk, and vinegar. Bring to a bare simmer (do not let boil) and cook until shrimp are just cooked through, about 3 minutes. Stir in remaining teaspoon salt. *Available at Indian markets and Kalustyan's (800-352-3451; kalustyans.com).","For the cauliflower and shrimp: Drain cauliflower, reserving 1 cup water. Combine first 5 ingredients; heat through until thickened, 2 to 3 minutes, stirring occasionally. Heat oil in a small heatproof Dutch oven. Add butter; cook 3 minutes or until smooth, stirring only occasionally. Transfer to a baking dish; drizzle sauce over cauliflower; brush top with remaining butter. Cover; let cook 8 to 10 minutes or till softened. Stir shrimp in at once to evenly coat; brush with rice mixture. Transfer immediately to a platter, cover, and bake 30 minutes, uncovered.",finetuned_top_k
254,Barley Cream Soup Recipe,"110 gm (4 ounce) pearl barley 1 lt (1 3/4 pints) chicken or possibly vegetable stock 150 ml (1/4 pint) lowfat milk 150 ml (1/4 pint) double cream or possibly whipping cream Salt and pepper 25 gm (1 ounce) butter, cut into small pcs 2 tsp fresh parsley, minced","Blanch the barley for 1 minute in boiling water then drain. Add in the liquid removed barley to the stock and simmer for 2 hrs Pass through a fine mouli or possibly liquidise. Add in the lowfat milk, cream, salt, pepper and the butter. Reheat and serve sprinkled with minced parsley. Here is an eighteenth century Essex recipe that brings out the very subtle flavour of barley.","Break the barley into small pieces and soak in the stock until the barley flakes easily. Mix in the chicken or vegetable stock and then divide to make a sauce. Cook until all the liquid comes out and the sauce is completely moistened but still a bit sticky. Heat the water as directed on the package; put a lid on the kettle and pour into a boiling kettle which has been put down so it will boil. Add barley mixture to the mixture, raise it to boiling, and cook until barley is cooked and tender, and serve warm.",finetuned_top_k
255,Chili Casserole,"1 pound ground beef 1/2 cup chopped onion 1 can (16 ounces) kidney beans, rinsed and drained 1 can (15 ounces) tomato sauce 1 can (14-1/2 ounces) stewed tomatoes, undrained 1/4 teaspoon garlic powder 1/4 teaspoon salt 1/4 teaspoon pepper 2 cups cooked noodles","In a large skillet, cook beef and onion over medium heat until meat is no longer pink; drain. Stir in the beans, tomato sauce, tomatoes, garlic powder, salt and pepper. Simmer, uncovered, for 5 minutes. Stir in noodles; heat through.","Brown ground beef in a saute pan or Dutch oven. Add onion and cook until browned on all sides, about 20 minutes. Add kidney beans and tomato sauce. Drizzle over beef mixture. Bake at 350° for 30 minutes.",finetuned_top_k
256,Strawberry Rhubarb Pie Vegan Shake,"1 cup compote strawberry rhubarb 1/2 cup frozen strawberries or fresh 1 tablespoon lemon juice 1 cup light coconut milk 1 frozen banana ripe 1 teaspoon pure vanilla extract 2 tablespoons graham cracker crumbs check label to ensure it is vegan agave nectar sweeten to taste, optional ice cubes",Combine all ingredients in a blender; pulse until smooth. Top with soy or dairy based whip cream and sprinkle with additional graham crackers.,"Combine rhubabarb and strawberries with the water in a small bowl. Mix until blended well. Add coconut milk, bananas, vanilla and crumbs. Chill until firm. Put whipped topping on a lightly floured surface and sprinkle with ice cubes. Spoon mixture into an ice cream maker or pie pan. Freeze until firm, but not ready to serve. Sprinkle whipped topping over rhubbust mix and top with filling. Makes 16.",finetuned_top_k
257,Chicken in Peanut Sauce,"6 boneless skinless chicken breasts 1 teaspoon salt 12 teaspoon pepper 1 tablespoon margarine 1 cup peanuts, ground coarse 2 tablespoons whole wheat flour 1 cup diced carrot 12 teaspoon turmeric 34 cup hot water","Combine salt and pepper and rub chicken pieces with mixture. Cut chicken into small, bite-size pieces. In large fry pan, melt butter. Add chicken. Brown chicken well, and then cover pan and cook on low to medium for 40 minutes, stirring as needed. Combine flour and peanuts and add to chicken, being sure to stir chicken to coat all sides. Add carrots, tumeric and the hot water. Simmer for about 10 minutes or until sauce thickens to your preference. Serve over steamed rice or cooked rice noodles.","Preheat oven to 450 degrees F (168 degrees C). Place chicken on a large baking sheet. Brush with margarine. Sprinkle each piece of chicken with salt, pepper, and flour. Rub peanut mixture onto each chicken piece. Bake in a preheated oven for 12 minutes. Transfer chicken to a cutting board and place it on the baking sheet to absorb any leftover sauce juices.",finetuned_top_k
258,Micro-Steamed Hoisin Fish and Vegetables,"1 lb salmon (as stated above, I used tilapia, 3/4-inches thick) or 1 lb grouper (as stated above, I used tilapia, 3/4-inches thick) or 1 lb other fish fillet, 1 1/2-inches thick (as stated above, I used tilapia, 3/4-inches thick) 1 (8 ounce) packagefresh sugar snap peas 1 cup sliced shiitake mushroom 1 tablespoon peeled minced fresh ginger 12 cup pre-shredded carrot (whoever invented these is a genius) 4 scallions, both white and light green parts, thinly sliced (about 1/2 cup) 3 tablespoons hoisin sauce 1 tablespoon reduced sodium soy sauce 1 tablespoon rice vinegar cooked rice, for serving","Cut the fish into 1-inch wide strips and place in a 2-qt. microwave-safe dish. Scatter the sugar snap peas, mushrooms, ginger, carrots and scallions evenly over the fish. It's going to look really pretty so take a moment to admire it. Combine the hoisin sauce, soy sauce and vinegar in a small bowl and then slowly drizzle over the fish and vegetables. Cover the dish with plastic wrap, folding back one corner to allow the steam to escape. Place the dish in the microwave and cook on high power until the fish is cooked through and the vegetables are crisp tender, 6 minutes. Stop every 2 minutes to gently stir and reposition the fish so that the outside pieces are moved to the inside. ***I didn't really believe that the fish and veggies would be cooked in 6 minutes but they WERE and they were perfect. I set the MWave for 2 minutes and just gently rearranged the fish each time (3 times). Serve the fish and veggies with the cooked rice.","For steamer: Bring 2 to 3 tablespoons water to a boil with a large pot. Stir in fish, then 1-2 tablespoons shiithu broth. Simmer gently over low heat for about 3 to 5 minutes. Remove from heat, cover, and allow to marinate. Cover and chill for 30 minutes. Drain and mash to a saucepan with some water. Once it boils and has reduced to 2 tablespoons water, add more shiin in a separate plate. Cook until thickened, stirring frequently to help avoid turning meat over. Drain immediately. Garnish with scallops or fresh green onions.",finetuned_top_k
259,Potato-Cheese Soup,"2 potatoes, sliced thinly 1 to 2 stalks celery, chopped 1/2 large onion, chopped 1 3/4 c. boiling water 1/4 c. margarine 2 1/2 Tbsp. flour 1 1/8 tsp. A. 1. sauce 1/2 tsp. mustard powder 1 1/2 c. milk 6 oz. sharp Cheddar cheese 1 (16 oz.) can tomatoes pinch of parsley or dill weed",Cook vegetables in boiling water until soft. Set aside.,"In a large saute pan, cook potatoes and onion until tender; drain. Add celery. Melt margarine in a skillet over medium-high heat. Cook over medium heat, stirring occasionally, until the onion is translucent and tender, about 5 minutes. Add flour, 1 tsp. soda, 1/3 tsp. 1/7 tsp salt, and mix well. Add to pan. Cook 3 more minutes, until potatoes are fork-tender, stirring lightly and gradually turning in to a blender. Add tomatoes, if desired. Sprinkle with parsley.",finetuned_top_k
260,Jenn'S Catfish Sandwich Sauce,"2 cups mayonnaise 1/2 cup prepared brown mustard 2 teaspoons dill pickle juice 2 teaspoons ketchup 2 teaspoons Worcestershire sauce 1 canned chipotle pepper 1 teaspoon adobo sauce from canned chipotle peppers 2 cloves garlic, peeled 1/4 cup fresh parsley","In a food processor, combine the mayonnaise, mustard, pickle juice, ketchup, Worcestershire sauce, chipotle pepper, adobo sauce, garlic and parsley until smooth.",Combine mayonnais with mustard in an 8-inch baking dish of salted or floured cast iron. Put mustard mixture into the mustard mixture. Cover and let rise in an airtight container overnight.,finetuned_top_k
261,Cinnamon Apple Jellied Salad,2 (3 ounce) packages lemon Jell-O gelatin 12 cup red cinnamon candies 3 cups boiling water 2 cups unsweetened applesauce 1 tablespoon lemon juice 12 cup chopped walnuts 2 (3 ounce) packages cream cheese 14 cup milk 2 tablespoons mayonnaise,"Dissolve jello and candies in boiling water. Stir in applesauce and lemon juice. Chill partially set. Add walnuts. Pour into 8x8x2-inches pan or dish. Blend together cream cheese, milk and mayonnaise until smooth. Spoon atop jello mixture and swirl through to marble. Chill till firm.",Combine ingredients in small bowl and bring to a boil. Reduce heat. Simmer until gelatin is dissolved and gelatin is foamy. Remove from heat and serve.,finetuned_top_k
262,Baked Fish Sandwiches,"1 pound cod fillets 1 clove garlic, minced 1 lemon, cut into wedges 2 tablespoons butter, softened 1 pinch salt and ground black pepper to taste 2 tablespoons steak sauce 4 hamburger buns, split and toasted 2 tablespoons Ranch-style salad dressing","Preheat the oven to 350 degrees F (175 degrees C). Place the fish fillets in a shallow baking dish. Sprinkle with garlic, and squeeze lemon juice over them. Dot with pieces of butter. Bake for 20 to 25 minutes in the preheated oven, until the fish flakes easily with a fork. Spread steak sauce on the cut side of the bottoms of the buns. Top with pieces of fish, then drizzle with Ranch dressing. Place the top buns over the filling, and serve.","Arrange fish on a cutting board in a large bowl. Add the garlic, lemon, cheese and butter and toss to coat. Bake at 350° for 30 minutes, or until the fish is tender.",finetuned_top_k
263,Rhubarb-Strawberry Ice Cream,3 cups frozen rhubarb 2 cups sugar 2 cups water 1 cup strawberry 3 cups miniature marshmallows 3 tablespoons lemon juice 2 cups whipping cream red food coloring,"Combine rhubarb, sugar, water & strawberries in a pan. Bring to a boil, reducing for 10-15 minutes, stirring. Add marshmallows and lemon juice and cook until marshmallows are melted. Put mixture into a large mixing bowl and refrigerate at least 4 hours. In chilled bowl, beat whipping cream to soft peaks. Fold into the fruit. Add food coloring to make a soft pink color. Put into ice cream maker and mix. Freeze at least 4 hours.",Slice rhubar's 1 large clove of ginger in half; press and cut each half; set aside to cool. Cream sugar and water until light and fluffy. Add strawberries and mix. Add sugar alternately with strawberries and water to sugar mixture. Combine well. Combine whipped cream and lemon juice. Add to rhubberries (mixture should be about 5 to 6 minutes). Gradually pour into glass rimmed glass dish. Garnish with lemon and food coloring. Garnished with the orange part on fruit and orange part.,finetuned_top_k
264,Boston Market Stuffing Recipe,"1/4 c. canola oil 1 Tbsp. honey 1 Tbsp. lime juice 1/4 tsp paprika 4 x chicken breast halves, washed and patted dry","Preheat oven to 400 degrees. In a small bowl, combine canola oil, honey, lime juice, and paprika. Place chicken, skin side up, in a 7X11 inch baking dish. Apply mix to chicken pcs in a single layer. Bake in oven for 35-40 min, basting every 8-10 min, till well browned and juices run clear when you cut into the thickest part of the chicken. Remove from oven. Cover with foil for 15 min. This softens the chicken and keeps it warm till served. Serves four.",Use 4 chicken breasts and 1/2 cup honey to make sauce. Heat oven to 375 F. Peel chicken and cut in half lengthwise. In a bowl combine the rest of the ingredients. Pour over chicken; lay on foil as a decoration.,finetuned_top_k
265,Chickpea and Pasta Soup,"3 tablespoons extra virgin olive oil, plus more to taste 2 garlic cloves, peeled and crushed 1 carrot, chopped 1 celery stalk, chopped 1 onion, chopped 1 teaspoon dried rosemary 2 cups cooked (page 431) or canned chickpeas, drained 1/4 cup small pasta, like elbow macaroni or broken spaghetti Salt and black pepper to taste Fresh parsley sprigs, optional","Put the 3 tablespoons oil in a large saucepan or stockpot over medium-high heat. Add the garlic, carrot, celery, and onion and cook, stirring occasionally, until the vegetables are fragrant and softened, about 5 minutes. Add the rosemary and chickpeas and stir well. Pour in enough water to cover the chickpeas, cover, lower the heat, and simmer for 10 minutes. Cool the mixture slightly if time allows (its never a good idea to puree boiling hot mixtures if you can avoid it). Use a food mill, an immersion blender, or an upright blender to puree the mixture. If you are going to refrigerate the soup, do so now. If not, return it to the saucepan and reheat over low heat. Meanwhile, cook the pasta in boiling salted water until nearly tender; drain. Just before serving, stir the pasta into the soup and reheat. Season with salt and pepper, garnish with parsley, and serve, drizzled with a little more olive oil. Add 1/2 cup canned plum tomatoes, chopped, with their juices, after the vegetables have softened. Cook for 5 minutes and then substitute 1 cup dried lentils (no need to soak) for the chickpeas. Stir well, add enough water to cover, cover the pot, and simmer for 30 minutes. Cook the pasta as in step 2 and proceed directly to step 3. Do not puree the soup mixture. Instead, just add the cooked pasta before serving. Add 1/2 cup canned plum tomatoes, chopped, with their juices after the vegetables have softened. Cook for 5 minutes and add the cooked chickpeas. Do not add water to cover. Instead, continue stirring and cook over low heat for 10 minutes. Meanwhile, cook 1 cup short Italian pasta, like penne, rigatoni, or fusilli. Toss the cooked pasta with the chickpea mixture, season with salt and pepper, garnish with parsley, and serve.","Heat oil in a large pan and cook the garlic over medium-high heat until fragrant, 3 to 5 minutes per side. Add the garlic and cook until fragrantly softened and the garlic flakes open, about 10 minutes each side. Remove from heat, squeeze out, and put into a large broth pot that has been heated to boiling, stirring constantly. Add pasta and simmer 5 minutes, turning often to dissolve sauce. Whisk in parsley and parsley, and cook 25 minutes, or until heated through. Stir in pasta. Cover pot with lid, and boil 1 hour, or stirring constantly, until pasta is thickened and sauce is thick, 40 to 45 minutes. Spoon soup into a colander and serve. Serves 6.",finetuned_top_k
266,Mussels Baresse,1 1/2 doz. mussels 1 tsp. chopped garlic 1/4 tsp. parsley 1/4 tsp. black pepper 1/4 tsp. salt 1/4 tsp. oregano 1/4 tsp. bread crumbs 1/4 tsp. paprika chicken broth,"After cleaning mussels, place in baking dish and add garlic and sprinkle with parsley, black pepper, salt, oregano, bread crumbs and paprika. Cover bottom of baking dish with chicken broth and bake at 350° for 10 minutes.","Wash off the bottom of the fish fillets with a little olive oil. Wash the mussels, garlic, parsley, pepper, black pepper, oreganos, bread crumb and paprika, and place in a jar or container with a strong smell of fresh herbs that will get rid of the oil. Mix the chicken broth, mussels and fish. Stir gently. Cover with plastic wrap and refrigerate until ready to serve.",finetuned_top_k
267,Sauteed Mushrooms,"2 Tb butter 1 Tb oil 1/2 lb fresh mushrooms, washed, well dried, left whole if small, sliced or quartered if large Optional: 1 to 2 Tb minced shallots or green onions Salt and pepper A 10-inch enameled skillet","Place the skillet over high heat with the butter and oil. As soon as you see that the butter foam has begun to subside, indicating it is hot enough, add the mushrooms. Toss and shake the pan for 4 to 5 minutes. During their saute the mushrooms will at first absorb the fat. In 2 to 3 minutes the fat will reappear on their surface, and the mushrooms will begin to brown. As soon as they have browned lightly, remove from heat. Toss the shallots or green onions with the mushrooms. Saute over moderate heat for 2 minutes. Sauteed mushrooms may be cooked in advance, set aside, then reheated when needed. Season to taste just before serving.","Beat butter and oil until smooth, stirring occasionally until light and fluffy (3 to 4 minutes per side). Place mushrooms (optional) in pan. Heat oil and butter. Pour mushrooms over mushrooms and cook, stirring frequently, until thickened, about 10 minutes. Remove and arrange in a single layer on parchment paper. Serve with grilled cheese.",finetuned_top_k
268,Tea Cakes,3/4 c. shortening 2 c. sugar 2 eggs 4 Tbsp. milk 1 tsp. vanilla 1 tsp. baking powder dash of nutmeg pinch of salt,"Mix all ingredients together and add enough all-purpose flour until cutting consistency. This usually takes about 3 cups. Roll out on floured board and cut. The thinner you roll them, the crispier. Bake at 350° until light brown.","Sift together shortening, sugar, eggs and milk. Combine vanilla, baking powder, salt and nutmeg. Mix well. Pour into greased cookie pan and bake at 375° for 8 to 10 minutes or until golden brown.",finetuned_top_k
269,Chicken & Broccoli Casserole,"3 boneless chicken breasts, cut into bite sized portions 20 ounces broccoli stems (sounds like a lot but it's not) 2 (10 1/2 ounce) cans cream of chicken soup 1 cup plain yogurt or 1 cup sour cream 1 teaspoon lemon juice (you can also use lime) 12 teaspoon curry powder 13 cup orange juice 2 -4 garlic cloves 12 cup breadcrumbs 1 tablespoon butter, melted 12 cup shredded cheddar cheese (I use extra sharp)","Preheat oven to 350. Place chicken in a 7""X11""baking dish and bake for 20 minutes. While chicken is baking, cook broccoli until almost done. Drain. Prepare sauce by mixing all ingredients in a bowl. To make topping melt butter and mix with bread crumbs in a small bowl. Remove chicken from oven and place on a plate. Place broccoli on the bottom of the baking dish. Then put the chicken on top and pour on the sauce. Top first with shredded cheese and then sprinkle bread crumbs on top. Bake uncovered at 350 for 30 minutes. Serve hot with rice.","Brown chicken in butter for 4 hours. Drain. Saute broccoli in soup all day long. Add broccoli and simmer 15 min, stirring every few minutes so broccoli is tender (you don't want it to overcook) and drain. Slice chicken and drain quickly. Add soups, yogurt, sour cream, lemon juice, curry powder and pepper to potatoes and toast for about 5 min. Sprinkle with shredded cheese and serve immediately.",finetuned_top_k
270,Beef Stroganoff,"1 lb. round steak, cubed 1/3 c. flour 1/2 small onion, diced 1 small jar sliced mushrooms, drained 1 can cream of chicken soup 1 1/2 cans water 1/2 c. sour cream 2 Tbsp. oil",Brown floured steak cubes and onion in oil. Add mushrooms. Add chicken soup and water and cook 30 to 45 minutes on low heat. Add sour cream last and serve over hot rice.,"Wash and cut steak. Saute onion in flour until smooth. Mix in mushrooms, broth, water. Stir in sour cream, onion mixture and oil. Cook and stir until done; reduce heat a little. Heat broiler, uncovered, on medium-low heat. Add steak mixture and fry until done.",finetuned_top_k
271,Blue Potato Casserole,"4 medium potatoes 14 cup water 2 cups soft brie cheese 1 cup plain yogurt 2 eggs salt and pepper 4 tablespoons butter, melted 1 cup crumbled blue cheese","Wash and peel potatoes. Place in 2 quart covered casserole. Add water; cover. Microwave on high 8 to 10 minutes. Drain; let cool. Dice potatoes. Combine soft Brie cheese, yogurt, eggs, salt and pepper in food processor bowl or blender container. Process until smooth. Pour over diced potatoes. Mix well; Put into a 1 quart souffle dish. Drizzle with melted butter, sprinkle crumbled cheese on top and put in a 350* oven for 20-30 minutes or until cheese is melted. Tip: Cream cheese can be substituted for soft Brie cheese and shredded Cheddar cheese for the crumbled Blue cheese for a diffent ""cheesy casserole"".",Mix the eggs and milk just until combined. Mix together and serve.,finetuned_top_k
272,Meat Loaf,"1 small onion, chopped 1 1/2 lb. lean ground beef 1 tsp. pepper 1 c. bread crumbs or crackers 1 egg 2/3 c. tomato juice 2 Tbsp. butter dash of salt","Saute onion in butter for 5 minutes. Add to ground beef in large bowl. Sprinkle in salt and pepper; mix well. Stir in crumbs, eggs and juice. Shape into a loaf. Place in a greased pan. Bake at 300° for 60 to 90 minutes or until browned. Remove loaf and place on platter. Serve with brown gravy.","Brown beef and onion; drain. Combine bread crumb and egg; sprinkle with pepper. Butter skillet with 1/4 cup of butter. Cook meat mixture on low speed 3 to 4 minutes. Cook on high 3 to 5 minutes. Stir in onion and tomato juice. Bring to a boil, reduce heat to medium, simmer 15 to 20 minutes or until sausage is tender.",finetuned_top_k
273,Baked Squash From The Black-Eyed Pea,5 lb. medium style yellow squash 2 eggs 1 c. bread crumbs 4 oz. butter 1/4 c. sugar 2 tsp. salt 2 Tbsp. chopped onion dash of pepper,Cut off tips of squash. Cut squash into 3 or 4 pieces. Place in pot and add water to just cover squash. Cook until tender. Drain in colander. Mash and add other ingredients. Pour mixture into ovenproof dish and cover with a light layer of bread crumbs. Bake at 350° until lightly browned. Makes 10 servings.,Cut squash into 2-inch cubes. Mix flour and egg yolks. Add 1/3 of the ingredients. Mix well. Put in oven at 325 degrees. Let stand at room temperature about 40 minutes. Place half of squash in a pan and cook with oil sprayed on top. Cover bottom and 1 quart of hot water. Pour over remaining squash. Bake for 50 minutes. Turn and bake a further 30 minutes.,finetuned_top_k
274,Chicken Salad with Tahini-Yogurt Dressing,"1 cup whole Greek yogurt 2 tablespoons fresh lime juice 2 garlic cloves, minced 2 teaspoons tahini 1/2 teaspoon ground turmeric 1 tablespoon extra-virgin olive oil, plus more for brushing 1 English cucumberpeeled and finely diced 1/2 cup lightly packed mint, finely chopped Kosher salt Freshly ground black pepper 2 1/4 pounds skinless, boneless chicken thighs Chipotle chile powder Thinly sliced scallions, for garnish Warm flatbread or steamed rice, for serving","In a medium bowl, whisk the yogurt, lime juice, garlic, tahini, turmeric and 1 tablespoon of olive oil. Fold in the cucumber and mint and season with salt and pepper. Light a grill or preheat a grill pan. Generously brush the chicken thighs with olive oil and season with salt, pepper and chipotle chile powder. Grill the chicken over moderately high heat, turning occasionally, until lightly charred outside and cooked through, 8 to 10 minutes. Transfer the chicken to a carving board and let rest for 5 minutes. Cut the chicken into bite-size pieces and transfer them to a large bowl. Add half of the cucumber yogurt and toss well. Season with salt and pepper. Transfer the yogurt chicken to plates, garnish with sliced scallions and serve with warm flatbread or steamed rice, passing the remaining cucumber yogurt at the table.","Rinse and dry chicken in cold water, then toss and mash to coat. Pat into dish and coat with cooking spray. Add lemon juice, thyme, tahinis, olive oil and 1/8 teaspoon salt to a medium bowl. Add onion, capers, cucumber, parsley, parsan- and shrimp, and toss to coat well. Turn sauce and toss vigorously, stirring frequently, for 1 to 1 1/3 minutes.",finetuned_top_k
275,Oriental Cashew Crunch,8 cups of quaker squares-brown sugar cereal 1 (3 ounce) can chow mein noodles 1 12 cups cashews or 1 12 cups peanuts 13 cup vegetable oil 3 tablespoons soy sauce 1 teaspoon garlic powder 1 teaspoon onion powder,Heat oven to 250 degrees F. Combine the first 3 ingredients in a 13x9 pan; set aside. Combine remaining 4 ingredients in a small bowl. Quickly pour over the cereal mixture and stir to coat. Bake 1 hour; stirring every 20 minutes. Cool and enjoy!,"In a large mixing bowl, beat the cereal until mixed well. Set aside. In a medium bowl, combine 1 cup of Quaker-Sugar Rice Krispies, 1 tablespoon vegetable oil, and 1 teaspoon soy sauce. Spread evenly over cereal mixture. Sprinkle in cashews in a layer. Refrigerate, covered, for at least 4 hours, and cut into pieces. In another bowl, mix half of the ingredients together. Spread half in remaining cereal mixture mixture. Refrost at least 2 hours. Keep on the right side out of the refrigerator for up to one month before serving.",finetuned_top_k
276,Chocolate Pie,1 1/4 c. white sugar 1/2 c. flour 3 Tbsp. cocoa 3 eggs 1 tsp. vanilla 2 c. water,Mix well and cook enough to pour in a pie shell (like pudding). Bake at 350° for pie shell until brown. Pour in cool pie shell.,"Put all in greased 2-inch casserole dish. Bake 20 minutes or until crust is golden when inserted halfway through baking. Cool slightly. Put chocolate in bowl; beat at medium speed till almost incorporated; mix slightly. Mix in flour, cocoa and eggs. Mix well. Pour chocolate mixture evenly over top. Bake until done (15 to 25 minutes per serving) or until heated through.",finetuned_top_k
277,Pineapple Casserole,"1 large can crushed pineapple with heavy syrup 1/2 c. sugar with 7 Tbsp. self-rising flour, combined 1 c. grated Cheddar cheese 1 stick Ritz crackers, crushed 1 stick margarine, melted","Pour pineapple into casserole dish; sprinkle flour mixture over it. Put cheese over this, then crackers. Drizzle melted margarine over all. Cook at 350° for about 20 minutes or until bubbly.","Combine pineapple, sugar and flour. Mix well and heat with a heavy skillet. Cook, stirring occasionally, until softened. Pour over crackers and margarine. Top with reserved crust. Bake at 350° for about 25 minutes.",finetuned_top_k
278,Homemade Ricotta Cheese Recipe,8 cups (half gallon) pasteurized whole milk (not ultrapasteurized) 1/2 cup heavy cream 1 teaspoon fine salt 1/4 cup distilled white vinegar,"Line a large fine-mesh strainer with a double layer of ultrafine woven cheesecloth and place over a large nonreactive bowl; set aside. Place milk, cream, and salt in a large saucepan, set over medium heat, and heat until mixture reaches between 175 degrees F and 180 degrees F on an instant-read thermometer, about 5 minutes. Remove from heat and drizzle in vinegar while slowly and gently stirring. Stop stirring as soon as all of the vinegar has been added. Let mixture sit undisturbed while the milk solids coagulate and float to the surface, leaving the whey underneath, about 20 minutes. Gently ladle the solids into the strainer, leaving as much whey in the saucepan as possible; discard the whey. Let the ricotta drain, without pressing down on the curds, until most of the liquid has drained, about 1 hour. Remove the ricotta from the cheesecloth and store in a covered container in the refrigerator for up to 1 week.","In a heavy saucepan, saute cream ingredients, stirring constantly until cream is absorbed, about 3 minutes. Stir in vinegar and gradually add in the ricotta and stir until smooth. Cover and let stand for 20 minutes, stirring occasionally, until thickened and cooled. Cover the pan and keep refrigerated, covered, at least 24 hours. (I keep a refrigerator for this purpose.)",finetuned_top_k
279,Pumpkin Cheesecake - Low Carb,"6 -8 ounces pecans (or favorite nut) 2 tablespoons Splenda granular, sugar substitute 5 tablespoons butter, melted 32 ounces cream cheese (room temp, 4-8oz packages) 1 cup Splenda granular, sugar substitute 12 teaspoon cinnamon 14 teaspoon ground ginger 15 ounces solid-pack pumpkin 3 eggs 1 tablespoon vanilla nonstick cooking spray","Preheat oven to 350 degrees. Crush nuts & Splenda in food processor until finely chopped. Add melted butter & process until moist. Cut a circle out of parchment or wax paper to fit the bottom of your springform pan (9x2 1/2""). Spray with non-stick cooking spray. Press the nut mixture onto the bottom of a springform pan and 1 inch up the sides. Bake 10 minutes or until golden. Cool. Use tin foil to wrap the bottom and the sides of the spring form pan in double thickness. In a medium bowl. Beat cream cheese, Splenda, cinnamon & ginger until smooth. Add pumpkin, beat until well blended. Add eggs & vanilla, beat until smooth. Pour into crust. Set springform pan into a roasting pan, fill it with hot water about an inch high. Bake about 1 hour and 30 minutes or until top starts set & turns golden. Cool 15 minutes and run a knife around the sides to loosen the cake from the pan. Cool on wire rack to room temperature, cover and refrigerate 2 hours before serving.","Put pecanna in large bowl and beat in Splenda and Splenda mixture until light and fluffy. Pour into well-greased and floured bottom and up and over pecannons. Mix cream cheese, Splenda, and cinnamon with mixer at medium speed until very smooth, about 10 minutes. Fold into pecontin and bake at 350 degrees for 35 min.",finetuned_top_k
280,Chicken Breast with Crispy and Creamy Cheese Coating,1 fillet Chicken breast 4 to 5 Pre-cut cheese (do not use melting type cheese) 1 Plain cake flour (for coating the chicken meat) 1 dash Sake (for marinating) 1 dash Soy sauce (for marinating) 1 pinch each Salt and pepper,"Rough chop the chicken into bite-sized pieces (the size of nuggets), then marinate in mixture of 4 parts sake to 1 part soy sauce. Coat the chicken in flour, then fry in a generous amount of oil until both sides are crisp. Season with salt and pepper to taste. Shred the cheese into the frying pan. When it starts to melt, toss the chicken to coat. Do not use melting type cheese. Fry until the cheese becomes crispy. It is essential to fry until the cheese on the coating is crispy.","Spray a 9x13 pan with Pam, pour grease over chicken breast. Sprinkle cheese, baking powder, sake, soy sauce and salt and pepper over chicken, overlapping until chicken is slightly browned. Heat oven to 425 degrees. Place a plate or piece of foil over the chicken; dust with oil (it will keep the heat from getting too hot). Sprinkle remaining batter over chicken in baking pan. Bake at 425 degrees for 45 minutes.",finetuned_top_k
281,Sour Cream Cutout Cookies,"1 cup sugar 1/4 cup shortening 1/4 cup margarine or butter, softened 1 teaspoon vanilla 1 egg 1/2 cup dairy sour cream (reduced fat works fine) 2-2/3 cups all-purpose flour 1 teaspoon baking powder 1/2 teaspoon baking soda 1/2 teaspoon salt 1/4 teaspoon ground nutmeg","Heat oven to 425 degrees F. Mix sugar, shortening, margarine, vanilla and egg. Mix in sour cream. Mix dry ingredients and add by portions to wet ingredients. Make dough into rounded ball or disk and cover with plastic. Refrigerate overnight. Roll to 1/4 inch thickness, cut cookies. Can sprinkle with sugar if you will not be frosting them later. Place on ungreased cookie sheet. Bake until no indentation remains when touched, 6 to 8 minutes.","Preheat oven to 320F. Using a double boiler, melt butter in heavy saucepan with sugar. Stir until sugar dissolves and mixture thickens. Add shortening and warm until soft peaks form. Stir in vanilla, egg and sour cream, beat well. Pour over batter; spread out dough. Bake 30 to 40 minutes or until lightly browned, flipping just before serving.",finetuned_top_k
282,Kiwi Creme Brulee,"1 large egg 4 large egg yolks 1/2 cup sugar plus 1/2 tablespoon for each serving 3 cups heavy cream 1 teaspoon pure vanilla extract 2 kiwis finely chopped, brown fuzzy peel removed","Preheat the oven to 300 degrees F. In a mixing bowl, add the egg, egg yolks, and 1/2 cup of the sugar and beat together on low speed until just combined. Heat the cream in a small pot until it's very hot to the touch but not boiling. With the mixer on low speed, slowly add the cream to the eggs. I found using a ladle worked really well to add small amounts at a time. Then, add the vanilla and chopped Kiwi and ladle into 6 to 8 ramekins until almost full. Place the ramekins in a baking pan and carefully pour boiling water into the pan to come halfway up the sides of the ramekins. Bake for 35 to 40 minutes, until the custards are set when gently shaken. Remove the custards from the water bath, cool to room temperature, and refrigerate until firm. When ready to serve, set your oven to Broil and place the rack all the way to the top. Sprinkle 1/2 tablespoon of sugar evenly over the Custard and place evenly on a baking sheet. Broil for 2-3 minutes and watch closely! It can burn really quickly. Allow to sit at room temperature for a minute or two until the caramelized sugar hardens.","Beat egg yolk; set aside. Grease rimmed baking dish with flour. Beat egg whites with mixer on low speed with mixer bowl 1 to 2 minutes. Add sugar and vanilla and beat. Gradually beat in cream, beating after each addition for 2 minutes more. Stir in dry ingredients; beat well. Fold in kiwi after each one for 3 to 4 minutes. Bake in unbaked cake pan at 450° for 25 to 35 minutes or until toothpick inserted comes out clean. Let cool completely.",finetuned_top_k
283,Pumpkin Soup,1/2 cup Chopped onion 3 tbsp Butter 2 cup Mashed cooked pumpkin 1 tsp Salt 1 tbsp Sugar 1/4 tsp Nutmeg 1 pinch Ground pepper 3 cup Chicken Broth 1/2 cup Half and Half (or whip cream or CC),"Brown onions with butter. Add mashed pumpkin and all seasonings. Slowly add chicken broth and heat thoroughly, but don't boil. Remove from heat and stir in cream. Enjoy!","Combine seasonings in a bowl mix on high for at least 10 minutes add chicken broth/soup mix mix. Mix in chicken broth, half and half ingredients until cooked through. Serve with crackers or toast, and a casserole.",finetuned_top_k
284,Black Forest Cake,1 pkg. devil's food cake mix 1 can cherry pie filling 1 (8 oz.) container Cool Whip 1 tsp. vanilla flavoring 1 tsp. grated orange rind,You may use other pie mix instead of cherry.,"Heat oil in large skillet over medium heat. Add cake mix and Cool Whip. Cook and stir until cake has browned, 15 to 20 minutes. Add orange rund to hot cake mixture that has been added to pan and pour batter. Bake 10 minutes at 350° or until hot, topping is firm. Allow to cool 5 minutes.",finetuned_top_k
285,Peter Paul Mound Cake,"1 box Chocolate Cake Mix (about 18 Oz.) _____ Filling 1 cup Sugar 1 cup Heavy Whipping Cream 1 teaspoon Vanilla 20 pieces Marshmallows 14 ounces, weight Coconut Flakes _____ Icing 1 cup Brown Sugar 1 stick Butter 1/4 cups Cocoa 1/4 cups Heavy Whipping Cream 1 teaspoon Vanilla 1-1/2 cup Powdered Sugar","Cake: Mix the cake according to box directions. Bake in two 9"" round cake pans. Filling: Cook the sugar and whipping cream until blended. Remove from heat and add vanilla, marshmallows, and coconut. (I add the coconut last to insure all the marshmallows are melted.) Cut the layers of cake in half. Stack the cake halves with the filling in between each layer. Icing: Cook the brown sugar, butter, and cocoa until smooth. Add whipping cream; cooking until boiling. Remove from heat. Add vanilla and powdered sugar. (I typically add the powder sugar half a cup at a time to insure I get all the lumps out, or you could sift it beforehand if you like). You will have to beat it well to make the icing smooth.","Cook cake according to package directions. Beat the cake mixes until fluffy. Gradually add the milk, sugar and 1 cup whipping cream. Continue to beat until blended well. Beat in the vanilla, brown sugar, butter cake mix and coconut flakes to blend. Fold in the marshmallows, coconut and peanut butter. Then fold in brown sugar. Chill until it is cool. Heat a wok or an electric mixer to medium-high heat. Use a fork to scoop down batter and set aside. Meanwhile, heat the carf or coffee maker to high heat. Place the caramel and marshmellons in a large mixing bowl and stir well until softened. Pour the batter into a greased 9-inch bundt pan and cover with the chocolate bars and coconut wedges. Bake in the prepared",finetuned_top_k
286,Dark Chocolate Ganache,"1 1/4 cups heavy cream 12 ounces semisweet or bittersweet chocolate, finely chopped, preferably 55% to 65% cacao","Bring cream to just under a boil in a saucepan over medium heat. Meanwhile place the chocolate in a heatproof bowl. Pour the hot cream over the chocolate and give a few quick stirs to gently combine. Allow to sit for a few minutes; covering it with a pot lid will hasten the melting. The residual heat will melt the chocolate. After about 5 minutes, stir gently until homogenous. Don't whisk vigorously as that would add air. You want it smooth and dense. May be used immediately in liquid form as a glaze for a cake or dessert, as a sauce for ice cream or cake or even as a fondue. Chilled to spreading consistency and you can use as a frosting. Chill further and it will be firm enough to roll into truffle center.","Preheat oven to 350°°F. Beat cream with a hand mixer until fluffy. Stir in the bittersweet/cacao until combined well. Add chocolate after each addition; let set at room temperature. Combine all ingredients. Pour into a 9x13"" baking dish and sprinkle with the remaining chocolate. Bake 20-25 minutes or until heated through and the chocolate melts. (Don't add chocolate on bread - just stir in and serve immediately.)",finetuned_top_k
287,Tortilla Torte Recipe,"1 package (12 ounces) semisweet chocolate pieces 4 cups (32 ounces) sour cream, divided 10 (7-inch) flour tortillas 3/4 cup (about 6 ounces) confectioners' sugar, sifted chocolate curls or sprinkles, for garnish (optional)","In a medium saucepan or double boiler, melt chocolate pieces over low heat, stirring occasionally. Stir in 2 cups sour cream. Remove from heat and cool. Place one tortilla on your serving plate. Spread about 1/3 cup of the chocolate mixture atop. Repeat with eight of the remaining tortillas and the remaining chocolate mixture. Top with the last tortilla. Put the assembled torte in the refrigerator and let chill until quite solid, about 30 minutes. In a medium bowl, stir together the remaining sour cream and confectioners' sugar. Spread on the top and sides of the torte. Cover and chill for 3 hours or overnight before serving.","Preheat oven to 350°. Combine semisetra and sour cream; beat well. Place tortilla pieces in an ungreased 9-inch deep pan; sprinkle with confectioner's sugar. Cook until hot, stirring constantly. Drain on paper towels; set aside. Mix together chocolate, sour cream and flour tortilla mixture; pour over tortilla. Using an immersion blender, blend together 2 tablespoons sweetened condensed milk and 1-1/2 teaspoons sugar until blended. Pour in remaining 1- tablespoons sugar. Fold filling over tortillas; freeze 1 1/2 hours. Press 3/8-inch layer of tortillas onto 9-in. baking sheet lined with waxed paper. Bake 25 minutes or until golden brown. Remove from oven and let cool slightly; transfer to",finetuned_top_k
288,Apple Walnut Mint Salad,1/2 apple thinly sliced 1/2 cup walnuts roasted and chopped 2 tablespoons coriander finely chopped 1/4 cup mint leaves chopped 1/2 teaspoon pepper salt to taste 1 tablespoon white vinegar 1 tablespoon olive oil 1/8 cup green onions both whites and greens,"Combine salt, pepper, vinegar and olive oil. Whisk this mixture till creamy. Add the remaining ingredients and mix well Season it with salt and pepper Serve chilled Any other salad vegetable can be added- eg. cucumber, tomato, cabbage, carrots etc.)","Fry both apples thinly. Combine remaining ingredients in a small bowl. Saute in hot oil until golden brown. Cut on the second serving crust. Refrigerate 15 minutes. Serve warm with rice, yogurt, and warm bread. Garnish with additional greens.",finetuned_top_k
289,Shampoo - A Great Chick Cocktail,"3 ounces tequila 1 ounce prepared sweet-and-sour mix 1 ounce triple sec 1 lime, juice of, fresh 1 dash Chambord raspberry liquor",Shake this in a mixer and serve straight up in your favorite glass.,"Drain tequila. Blend 1 ounce of it with 2 ounces of the other tequila, then add lemon juice into 1 ounce liquid. Shake well and enjoy.",finetuned_top_k
290,Peach Bread Pudding,"9 Rhodes Warm-N-Serv Soft White Dinner Rolls, baked and day old 3 eggs 1 1/2 cups milk 1/3 cup sugar 1 teaspoon almond extract 21 ounce can Peach Pie Filling","Cut rolls into 1/2 inch cubes. Place cubes in a sprayed 8-inch square baking pan. In a bowl, combine eggs, milk, sugar, almond extract and 1 cup peach pie filling. Mix well. Pour over roll cubes. Press down with a spoon to make sure all of the roll cubes are covered with egg mixture. If time permits, let soak for 30 minutes. Bake at 350°F 30-40 minutes. Heat remaining pie filling and serve over warm pudding.","Preheat oven to 375 degrees. Lightly grease two 9 or 9-inch square baking pans with nonstick cooking spray or parchment paper and set baking sheets aside. In a large bowl, dissolve eggs and milk in the first 5 ingredients until thoroughly combined. In the second 5 ingredients, beat together the remaining ingredients until fluffy and smooth. Spoon into prepared pans, bake for 45 to 60 minutes or until lightly browned. Cool on broiler rack, or sprinkle with whipped cream. Makes about 3 dozen small pies.",finetuned_top_k
291,Hot Minty Chocolate,5 Tbsp. cocoa 5 Tbsp. sugar 1/8 tsp. salt 1/2 c. water 3 c. milk 1/2 tsp. vanilla peppermint Schnapps to taste,"Mix cocoa, sugar and salt in a 2-quart bowl. Blend in water. Microwave 2 minutes to boiling. Stir well. Add milk, vanilla and peppermint Schnapps. Microwave 5 to 6 minutes on Medium. Do not boil. Makes 8 servings.","Preheat oven to 350°. Combine cocoa, sugar, salt, peppermint and water. Stir well. Press into a 9 1/4-inch square pan and chill.",finetuned_top_k
292,Lobster Stew Or Bisque Recipe,5 tbsp. butter 4 tbsp. flour 1 teaspoon salt 1/8 teaspoon pepper 3 c. lowfat milk or possibly 1 1/2 c. evaporated lowfat milk and 1 1/2 c. water 1 c. bouillon or possibly chicken broth 1 pound lobster meat 1 sliced med. onion A sprig parsley 1/2 c. cream,"Heat butter in large saucepan. Stir in flour, salt, and pepper. Add in lowfat milk and bouillon gradually while stirring. Cook over low heat till mix thickens. Add in lobster, onion, and parsley. Cover and simmer over low heat for 10 min. Add in cream. For bisque, strain through sieve before adding cream.","Preheat oven to 325F Pour butter over butter. Mix flour with salt and pepper. Add milk, water and broth and cook until mixture looks like it has browned. Drop by tablespoonfuls onto bottom of a steamer basket. When liquid comes to a boil boil, add lobster meat and onion; cook until it is tender, then add minced parsley and stir to combine. Cover lid. Put potatoes and broth in a saucepan and bring to a simmer. Pour gravy over potatoes. Spoon gravy over lobster meat mixture and cook 2 minutes.",finetuned_top_k
293,Orange Icing Glaze,"2 cups icing sugar 1/4 cup butter, softened 2 -3 tablespoons orange juice 1 1/2 teaspoons orange zest or 1 1/2 teaspoons orange extract","Beat all ingredients together, adding more or less juice to make icing proper consistency. Ice or dip cookies into icing. Enjoy!","In an ungreased pan, cream icing sugar with the softened butter. Bring to a boil over medium-high heat. Stir together the orange juice, zest and orange extract. Sprinkle with sugar mixture, pressing firmly into the bottom of the pan. Pour mixture evenly over the melted icing sugar mixture. Bake at 400° for 1 1 1-3 hours or until a toothpick inserted in the center comes out clean.",finetuned_top_k
294,Joe'S Jambalaya,"1 lb ground beef 1 small onion, chopped 3 cups pasta, cooked and drained 2 cups cream of mushroom soup 1 large can diced tomatoes 1 cup grated cheese","Brown ground beef and onion, and drain. In a 9 x 13 pan, layer pasta, beef and onion, soup, tomatoes and cheese. Bake at 350 degrees for 30 minutes until bubbly.","Mix ground beef, onion, soup, tomatoes, grated cheeses and mix well. Fold in pasta mix this into spaghetti and pour in hot pan. Spread on ungreased baking sheets. Bake at 400° for 15 minutes. Cut tomato slices in half. Season with salt, pepper and grated parmesan cheese. Bake 15 minutes more. Add cheese and bake 2 to 3 more minutes more until heated through.",finetuned_top_k
295,Touchdown Poke Cupcakes,"1 pkg. (2-layer size) white cake mix 1 cup boiling water 1 pkg. (3 oz.) JELL-O Gelatin, any flavor 1 tub (8 oz.) COOL WHIP Whipped Topping, thawed 1-1/2 cups ready-to-spread chocolate frosting 1/4 cup white decorating icing","Heat oven to 350F. Prepare cake batter using the egg white version, and bake in 24 paper-lined muffin cups as directed on package. Cool in pans 15 min. Pierce cupcakes with large fork at 1/2-inch intervals. Add boiling water to gelatin mix; stir with whisk 2 min. until completely dissolved. Spoon over cupcakes. Refrigerate 3 hours. Frost cupcakes with COOL WHIP. Draw footballs on cupcakes with frosting. Use decorating icing to draw the laces.","Preheat oven to 350F. Cream cake mix, boiling water and JELL GLASS. Add gelatin to dry mixture and mix until moistened. Press down lightly to seal. Pour 2 cups boiling water over mixture and beat until smooth. Beat in decorating topping icing and stir until evenly distributed. Bake 25 minutes or until toothpick inserted in center comes out clean. Cool and flour spoon; cut in circles. Freeze. Yield 6 to 8 servings.",finetuned_top_k
296,Rogene'S Cauliflower Cashew Salad,"1 head iceberg lettuce, washed and torn into small pieces 1 head cauliflower, washed and cut into bite-sized pieces 2 cups shredded cheddar cheese 2 cups seasoned croutons 2 cups cashews Dressing 1 cup mayonnaise or 1 cup salad dressing 1/2 cup sugar 1/4 cup grated parmesan cheese","Combine lettuce, cauliflower, cheese, croutons and cashews. Set aside while preparing dressing. To make dressing: Stir together the mayonnaise, sugar and Parmesan cheese. The dressing and salad can be made ahead of time and combined just before serving. Tips: try adding 1/2 cup chopped green onions. Adjust the sugar to your taste. A lower calorie option would be to use plain yogurt instead of mayonnaise or salad dressing.","Remove stems and sides, then transfer to a plate.",finetuned_top_k
297,Snowy Ice Cream,"1 c. milk 1 egg, beaten 1/2 c. sugar dash of salt 1 tsp. vanilla clean fresh snow","Blend the ingredients well and add clean, fresh snow until absorbed and it looks like ice cream. (Tastes like frozen custard.)","Preheat the oven to 350°. Beat the egg, milk, sugar and salt in a large bowl until combined. Add the eggs, one by one, beating well after each addition. Chill in the refrigerator until firm, about 10 minutes. Pour into an airtight jar in the center of the baking pan. Bake 30 or 40 minutes or until a wooden pick inserted into the center is inserted near the bottom of the pan comes out clean. Cool.",finetuned_top_k
298,Strawberry Spinach Salad(12 To 16 Servings),"2 lb. loose fresh spinach 1 qt. fresh strawberries, sliced 1 (2 oz.) pkg. slivered almonds 1 (2.25 oz.) pkg. sliced almonds","Toast almonds in 400° oven on cookie sheet. Stir about 10 minutes until golden brown. Wash spinach, pat dry, remove stems. Tear into bite-sized pieces. Combine spinach, strawberries and almonds in large bowl. Cover and chill. Just before serving pour Poppy Seed Dressing over salad and toss gently.","Cook spinach in hot 1-quart microwave-safe water for 15 minutes or until tender. Drain and cool to room temperature. In a bowl, combine almonds with strawberries and blend until creamy. Beat in almonds. Cook about 30 minutes to combine juices and serve.",finetuned_top_k
299,Broccoli And Angel Hair Pasta Recipe,1 lrg broccoli head 1 lb Angel hair pasta 1 x Garlic elephant head 1/2 c. Margarine or possibly butter Extra virgin olive oil Crushed red pepper Parmesan cheese White pepper,"Cut broccoli into small pcs. Chop elephant head garlic into small pcs. Place broccoli in a microwave safe container. Add in about 1/4 c. water. Cover lightly with plastic wrap. Cook in microwave on high for 3-5 min. Check for doneness. Want to keep broccoli a little crisp. While broccoli is cooking, cook angel hair pasta till slightly hard. Drain. Heat the stick of butter in the pan you cooked angel hair in. Add in angel hair back to pan and toss to coat pasta. Add in broccoli and toss lightly. Pour some extra virgin olive oil in a small frying pan. Add in minced garlic and some crushed red pepper. Brown garlic. Garlic will clump together when done. Pour over pasta and broccoli. Sprinkle with parmesan cheese. Can add in some white pepper if you like. Toss till well mixed.",Bring broccoli and angel hair pasta to boil with water and simmer until peas are tender. Remove peas from pan. Sprinkle with Parmesan. Drain excess pasta and leave 2 cups pasta water. Add 1/4 cup spaghetti water to sauce. Stir in noodles. Pour pasta mixture into blender and puree until smooth. Season with salt. Top with chopped white pepper.,finetuned_top_k
300,Bake-tastic Butternut Squash Fries,"1 butternut squash (large enough to yield 1 pound once peeled and sliced) 1/8 teaspoon coarse salt, plus more, optional Ketchup, as dip, optional","Preheat the oven to 425 degrees F. Peel squash with a vegetable peeler. Slice the ends off the squash, and then cut it in half width-wise. Cut the round bottom piece in half lengthwise and scoop out the seeds. Using a crinkle cutter or a knife, carefully cut squash into spears or French-fry shapes. Thoroughly blot moisture away with paper towels, and sprinkle evenly with salt. Spray a broiler pan, a baking rack placed over a baking sheet, or a baking sheet with nonstick spray, and then place spears flat on it. Bake in the oven 20 minutes, and then carefully flip spears. Continue to bake until tender on the inside and crispy on the outside, about 20 minutes longer. Serve with ketchup for dipping, if using. Enjoy! PER SERVING (entire recipe): 204 calories, less than1g fat, 258mg sodium, 53g carbs, 9g fiber, 10g sugars, 4g protein","Peel and slice the squash. In a medium bowl, combine the salt, the pepper, and the ketchup. Pour into a 9-cm baking dish. Combine the carrot and sprinkle evenly with the mustard. Bake in the preheated oven for 4-10 minutes, or until a knife inserted in the center comes out clean. Cool for 25 minutes, then slice.",finetuned_top_k
301,Cajun Chicken With Collard Greens,"4 tablespoons olive oil 24 ounces boneless skinless chicken breasts 2 teaspoons blackening seasoning or 2 teaspoons cajun seasoning kosher salt & freshly ground black pepper 4 garlic cloves, sliced 1 red bell pepper, sliced 1 bunch collard greens, stems discarded and leaves cut into strips (about 10 cups) 1 (15 ounce) can black-eyed peas, drained and rinsed","In a skillet, heat 1 tablespoon oil over medium heat; season the chicken with the blackening seasoning or Cajun seasoning, 1/4 teaspoon salt, and 1/4 teaspoon pepper. Cook until browned and cooked through, about 6 to 7 minutes per side; transfer to serving plates. Meanwhile, heat a second skillet, over medium high heat with 3 tablespoons oil; add garlic, red pepper, cook, tossing frequently, until softened about 2 to 3 minutes. Add the collards, 3/4 teaspoon salt, 1/4 teaspoon pepper and cook, tossing, until collards are just tender, 5 to 7 minutes. Stir in black eyed peas and cook until heated through, 1 or 2 minutes more.","Heat a large nonstick skillet on medium-high heat, fry the chicken breasts for 3-4 minutes. Transfer to a cutting board; drain. Transfer the chicken to a plate; add the cajuns, cover and cook, stirring frequently, 3-5 minutes until opaque. Cook another 3-6 minutes or until tender. Add the collards and carrots and cook another 3 to 4 minutes or till tender. Pour into a small bowl. Garnish with your choice of remaining olives and fresh cilantro, if desired.",finetuned_top_k
302,My Green Salad,"1/2 head romaine lettuce 1/2 cucumber 1/2 avocado 1/4 green pepper (optional) 2 -3 teaspoons blush wine, viniagrette","Tear romaine, slice cucumber, cube avocado. Combine. Add dressing. Eat.","Peel and dice the romaine, wrap the lettuce and cucumber ends around the avocado. Drain and reserve. Combine the vinegar and wine and mix well. Fold in the green pepper, avocado (optional), wine and blush. Serve warm with salad.",finetuned_top_k
303,Raisin Pecan Pie,1 c. butter 2 c. sugar 1 tsp. cinnamon 1 Tbsp. flour 1 Tbsp. vinegar 4 eggs 1 c. pecans 1 c. raisins,"Cream together butter, sugar, cinnamon and flour. Add vinegar and eggs. Add pecans and raisins. Bake at 400° in 2 pie shells for about 10 minutes. Then turn to 300° for 35 to 40 minutes. To prevent pies from browning too fast, place pan of water on top rack.","Cream together all ingredients, except raisin, butter and sugar. Cream together until well blended well. Place pecan mixture in a 9 x 13-inch greased 9x13 glass baking dish and bake at 400° for about 45 minutes, or until pecannans are pecandy-tender and filling is thickened and cooled.",finetuned_top_k
304,Triple Chocolate Cake,1 box chocolate cake mix 1 box instant chocolate pudding 1 pack chocolate chips 3 eggs 1/3 c. oil 2/3 c. water 1 c. milk,Mix all ingredients together. Pour in greased tube pan. Bake for 45 minutes to 1 hour at 350°.,Mix all ingredients well. Pour into greased Bundt pan and bake at 350° for 15 minutes.,finetuned_top_k
305,"Grilled Ham, Egg And Cheese Sandwich","3 slices honey-roasted ham 1 slice swiss cheese 1 slice cheddar cheese 1 egg 2 slices sourdough bread 2 tablespoons butter, divided","Melt 1 tablespoon of butter in frying pan over medium heat. Add egg and fry until cooked to your preference. (Yolk can either be broke or not as to your preference.) In a nonstick pan, fry ham until warm and lightly brown. Remove from pan and keep warm. On one slice of sourdough bread, layer slice of cheddar cheese, ham, slice of swiss cheese and fried egg. Top with other slice of bread. Brush melted butter on sandwich and place buttered side down in skillet used to fry ham. Brush melted butter on top. After a few minutes, flip sandwich over and fry until golden brown and cheese is melted.","In the middle of the loaf, top the ham with the cheese. Sprinkle bread evenly over ham, and bake at 350° for 15 minutes. Serves 4.",finetuned_top_k
306,Beef Stroganoff,"2 lb. ground beef 3/4 c. chopped onion 1 1/2 tsp. garlic salt 1/4 tsp. pepper 1/2 c. flour 1 (4 oz.) can mushrooms, drained 2 (10 1/2 oz.) cans cream of mushroom soup 3 c. chow mein noodles 1 small carton sour cream","Combine ground beef, onion, garlic salt and pepper in a 3-quart Dutch oven. Cook until beef loses redness. Add flour and stir well. Add undrained mushrooms and soup. Stir well and bring to a bubbling heat. Add sour cream and chow mein noodles. Stir well and serve. Makes 8 servings.","Brown ground beef. Cook onion, garlic, chili powder and pepper until onion is translucent. Drain beef. Combine noodles and sour cream and pour into 2-quart casserole. Bake 30 minutes at 350°.",finetuned_top_k
307,Oxtail Casserole,"2 kg oxtails, cut into pieces 2 onions, peeled and chopped 4 carrots, peeled and roughly chopped 2 small turnips, peeled and chopped 2 tablespoons oil 2 garlic cloves, peeled and chopped 2 tablespoons plain flour 150 ml red wine 600 ml beef stock 1 tablespoon tomato puree 1 bay leaf","Set the oven to hot 220c/475f. Pack the piece of oxtail, onion, carrot and turnip in a roasting tin and sprinkle with oil. Roast for 30-40 mins until browned, stirring once during cooking. Remove tin from oven, then turn the oven temperature down to cool at 150c/300f. Spoon a couple of tablespoons of fat from the tin into a large flameproof casserole. Add the garlic and fry for 1minute, then stir in the flour and mix well. Pour in the wine and stock, add the puree and bay leaf, season well. Bring to the boil. Add oxtail and vegetables, cover with lid and or foil. Cook for 3 hours or until meat pulls away from the bone. Skim off fat from surface if you prefer. Serve with lots of mashed potato and cabbage.","Mix oxtail and onions well in dishpot until blended. Season with salt and pepper. Mix flour, red wine and stock together and mix to form an oxtailed mixture. Add to dry flour mixture. Cover and bake at 300C for 25 minutes. Let bake 10 minutes or until just golden brown. Makes 2 c. of a thick sauce (plain).",finetuned_top_k
308,Fizzy Strawberry Jellies,2 cups Greek yoghurt TOTAL 2 packets strawberry jelly 4 1/4 cups lemonade low sugar 2 1/4 cups strawberries English mint A handful of fresh chopped,"Start by removing the green leaf and stalk from the strawberries. Then cut them into half and dividing equally between eight tumblers. Make up jelly as per manufacturer's guidelines, only replacing cold water with an equal quantity of the lemonade. Let the jelly set in fridge for 4 - 6 hrs. When the jelly is set, spoon a dollop of TOTAL Greek Yoghurt on to the top of each glass and sprinkle over some chopped mint.","Fill 9 x 13 inch glass pan with water; cover and refrigerate 2 hours. Combine yoghurts, strawberries and lemonade; pour over glass completely covered with water. Stir for several minutes; set aside. Melt white sugar in a large saucepan or Dutch oven. Stir in strawberries and mint. Stir frequently until foamy on both sides (approximately 6 seconds). Pour over jelly. Sprinkle with remaining syrup. Bake uncovered uncovered at 300° for 12 minutes or until tops are golden white (approximately 20 minutes). When syrup has cooled and cool enough to handle, spoon over custard mixture. Serve with croutons.",finetuned_top_k
309,Bread And Butter Pickles,3 bowls cucumbers 2 bowls onions 1 bowl vinegar 1 1/2 bowls sugar 2 tsp. celery seed 2 tsp. turmeric 3 sticks (1-inch long) cinnamon 4 green peppers,Slice cucumbers and onions and chop or slice green peppers. Mix all ingredients in large kettle. Salt and let stand one hour. Cook on medium heat 20 minutes. Put into canning jars and seal.,"Boil cucumbers. Meanwhile, combine mustard, vinegar and sugar. Then add all ingredients in a bowl; stir well. Add all spices. Cover and freeze for 1 1-2 days at room temperature.",finetuned_top_k
310,Fusilli W Cannelini Beans & Sauteed Broccoli Rabe,1 pound fusilli 1 can cannelini beans 1 head broc rabe 5 garlic cloves freshly grated parm cheese Salt & pepper olive oil 1 tablespoon parsley,"Fill a sauce pot with water and add the broc rabe (remember to trim the stems)cook over medium heat and boil for 12 minutes covered,drain in a colander & place about 5 paper towels over the broc rabe and a heavy bowl on top to soak up all excess water.Next bring another pot of water to a boil and add the fusilli (cook until al dente about 10 minutes) Meanwhile in a large frying pan place the 5 garlic cloves (chopped)& about 1/4 cup olive oil heat over medium heat.When garlic starts to get fragrant(app 3 min),add piece by piece the broc rabe and stir to coat a few times, after broc rabe has been cooking 5 minutes, add the beans and the freshly grated parm cheese. Pasta should be done at this point, transfer drained pasta to a serving bowl and top with the broc rabe/bean mixture stir to coat well and season with parsley, salt & pepper. A little extra parm cheese to top & serve.","Brown fusillos until slightly brown. Drain and set aside. Transfer pcs to a medium sized bowl; cover and keep cooking for 1 hour. Brown flica and drain on paper towel. Place beans in a large shallow baking dish. Saute onions and garlic in oil for 4 minutes on each side or until done. Return to pan and cover and cook for another 2 minutes or until tender. Season with salt, pepper and olive oil.",finetuned_top_k
311,Hawaiian Fruit Salad,"1 (20 oz.) can crushed pineapple 1 (15 oz.) can mandarin oranges 1 (3.5 oz.) box vanilla instant pudding 1 Tbsp. dry Tang 2 apples, diced 2 bananas, diced",Drain fruit and reserve juice. Mix Tang with dry pudding and use pineapple juice to make pudding as directed. Blend in fruit and chill.,"Cut pineapple in half lengthwise; cut oranges into slices. Bring juice of mandarin orange juice, pineapple, and mandarin apples to boil. Simmer 10 minutes. Return to simmer.",finetuned_top_k
312,Lemon Angel Food Cake,1 lemon angel food cake 1 pkg. lemon pudding mix (canned) 1 lemon yogurt spread 1 bowl Cool Whip,Take 1 lemon angel food cake and slice into four layers. Mix lemon pudding and lemon yogurt; spread between layers. Frost with Cool Whip. Refrigerate until ready to serve.,Beat pudding and lemon in blender until dry. Add lemon yogurt and Cool Whip; stir until well blended. Mix in pudding and pudding mix. Repeat process. Pour into a greased 9 x 13-inch Bundt pan. Bake at 400° for 50 minutes or until cake is just set.,finetuned_top_k
313,Whole Wheat & Rye Yogurt Flax Bread,2 1/2 cups whole wheat flour 1 1/2 cups rye flour 2 tablespoons instant potato flakes 3 tablespoons gluten flour 3/4 cup water 2 tablespoons balsamic vinegar 1 cup yogurt 3 tablespoons honey 3 tablespoons olive oil 3 tablespoons flax seeds 2 teaspoons salt 1 tablespoon yeast,"Mix whole wheat flour, rye flour, gluten flour & instant potato flakes in a bowl, set aside. In a mixer bowl, using flat beater, mix wet ingredients. Add yeast flax seeds & salt to liquid ingredients, mix thoroughly. Switch to dough hook, and slowly add flour mixture 1/2 cup at a time. Allow it to knead each amount of flour into ball before adding more. Once all flour is incorporated, all the dough to continue to knead until the dough is sooth and elastic. Place dough in greased bowl, turning to grease the top. Cover and let rise for 1 1/2 hours in a warm, draft free location. Prepare two 8 1/2 x 4 1/2 x 2 1/2 inch pans by greasing lightly with butter or vegetable shortening. When timer goes off, punch down dough and divide into two balls. Shape each half into a loaf, and place in prepared pans. Cover with plastic wrap & a tea towel, and allow to rise in a warm, draft free area for 1 hour. Bake at 400 for 35-40 minutes. Bread will be cooked when it sounds hollow when tapped on the bottom. Turn out of pan & allow to cool before slicing. Place leftovers in plastic bag for storage.","Mix both dry dry ingredients and flour. Add 2 1 tablespoons water and gradually add to flour mixture. Gradually add baking soda, one or two teaspoons at a time. Stir and knead in the flour mixture until you have about 1 inch of dough. Roll out dough lengthwise into 1/8 inch pie plates or a rectangle, about 2 x about 2 inches each. Place a baking sheet in the center of the pie plate, cover tightly with plastic wrap and refrigerate for 3 hours. Place the remaining dough to the baking sheet and carefully spread on the edge. Preheat oven to 300 degrees F. Sprinkle with the 1 1 tablespoons flour mixture and bake on rack for 10 minutes. Turn the oven on to 300deg F for 8 to 10 minutes more. Serve warm or at room temperature",finetuned_top_k
314,Pork Chop Casserole,"1 (6 oz.) pkg. long grain and wild rice mix 2 c. hot water 6 boneless pork chops 1/4 tsp. pepper 1 can cream of celery soup, undiluted 1/2 c. milk","Combine rice, seasoning packet from rice mix and hot water; place in a lightly greased 13 x 9 x 2-inch baking dish. Sprinkle pork chops with pepper and place on top of rice mixture. Cover and bake at 350° for 1 hour. Uncover casserole; combine cream of celery soup and milk, and pour over casserole. Bake casserole, uncovered, 15 minutes.",Cook rice mix in boiling water over very low heat with the chili powder and celery. If this makes you hard to eat this soup is best!,finetuned_top_k
315,Grandmother's Grape Nut Bread Recipe,"1 c. Grape Nuts cereal 2 c. sour lowfat milk (add in 1 teaspoon vinegar to 1 c. lowfat milk) 4 c. flour 1 c. sugar 1 teaspoon baking soda 4 teaspoon baking pwdr 1/8 teaspoon salt 2 Large eggs, well beaten","In a bowl, soak Grape Nuts in sour lowfat milk for 15 min. Sift together flour, sugar, baking soda, baking pwdr and salt. Alternately mix with dry ingredients the Grape Nuts mix and Large eggs. Place in greased and floured loaf pan and let stand for 30 min. Bake at 375 degrees for 35 min, till bread tests done.","Preheat oven to 375°. Grease and flour Bundt pan. Beat egg yolks and salt until fluffy. Mix flour, sugar and baking pwsdr. Cut in sugar mixture. Add eggs and beat until smooth. Fold in egg mixture so that water doesn't come up. Pour half of batter into Bundt dish. Top with 1 Tbsp. flour mixture. Spoon over cake. Refrigerate until firm. Makes 2 1/2 dozen biscuits.",finetuned_top_k
316,Chicken Cheddar Casserole Recipe,3 chicken leg quarters 1/4 c. chicken broth 8 ounce. pkg. old fashion egg noodles 1 med. onion 1/2 bell pepper 1 c. fresh mushrooms 2 teaspoon butter 2 c. shredded cheddar cheese 1/4 c. bacon bits,"Boil chicken, remove skin and bones. Chop into pcs. Save 1/4 c. broth. Boil egg noodles about 8 min. Combine chicken and broth, noodles, onion, bell peppers, mushrooms and butter. Place in baking dish. Top with cheese and bacon. Cover and bake for 30 min at 350 degrees.",Mix all ingredients and mix well. Bake at 350° for 30 minutes.,finetuned_top_k
317,Twice-Baked Potatoes,"6 medium baking potatoes 1 c. cottage cheese 1 tsp. onion salt pepper 1/2 c. parsley, finely chopped paprika","Scrub potatoes and dry. Pierce with a fork. Bake at 350° for 1 hour. Remove from oven. Cool to handle. Cut in half lengthwise; remove pulp to bowl carefully; keep skin whole. Mash pulp with cottage cheese, salt and pepper. Scoop mixture back into skins. Sprinkle with paprika and parsley and bake 20 minutes more.","Cook potatoes until tender; drain. Add cottage cheese, salt and pepper; mix well. Spoon into 9 x 13-inch pan. Bake at 350° for 25 to 30 minutes or until lightly browned. Remove potatoes from oven and drizzle with paprika.",finetuned_top_k
318,Wacky Cake,1 1/2 c. unsifted flour 1 c. sugar 3 Tbsp. unsweetened cocoa 1 tsp. baking soda 1/2 tsp. salt 1 Tbsp. distilled white vinegar 1 tsp. vanilla 1 c. cold water 1 c. chocolate chips 5 Tbsp. melted butter,"Sift the flour, sugar, cocoa, baking soda and salt into a 10 x 7-inch dish or an 8-inch or a 9-inch square baking dish. With an index finger, make 3 holes in the mixture. Pour butter in one hole, vinegar in another hole and the vanilla in the third hole. Pour water over all. With fork, stir mixture until well combined. Bake at 350° for 25 to 35 minutes or until tester is clean when removed. Immediately top cake with chocolate chips and bake 2 to 3 minutes longer, just until soft. With rubber spatula, spread chips evenly over top of cake. Cool to room temperature. Serve with ice cream, if desired.","Mix well. Add 1 egg one at a time beating well. Beat in 2 minutes last. Put wax paper, toothpicks and melted sugar in hot heavy greased pan and bake at 325° for 45 minutes. Makes 12 to 15 dozen; each cake will keep for another 24 hours.",finetuned_top_k
319,Asparagus Casserole,"2 can asparagus 1 can green peas 1 can cream of mushroom soup 1 c. mayonnaise 1 c. sharp Cheddar cheese, grated 1 tsp. salt 1/2 tsp. pepper 1 medium onion, chopped 2 eggs, beaten 1/2 c. crushed crackers","Drain asparagus. Arrange half of asparagus in a 2 quart casserole dish. Cover with drained peas. Mix mushroom soup, mayonnaise, grated Cheddar cheese, salt, pepper, onion and beaten eggs to make a sauce. Pour half of the sauce over the asparagus and peas. Add remaining asparagus. Top with remaining sauce. Sprinkle crackers on top. Bake at 350° for 30 minutes.",Mix together; cut in cheese. Bake at 375° for 40 minutes.,finetuned_top_k
320,Salsa,"8 c. tomatoes 1 1/2 c. onions, chopped 3 green peppers 12 oz. jar picante sauce 2 Tbsp. white vinegar salt and pepper",Bring to a boil. Simmer for 1 hour. Pack in jars and seal. Very good.,Mix together.,finetuned_top_k
321,Grilled Jalapeno Turkey Burgers,"1 pkg. Butterball Fresh Ground Turkey 1/4 cup chopped green onions 2 tbsp. chopped pickled jalapeno peppers mild green chilies 1 clove garlic, minced 1 tsp. Worcestershire sauce 1/2 tsp. salt 6 burger buns",Prepare grill for medium-direct-heat cooking. Lightly spray unheated grill rack with nonstick cooking spray. Grill 6 minutes on each side or until meat is no longer pink in center. Serve with your favorite condiments.,"Melt butter in heavy pan over medium heat. Add onions, jalakitos and other ingredients and stir for 2 minutes. Add hamburger buns to pan and bake in preheated 350° oven for 15 minutes.",finetuned_top_k
322,30 MINUTE SHEPHERD'S,2 lb GROUND BEFF 1 ONION CHOPPED 1 tbsp OLIVE OIL 1 CARROT 2 lb POTATOES MASHED 2 tbsp butter 2 tbsp FLOUR 1 cup BEEF STOCK 2 tsp WORCETERSHIRE 1/2 cup FROZEN PEAS,"BOIL POTATOES AND MASH THEM ADD OIL TO HOT PAN WITH BEEF. SEASON MEAT WITH SALT AND PEPPER. BROWN AND CRUMBLE MEAT FOR 3 TO 4 MINUTES. ADD CHOPPED CARROT AND ONION TO MEAT. COOK VEGGIES WITH MEAT 5 MINUTES, STIRRING FREQUENTLY. IN SMALL SKILLET OVER MED HEAT COOK BUTTER AND FLOUR TOGETHER 2 MINUTES. WHISK IN BROTH AND WORC SAUCE. THICKEN GRAVY 1 MINUTE. ADD GRAVY TO MEAT AND VEGGIES. STIR IN PEAS PREHEAT BROILER TO HIGH. FILL A SMALL RECTANGULAR CASSEROLE WITH MEAT AND VEGGIES MIXTURE. SPOON POTATOES OVER MEAT EVENLY.","Cook bacon in oil in saucepan on med point. Brown on stove before adding butter and peas until very dark brown, stirring occasionally, about 30 min. Add flour and nutmeg. Pour over cooked bacon. Serve brownies with friscope.",finetuned_top_k
323,Easy Lemon Cookies,1 box lemon cake mix 1 (8 oz.) Cool Whip powdered sugar 1 egg,"Preheat oven to 350°. Mix together cake mix, egg and Cool Whip until it becomes thick batter. Roll by tablespoon in powdered sugar. Grease cookie sheet. Bake until golden brown, 10 to 12 minutes.","Mix cake mix, Cool Whip, juice of beaten egg and all in large container. Refrigerate at least 3 days.",finetuned_top_k
324,Chicken Pie,"2 c. cut up chicken 1 (4 1/2 oz.) can drained, sliced mushrooms 1/2 c. sliced green onions 1/2 tsp. salt 1 c. shredded natural Swiss cheese 1 1/2 c. milk 3/4 c. Bisquick 3 eggs","Lightly grease a 10-inch pie plate. Sprinkle chicken, mushrooms, onions, salt and cheese in pie plate. Beat remaining ingredients until smooth. Pour into pie plate. Bake at 400° until golden brown (35 to 40 minutes). Let stand 5 minutes before cutting. Refrigerate unused pie. Makes 6 to 8 servings.","Combine chicken, mushrooms, green onions and salt in large saucepan. Bring to a boil. Cook until heated through. Stir in cottage cheese. Cover and cook over high heat 12 to 15 minutes. Remove from heat. Stir egg into milk; mix well. Pour into greased and floured 13 x 9-inch pan. Place 1 1-inch pieces off center of pan. Bake at 350° for 15 minutes or until tender. Slice mushrooms and 1/4 cup sliced vegetables. Cover remaining chicken and veggies.",finetuned_top_k
325,Creamy Chicken Broccoli Noodles,2 pkg. chicken flavor Ramen noodle soup 1 can cream of mushroom soup 1/2 soup can milk 1 1/2 c. cubed cooked chicken 1 1/2 c. cooked broccoli flowerets 1/2 c. quartered cherry tomatoes (optional),"Cook noodles according to directions; drain off most of liquid. Stir in soup and milk. Add chicken and broccoli. Heat through, then stir in tomatoes. Good light meal.","Place broth in casserole dish. Combine soup, milk and soup cans. Saute chicken and broccoli in soup mixture until chicken is thoroughly cooked. Add more broth and vegetables if needed. Cook noodles according to directions.",finetuned_top_k
326,Homemade Creamy Tomato Soup,"1 tablespoon oil 1 onion chopped 1 garlic clove minced 2 pounds tomatoes ripe, please use fresh not canned, your body and taste buds will thank you 1 cup vegetable stock 2 tablespoons tomato paste 1 teaspoon sugar 1 cup heavy cream","Begin by skinning and seeding your tomatoes. This is achieved by bringing water to a boil and scoring your tomatoes by lightly cutting a cross on both ends. Submerge tomatoes in boiling water for 30 seconds and transfer to a bowl of cold water. Peel off the skin, cut then ends off, then cut in half and remove the seeds. Heat oil in large pot and cook onions for 3 minutes. Add garlic and cook for another minute. Then add tomato and cook until soft, or about 5 minutes. Stir in the stock, bring to a boil and then reduce to a simmer for 10 minutes. Remove from heat and cool slightly. Transfer to a food processor in small batches or use an immersion blender to blend until smooth. Add sugar and tomato paste and bring to a boil. Reduce heat. While stirring continuously slowly add cream. Allow to mix and heat but not to boil. Season to taste with salt and pepper.","In microwave add onion and garlic and saute about 5 minutes add tomato paste, then add salt and pepper to taste till done add sugar and cream Add stock, juice, sugar and mix Well mix everything together Pour into a greased crock. Bake at 450 for 30 minutes In a large pot add soup. Add your herbs, cook for 15 seconds.",finetuned_top_k
327,Foolproof Ribs With Barbecue Sauce,"5 pounds baby back ribs Danish, 4 racks or St. Louis ribs, 2 racks ground black pepper 1 barbecue sauce recipe, recipe follows barbecue sauce Makes 1 1/2 quarts 1/2 tablespoon crushed red pepper flakes 1/2 cup vegetable oil 1 1/2 cups yellow onion chopped, 1 large onion 1 tablespoon minced garlic 3 cloves 1 cup tomato paste 1 cup cider vinegar 1 cup honey 1/2 cup worcestershire sauce 1 cup dijon mustard 1/2 cup soy sauce 1 cup hoisin sauce 2 tablespoons chili powder 1 tablespoon ground cumin","Preheat the oven to 350 degrees F. Line a sheet pan with aluminum foil. Place the ribs on the sheet pan meat-side up and sprinkle them with 2 teaspoons salt and 1 teaspoon pepper. Pour the barbecue sauce generously on each rack and cover the ribs loosely with aluminum foil. Bake for 1 1/2 hours for baby backs and 1 3/4 hours for St. Louis ribs, until the meat is very tender when tested with a fork. As soon as the ribs are out of the oven, spread them generously with additional barbecue sauce. Grill right away or refrigerate to grill later. About 40 minutes before you want to serve, heat a charcoal grill with a layer of hot coals or heat a gas grill to medium-high heat. After the charcoal turns gray, brush the cooking grate with oil to keep the ribs from sticking. Place the ribs on the grill ribs-side down, put the lid on top (be sure both vents are open!) and grill for 5 minutes. Turn the ribs meat-side down, put the lid back on and grill for another 4 to 5 minutes, until nicely browned. Place on a cutting board and cover tightly with aluminum foil and allow the ribs to rest for 10 minutes. Cut into ribs and serve hot with extra barbecue sauce on the side. Heat the oil in a large saucepan over low heat, add the onions and cook for 10 to 15 minutes, until the onions are translucent but not browned. Add the garlic and cook for one more minute. Add the tomato paste, vinegar, honey, Worcestershire sauce, mustard, soy sauce, hoisin sauce, chili powder, cumin and pepper flakes. Bring to a boil, then lower the heat and simmer uncovered for 30 minutes. Use immediately or pour into a container and refrigerate for several weeks.",Combine all ingredients in a large saucepan; cook over medium heat until bubbly and crisp. Add ribs to sauce; stir to combine. Serve over browned barbecue sauce.,finetuned_top_k
328,Peachy Keen Toast,"2 slices honey-wheat bread, toasted 1 tablespoon cream cheese 1 tablespoon raspberry jam 1 peach, thinly sliced","Spread cream cheese on one slice of toast, raspberry jam on the other slice. Top with peach slices and press together.","Preheat oven to 350F. Brush a 12x13 inch baking dish with grease. Place a sheet of wax paper over the bottom of a large baking dish. Sprinkle bread with cream cheese and jam over a small area where you can see the peach slices. When peaches are very thinly sliced, brush both sides with grease and serve.",finetuned_top_k
329,Butterbeer,"1/2 stick unsalted butter, plus 1 tablespoon, divided 1/2 cup dark brown sugar 1 1/2 cup heavy cream, divided 1/2 teaspoon flaky sea salt 1.5 teaspoons vanilla extract 1 teaspoon grated fresh ginger a heaping 1/8 teaspoon fresh nutmeg 1.5 tablespoons light brown sugar 1/3 a vanilla bean up to 1 ounce dark rum (it will boozy) 1.5 cups ginger beer (or pear apple cider, or nut brown ale) grated nutmeg, to garnish","Make the ""butter"": Add 1/2 stick of the unsalted butter to a medium pot. Turn the heat to medium, and let the butter melt. Whisk in: the dark brown sugar, 1/2 cup of the heavy cream, and the flaky sea salt. Let the mixture come to a mild boil for about 5 minutes, whisking as you go. When the butterscotch is thick enough to really coat the back of a spoon, remove it from the heat. Stir in the vanilla extract. If you like, add a bit more sea salt and vanilla to taste. Make the ""foam"": Pour 1 cup of the heavy cream into a bowl. If you have an electric mixture, break it out now. Mix the cream until it's whipped to your liking. Put the drink together: Melt the remaining butter in a medium pot, over medium-low heat. Add the grated ginger, the nutmeg, the light brown sugar, and the vanilla bean. Stir to combine. Wait until the butter is bubbling gently, and then add the rum and stir again. Let the rum come to a little bubble, 1 minute. Add the ginger beer to the pot, and lower the heat a tad. Keep the pot on the stove just long enough for the ginger beer to heat through, and to impart the flavor of the ginger and vanilla, about 3-4 minutes. Prepare your glasses. Add a spoonful of butterscotch to the bottom of each glass (adjust depending on personal sweetness preferences). Run the butterbeer through a fine seive or cheesecloth, to remove any ginger bits, and the vanilla bean. Fill each glass 2/3 full with the strained butterbeer. Top with the whipped cream, and a gentle dusting of nutmeg. Serve warm. (If left to cool, the butterbeer will separate a little; you can fix this by reheating and stirring.)","In a small frying pan combine remaining butter, brown sugar, cream, baking powder,flaky sea Salt,and vanilla extract together in a small bowl. Stir over medium heat. Add ginger, brown-sugar, and 1/4 teaspoon, beating with a whisk. Stir until blended. Pour into an ungreased 9""x13"" pan. Cover with plastic wrap; bake at 350 degrees for 25 to 30 minutes or until hot. Remove from pan; cut into wedges.",finetuned_top_k
330,Basil Cream And Strawberry Pie,"1 whole Pre-Baked 9"" Pie Shell 1 pound Strawberries 4 whole Egg Yolks 2/3 cups Sugar 3 Tablespoons Cornstarch 3 cups Milk 1/2 cups Fresh Basil Leaves, Loosely Packed Plus Additional For Optional Garnish 2 Tablespoons Butter, Cut Into Small Pieces Whipped Cream (optional, Garnish)","*Note: Cook times do not include chill time for pie to set To pre-bake pie shell: Line pie dish with rolled out pastry (use your favorite crust recipe, or a store bought). Tightly line the crust with aluminum foil and fill with beans or pie weights. I find it works best to fill the entire pie shell to the top with your weights. Bake on the bottom shelf at 400° for 20 minutes. Remove the crust from the oven and decrease oven temp to 375°. Remove foil and weights from your crust. Poke holes all around the shell with a fork, twisting the fork slightly as you go. Continue baking the crust at 375° until the inside is golden brown and the shell is fully baked. Check at five and ten minutes, using the back of a spoon to press down any spots that puff up. Cool shell before filling. For the pie: Wash and quarter the strawberries. (Reserve a couple of the prettiest ones if you would like to use them for garnishing.) Separate 1/2 cup of the cut up strawberries. Mash slightly. Mix with remaining cut up strawberries and set aside. In a medium bowl, slightly beat the egg yolks and set aside until needed. In a medium saucepan, stir together sugar and cornstarch. And milk and whisk to combine. Add basil leaves. Heat over medium, stirring constantly, until thick. Once thickened, whisk about a half a cup of the hot milk mixture into the egg yolks, tempering them to prevent scrambled eggs from forming in your custard. Add egg yolk mixture back into the saucepan while whisking, continue heating about 1 more minute while continuing to whisk the mixture. Remove from heat and add butter, stir until melted completely into mixture. Pour mixture thru a fine strainer to remove clumps and basil leaves. Spread strawberries in an even layer across the bottom of the baked pie shell. Top with basil custard. Refrigerate until set, probably 4 hours is sufficient but I refrigerate overnight. Garnish as desired with additional strawberries, basil leaves, and/or whipped cream.","Mix, chill and bake in 9 x 13"" pan until firm. To make strawberry pie, set aside for 5 minutes. To get it to golden brown, simply start with one of the Strawberries in the center. Put in the Egg yolks, sugar, cornstarch, milk and basil leaves and stir for 5 seconds, adding to the yolk mixture till mixture boils. Let it set for 30 minutes, stirring constantly as you whisk until custard is thick. Pour into the Cool Whip Box and chill. Spoon into 9 x 11"" pan and fill 1/3 full. Chill overnight, cut up strawberries and serve in salad bowls with whipped cream.",finetuned_top_k
331,Almond-Cinnamon Bars,"Base 1 1/2 cups all-purpose flour 1 teaspoon cinnamon 1 teaspoon grated fresh lemon rind 1/4 teaspoon salt 1/2 cup packed brown sugar 1/2 cup softened butter 1 egg, separated Almond Topping 1/2 cup sliced almonds 2 tablespoons granulated sugar 1/2 teaspoon cinnamon","Base: In small bowl, combine flour, cinnamon, lemon rind and salt; set aside. In medium bowl using an electric mixer, beat together sugar, butter and egg yolk until fluffy. Gradually beat in flour mixture until well combined. Pat evenly over base of 9-inch square baking pan. Brush evenly with egg white. Almond Topping: In small bowl, combine almonds, sugar and cinnamon; sprinkle evenly over base. Bake in 350 degrees oven for 25 to 30 minutes, until golden brown. Let cool in pan before cutting into bars.","Preheat oven to 350 degrees. Combine the flour, cinnamon and lemon rnds in a medium saucepan and stir just until fluffy. Cook the dough just until slightly crumbly, about 15 minutes. Stir in the brown sugar and eggs, then stir to combine. Cover the filling bowl with foil and refrigerate overnight. Cut into bars; chill for about an hour. Strain the sugar mixture into a bowl; mix well. To prepare the almond topping, heat the butter in a large bowl, then beat in the egg and almonds until well blended. Stir to combine and add the flour mixture to the butter mixture. Pour into a 13x9-inch baking pan lined with parchment paper. Bake for 8-10 minutes, turning once, or until a toothpick inserted in the center",finetuned_top_k
332,Baked Eggs in Cream,"2 tbsp olive oil 4 small shallots, finely chopped 2 garlic cloves, minced (optional) 1 tbsp chopped tarragon 3/4 cup heavy cream or creme fraiche 4 large eggs 3 tbsp shredded Gruyere 1 tbsp dry bread crumbs 1 tbsp finely chopped chives Freshly ground black pepper Four 6 oz (180ml) ramekins","Preheat the oven to 325F (160C). Heat the oil in a frying pan over medium-low heat. Add the shallots and garlic and cook, stirring, until the shallots are golden. Stir in the tarragon and 2 tbsp of the cream. Spread equal amounts of the mixture in 4 x 6oz (180ml) ramekins, making a slight well in each portion of the shallots. Crack an egg into each dish. Divide the remaining cream among the ramekins. Mix together the Gruyere, bread crumbs, and chives, and season with pepper. Sprinkle in the ramekins. Place the ramekins on a baking sheet and bake for 1015 minutes, or until the eggs are cooked to your liking. Serve at once.","Combine olive oil, shallots and garlic in dish. Melt butter and fry shallots until softened. Add eggs and stir to combine. Cover and heat over medium heat and cook, stirring occasionally, until eggs are soft, about 20 minutes. Stir in cream; stir just until cream and garlic mix well. Sprinkle eggs with cheese and sprinkle with paprika.",finetuned_top_k
333,Savory Green Beans,3 Tbsp. butter 3 Tbsp. flour 2 c. milk 1/4 lb. cheese 3 hard-boiled eggs 3 pieces crumbled toast cheese slices green beans,Place hot cooked and drained green beans in a casserole. Cover with cheese sauce made from first 4 ingredients. Dot with egg bits. Add toasted bread crumbs. Cover with cheese slices. Bake in oven until cheese melts.,"Melt butter in large frying pan. Add flour and milk. Cook, stirring constantly over medium-low heat, until thickened, stirring occasionally. Add eggs. Cook over water, uncovered, for 5 minutes. Stir in cheese. Turn to coat. Heat eggs and fold in well-cooked steak. Serve immediately.",finetuned_top_k
334,Double Decadence Chocolate Chip Brownies,"2/3 cup unsalted butter, softened 1 cup sugar 2 eggs 1 teaspoon vanilla extract 2 cups semi-sweet chocolate chips 1 1/4 cups all-purpose flour 1 cup oatmeal (quick or old fashioned oatmeal) 1 teaspoon baking powder 1/2 cup chopped nuts (optional) 1/4 cup powdered sugar (optional)","Preheat oven to temperature 350°F Beat together first 4 ingredients in a bowl. until smooth. Melt 1/2 cup chocolate chips in a heavy saucepan over low heat, stirring. until smooth, or microwave on high 1-2 minutes, stirring every 30. seconds until smooth. Add to sugar mixture and mix well. Add flour,. oatmeal, baking powder, remaining 2 Tbs. chocolate chips and nuts, mixing well. Spread into a lightly greased 13x9 inch baking pan. Bake 25-30 minutes or until brownies pull away from sides of pan. Cool completely. Sprinkle with powdered sugar, if desired. Cut into. bars.","Preheat oven to 350 degrees. Press butter over sides of 8-inch round cookie sheet. Beat eggs and 1/3 teaspoon vanilla in a medium bowl. Fold chocolate chips slightly and add to mixture. Pour into large 8-quart greased pan 3/4 full at a time. Bake in preheated oven until toothpick inserted in center comes out clean, 45-60 minutes. Let cool completely on wire rack. Remove toothpick and set aside. On a medium heatproof plate, melt 1/8 cup butter over medium heat and melt 3/8 of remaining butter. Whisk in 1 cup chocolate chips and sugar. Add to melted butter. Fold in flour/oatmeal, salt and pepper and beat for 3 minutes or until dough forms a ball when poked into a greased",finetuned_top_k
335,Healthy Popsicles,"3 cups watermelon puree (seedless if possible) 1/2 cup fresh blueberries 1/2 cup chopped fresh strawberries 1 kiwi, peeled and sliced 1 peach or nectarine, diced small","Cut the watermelon into chunks and then puree it in a blender until smooth. Set aside. Set out about 1 dozen popsicle molds (amount needed will vary depending on size of molds). Fill each one with the chopped fresh fruit. Then pour in the watermelon puree until each mold is full to the top. Place a popsicle stick into each one. Place into your freezer and freeze for about 6 to 8 hours. When ready to serve, run the popsicle molds under warm water for a few seconds and then pull each one out",Put watermelon in boiling water. Puree in small bowl and let stand 15 min. or until puree reaches desired consistency. Let stand. Stir in blueberries while still in water. Let cool completely a couple of minutes before serving.,finetuned_top_k
336,Sardine and Bread Crumb Pasta with Puttanesca Salad,"1 pound linguine, fresh or dried, cooked al dente in salted water 4 vine-ripe tomatoes, seeded and chopped 1/2 red onion, chopped 3 tablespoons capers 1/2 cup kalamata olives, pitted and coarsely chopped 6 anchovies (1 tin of flat fillets), chopped 3/4 cup fresh flat-leaf parsley tops (4 or 5 handfuls), divided; half coarsely chopped, half finely chopped Juice of 1/2 lemon 1/4 cup plus 3 tablespoons extra-virgin olive oil (EVOO), plus more for drizzling 12 to 15 fresh basil leaves, cut or torn into a chiffonade Coarse salt and coarse black pepper, to taste 8 garlic cloves, chopped 1 1/2 cups bread crumbs 2 4-ounce tins of sardines, drained and chopped 1 teaspoon crushed red pepper flakes","Bring a large pot of salted water to a boil. When the water boils, add the linguine and cook just until al dente. Drain well. Combine the tomatoes, onions, capers, olives, anchovies, and the coarsely chopped parsley in a medium bowl. Dress with the lemon juice and a healthy drizzle of EVOOenough to lightly coat the salad (1 to 2 tablespoons). Sprinkle in the basil and salt and pepper, toss again, and adjust the seasonings. Preheat a large, deep skillet over medium heat. To the hot pan, add the 1/4 cup of EVOO (4 times around the pan), and half the chopped garlic cloves. When the garlic speaks by sizzling in the oil, add the bread crumbs. Stir the bread crumbs until they are deeply golden in color. Add the finely chopped parsley and a liberal amount of salt and coarse black pepper. Transfer the bread crumbs to a dish and reserve. Return the same skillet to the heat and add the 3 tablespoons of EVOO, 3 times around the pan. Add the remaining garlic, the sardines, and red pepper flakes to the pan and saute over medium heat for 2 or 3 minutes. Add the hot, cooked pasta to the skillet and toss with the sardines. Add the bread crumbs to the pot and toss thoroughly to combine and evenly distribute the mixture. Taste to adjust seasonings and serve with the puttanesca salad alongside.","In a large soup pot or Dutch oven over low heat, heat the olive oil. Bring to a boil the linguine about 2 inches above the water. Reduce the heat to medium-low, cover, and simmer for about 10 minutes. Drain the linguines and transfer to a plate, covered with paper towels, to rest for 15 minutes. Meanwhile, in a shallow baking dish, combine the tomatoes, capers, olives and anchovies, salt and pepper, and bring to a simmer. Reduce heat further to low, cover and simmer 15 minutes or until they are tender. Stir in the linguined tomatoes, oloves and anchovy, cover loosely, and let cook for 25 minutes. Serve hot with a salad and a layer of basil leaves.",finetuned_top_k
337,My Mother'S Chili Beans,"2 lb. pinto beans 1 lb. bacon, chopped and fried 1 large onion, chopped chili powder to taste 1 clove garlic (optional) salt and pepper","Cream together one full quart of love; add one heaping cup laughter. Sift together 1 pound of patience and 1 tablespoon of tolerance. Add dash of courage, a handful of appreciation and a sprinkle of praise. Combine with the first mixture alternately with a gallon of understanding. Stir well and simmer for several prayer hours, or until done to taste.","Cook and drain pinto bean, then boil bacon, onion and garlic in boiling hot water. Drain off excess fat. Heat bacon, curry powder, salt and black pepper. Cook till done, about 15 minutes. Add the meat, onion, garlic, the chili powder and a generous clove of garlic. Simmer until all flavors combined. Serve hot in a crock-pot or grill.",finetuned_top_k
338,Pumpkin Cookies,"1 c. canned pumpkin mix (I use spiced variety) 1/2 c. butter, softened 1 c. sugar 1 egg 1 Tbsp. orange rind, grated 2 c. flour 1 tsp. baking soda 1 tsp. baking powder 1 tsp. cinnamon 1/4 tsp. salt 1/2 c. nuts 1/2 c. chocolate chips or raisins","Mix dry ingredients together and set aside. Cream sugar with butter. Add egg, orange rind and pumpkin. Mix well. Stir in dry ingredients. (Add nuts and raisins for a more traditional flavor. Our family prefers them with chocolate chips!) Drop by teaspoon onto a greased cookie sheet and bake 8 to 10 minutes at 375°.","Brown first 4 in. of water in microwave. Add butter, sugar, egg and orange rinsed raisiner, raisin, flour, baking soda and cinnamon. Cook 30 seconds. Spread in greased and floured 13 x 9-inch pan. Bake 45 minutes at 350°. Remove from heat and mix until the color changes to light brown color. Cool in pan 20 minutes. Spread chocolate chips with remaining vanilla. Spread a sprinkle of raislin cookies. Makes 6 servings.",finetuned_top_k
339,Sugar Cookies,1 c. white sugar 1 c. powdered sugar 1 c. margarine 1 c. oil 2 eggs 4 1/2 c. flour 1 tsp. baking soda 1 tsp. cream of tartar 2 tsp. vanilla,Combine first four ingredients and beat well. Add eggs and vanilla. Beat well.,"Mix sugar, margarine and oil. Add eggs, one at a time. Blend in the flour, baking soda and cream of Tartar. Grease pan. Bake at 350° until set and firm before slicing.",finetuned_top_k
340,Grilled Hamburger With Cheddar Cheese From 'Prune',"1 pound ground chuck 1/2 pound ground lamb 4 ounces (4 slices) sharp white cheddar, sliced (use #20 setting on meat slicer for solid 1/4-inch slices) 2 teaspoons kosher salt 2 teaspoons freshly ground black pepper 4 Thomas's original sandwich-size English muffins","Run your hands under very cold water for a minute, then gently combine the two meats. Put parchment or film on the electronic scale before weighing, please. Divide the meat into equal portions (6 ounces each) and then gently form portions into patties that are 1 1/4"" thick and 3"" in diameter. Season each burger all over-top, bottom, and the circumference-with 1/2 teaspoon salt and 1/2 teaspoon black pepper. Hold your hands high and ""rain"" the salt and pepper. Touch the patties as tenderly and as little as possible. The more you manhandle and compact the meat, the tougher it becomes. On the medium-high heat section of the grill, place the burgers 2 inches apart from each other. Cook to accurate temperature. For medium rare, cook for 7 minutes on one side, flip, and cook for 5 more minutes. Do not turn, touch, press down on, or otherwise molest the burgers while they are cooking. Put burger on a sizzle plate, place cheese on top, and drop under the broiler until the cheese is just melted but not liquefied. Split the English muffins by deeply pricking them along the horizontal seam with the tines of a dinner fork. Toast well and generously schmear both the tops and the bottoms with the room-temperature parsley-shallot butter, ""wall to wall"" as we always say at Prune, so that every bite will be seasoned and not just the center ones. Toast well and generously schmear both the tops and the bottoms with the room- temperature parsley-shallot butter, ""wall to wall"" as we always say at Prune, so that every bite will be seasoned and not just the center ones. * Monday and Friday lunch par is 30 burgers, so order meat accordingly on Sunday andThursday nights. 15 is safe par for midweek. *","Put all beef, lamb, and cheese in a 9 x 13-inch pan, cover with plastic wrap, then toss liberally with 2 teaspoons of salt. Cover. Allow to fully coat pan with cooking spray. Bake at 325° for 1 hour and 1 minute or until lightly browned. Let stand 50 to 60 minutes before serving or use it for extra heat!",finetuned_top_k
341,Quinoa Loaf,"1 cup uncooked quinoa 1 1/2 cups water 1 cup cashews, ground 1 cup carrot, grated 1 cup chopped onion 1 cup celery, diced 1 cup white button mushrooms, grated 1/4 cup soy sauce, unfermented 1/4 cup tahini (or flax seed mixture for the vegan version) 1 egg (for the non-vegan version) 1 teaspoon thyme 1 teaspoon sage 2 teaspoons garlic powder 1 tablespoon nutritional yeast flakes 1 lb tofu, firm vegetable broth, for sauteeing","Bring water to boil and add quinoa. Immediately cover and remove from heat. Do not uncover until ready to use. Saute' onion, mushrooms, carrot, & celery until soft in a small amount of vegetable broth. In large bowl, crumble tofu and combine with other ingredients including cooked quinoa. Place in loaf pan that has been sprayed with non-stick spray or you can use an 8 inch baking dish. Cover and Bake at 350 for 45 minutes. Remove cover the last 10 minutes. Serve with a gravy made of mushroom soup mixed with sour cream. Or, you can use a brown gravy.","Mix remaining ingredients and arrange in serving bowl and let stand for 4 hours. This is done best before serving. (You can adjust to your preference.) In a medium bowl, toss tofu over high heat. Pour egg, thyme, garlic powder and seasoning to mix well; set aside. Line the quinoa noodles with vegetable broth (about 1 cup) and dredge in the tofu. Sprinkle with all remaining ingredients. Spray a 2 piece casserole on each plate.",finetuned_top_k
342,Sweet Potato Fries,2 pounds sweet potatoes 1 tablespoon canola oil 1 teaspoon pumpkin pie spice 1 tablespoon low-sodium chili seasoning Salt and pepper,Preheat oven to 400 degrees F. Line baking sheet with aluminum foil; set aside. Use peeler to peel sweet potatoes. Cut potatoes in half lengthwise then cut into 1/2-inch thick fries. Place sweet potato fries in a large mixing bowl. Add oil and spices. Toss until they are thoroughly coated with spices. Spread fries in a single layer on prepared baking sheet. Place in preheated oven. Bake for 30 to 35 minutes turning once to ensure even cooking. Remove from oven and serve hot.,"Preheat the oven to 350°. Line a 12-in. muffin pan with parchment paper. Put 2 potatoes in the bottom of the pan. Slice each potato with a fork. Dip each potato in 1 tablespoon pumpkin pie mix and cover with 1 cup dry ingredients. Bake in the preheated oven 45 to 50 minutes, stirring occasionally.",finetuned_top_k
343,Quickie Beef Stroganoff,"12 ounces boneless round steak, cut in thin slices 1 tablespoon oil 2 cups sliced fresh mushrooms 34 cup water 1 envelope onion soup mix 8 ounces sour cream 2 tablespoons flour","In lg skillet, brown steak in hot oil. Remove meat from skillet. Add mushrooms to skillet; add a little more oil if needed. Saute for 2 minutes. Return meat; add water and soup mix. Bring to a boil. Mix sour cream and flour and stir into skillet. Cook and stir until bubbly. Cook 1 minute more.","Heat oil in a large skillet. Over medium heat, saute onion in oil until fragrant, about 2 minutes. Reserve liquid for another use, stirring occasionally so that liquid is separated slightly and cooking juices flow out of skillet. Stir stewed onion into skillet and cook until softened, about 10 minutes. Remove. Stir in mushrooms and water, stir and pour over steak. Serve evenly but don't stir, as liquid forms thick bubbles.",finetuned_top_k
344,Marsala Wine Biscotti,"1 cup dried currant 1 cup marsala wine 1/4 cup butter, softened 1 1/4 cups sugar 2 eggs 2 1/2 cups flour 1 1/2 teaspoons baking powder 1/4 teaspoon salt","In a small bowl, soak currants in the marsala wine for 1 to 2 hours; Drain currants and set aside (marsala wine)soaking liquid. Preheat oven to 375 degrees; line cookie sheet with parchment paper. With an electric mixer, cream the butter and sugar; Add eggs and 3 tablespoons of reserved marsala wine, mix until well blended. On low speed, gradually add flour, baking powder,and salt; stir in currants. Turn dough onto a lightly floured surface; This will be a soft dough. Divide dough into 3 equal pieces; roll each piece into a loaf about 12 inches long. Place on parchment-lined cookie sheets,spacing about 3 inches apart. Using a pastry brush, brush the tops with marsala wine and sprinkle with sugar: I kept the left over marsala wine to use for making another batch of cookies or could be used in another recipe. Bake 20 to 25 minutes, or until golden,mine only took about 18 minutes. Remove cookie sheet from oven, using 2 metal spatulas, remove the loaves from cookie sheet onto a wire rack, cool. NOTE: I find it eaiser to just cool the loaves on cookie sheet and then slice loaves, turn the slices on there sides; return to oven and brown; I use this method when making all biscotti. Place cooled loaves on cutting board, using a sharp knife, slice loaves diagonally into 1/2-inch-wide slices; I use a chinese chefs knife. Return slices to cookie sheet, in a single layer; bake 15 minutes, or until lightly browned; mine took less time. Cool toasted biscotti on a wire rack, store in airtight container.","Whisk the currants and 2 teaspoons water together. Add the grapes vinegar and sugar, beating well. In a bowl, combine the grape wine, butter, and egg. Add to the currant mixture, cover and bake at 350° for 60 minutes.",finetuned_top_k
345,Mini Salmon & Lemon Fishcakes,"2 large baking potatoes 2 tablespoons olive oil 1/2 lemon, juice and zest of 1 egg yolk 5 ounces smoked salmon, trimmings plus extra to serve 1 tablespoon chopped fresh parsley, plus extra fresh parsley, for garnish 2 tablespoons flour or 2 tablespoons gluten-free flour 1 teaspoon fresh coarse ground black pepper oil, for frying","Mix pepper with flour and set aside. Microwave potatoes on high for 10 mins until tender. Allow to cool for about 5 minutes. Scoop the potato out of its skin into a bowl, then mash and cool. Season with olive oil, lemon zest and juice to taste, then mix in the egg, salmon trimmings and parsley. Shape into small rounds 1 1/4 inches 1/2 inch deep. Chill for 15 minutes. Dust each cake with the peppered flour, then fry over low heat in a little oil for 2-3 mins on each side. Drain on kitchen paper and serve garnished with extra salmon and parsley.","Combine potatoes and oil in a shallow dish. Add lemon juice to oil, beating well, adding egg yolks in batches until clumpy. Add salmon, chicken, zest and flour. Simmer 10 to 15 minutes or until fish flakes easily. Heat remaining flour or gluten free flour in large nonstick skillet over medium-high heat. Add oil and lemon mixture, swirling lightly, until all are coated. Whisk in salmon mixture, reserving fat but continuing to cook. SimMeal 5 to 6 hours or until knife comes out clean. Cook 3 minutes on each side or until just slightly cooked when inserted, stirring often, stirring occasionally. Serve with chopped parsley along with salmon mixture.",finetuned_top_k
346,Blackberry Cobbler,2 c. flour 4 tsp. baking powder 1/2 tsp. salt 1 c. milk 1 c. sugar 2 eggs 1/2 tsp. butter or shortening 1 tsp. vanilla 6 c. berries 1/2 c. sugar 1 c. sugar 1 c. water,"Mix together flour, baking powder and salt. Cream together 1 cup sugar, eggs, butter and vanilla. Add flour mixture and milk to egg mixture. Pour into pan. Sprinkle berries over batter with 1/2 cup sugar.","Heat oven to 325°. Grease and flour 13 x 9-inch baking pan. Sift dry ingredients together and add to flour. Add butter. Cook until melted and mixture is smooth but not dry. Remove from heat and stir in the fruit. Bake, uncovered, 50 to 60 minutes. Cool. Cut into 1-inch squares. Serve with crackers, crackers and crackers pie filling. Makes 8 servings.",finetuned_top_k
347,Cheesy corn casserole,3 can corn drained 2/3 cup green onions chopped 1 red bell pepper diced 1 tbsp hot sauce 4 oz cream cheese 3 cup shredded cheese 4 slice bacon 1 cup crushed crackers 2 tbsp all-purpose flour 3/4 cup milk,"Pre heat oven to 350 Soften cream cheese Mix cream cheese,milk,hot sauce,and 1/3 green onions Mix cheese,red peppers and flour In a casserole dish mix corn and other mixture real good Cook uncovered for 30 minutes Cook bacon and crumble Top with remaining green oinions and crushed crackers and bacon cook another 5 minutes","Arrange corn, onions, bell pepper, hot sauce and cheese on bottom of 13 x 9 x 2-inch pie pan and bake until golden brown and crusty, about 20 minutes.",finetuned_top_k
348,Spicy Pepperoni Stuffed Crust Pizza,100 ml warm water 1 tsp dried yeast 180 grams plain flour 1 tsp brown sugar 1/2 tsp salt 1 tbsp virgin olive oil 50 grams tomato paste 100 grams Grated Processed Mozarella 8 dozen Jalapeno Pepper Slices 175 grams pizza sauce 150 grams grated mild cheddar cheese 8 slice pepperoni 2 mushrooms 1/2 red bell pepper 1 red chilli,"Preheat oven to 200 Centigrades (the hotter the oven, the better the pizza will cook) Mix the water, yeast, sugar and salt in a large bowl then leave for 10 minutes Stir in the flour until mixed into a dough, pour over the oil then knead until you have a firm ball. Cover and leave to rise for one hour. Chop the bell pepper into thin strips and slice the much rooms and chilli. Chop the pepperoni into smaller pieces and leave to one side for the topping. On a well floured surface, roll out the pizza dough so that it is a cm or so thick and a few cm larger than your pizza tray. Place the pizza tray or stone over the dough. Trim the edges of the dough so that the base is round. This is your pizza base. Place the pizza base on the tray, so the excess is hanging over the edge. Spoon out the tomato paste around the edges of the tray and, using the back of a teaspoon, spread the paste out around the edges of the tray to form a narrow ring of paste around the edge of the base.. Evenly place the mozzarella and jalapeno slices (halved) on top of the ring of paste. Fold over the excess crust and firmly press the edges down to form a tightly sealed stuffed crust around the edges of the pizza base. Place in the hot oven for 3-4 minutes to firm up the base. Spread pizza sauce over the pizza base and crust then evenly sprinkle over the cheddar cheese and toppings. Cook for 8-10 minutes. The pizza is cooked when the cheese is starting yo bubble and the crust is firm to the touch.","Heat boiling water and yeast to boiling. Dissolve yeast in cold water. Drain dough and add 1/4 cup flour and brown sugar until smooth. Add salt, virgin olive, sugar and salt. Bring to a boil. Add tomato paste, stir for 5 minutes, turn off heat. Let stand 5-6 min. Remove from heat and add salt and salt mixture. Remove dough from heat. Chill until firm. Place pizza on cookie sheet, crust will soften. Bake 20 min or until pizza is golden brown and bubbly.",finetuned_top_k
349,Beef Tenderloin withCranberry\ Horseradish Relish Recipe,"MARINADE 2 cloves garlic,halve each clove and rub on beef 1 cup dry red wine 6 Tablespoons low - sodium soy sauce 1 teaspoon fresh ground pepper 1 teaspoon kosher salt 2 bay leaves 2 teaspoons dried or fresh thyme CRANBERRY\ HORSERADISH RELISH 1 bag whole cranberries 1\4 cup sugar 1\4 cup horseradish, or to taste","Combine marinade ingredients and marinate beef tenderloin overnight. Bake at 425 for 1 hour, (or to 140 for rare, 160 for medium on a meat thermometer)on a rack in a large roasting pan. Let cool 10 minutes before carving. Wash cranberries and coarsely chop in food processor. Place in pan with sugar and slow cook 5 minutes until sugar melts. Remove from heat and add horseradish. Cool, then refrigerate, serve at room temperature.","Preheat oven to 450. Add garlic,horseradish,tomato and horserade to a large mixing bowl. Stir in red wine; simmer until wine is thickened. Remove the bay leaves and thyme and stir them in. Mix seasoning ingredients thoroughly so that they don't clump, but leave a marinade. In a mixing bowl, toss together all ingredients until blended well. Stir, add cranberries and sugar. Stir constantly until batter reaches the consistency of sugar. Pour batter into a casserole dish and top with cranberries. Garnish with a generous sprinkle of thyme, horseradice and sugar if desired.",finetuned_top_k
350,Fruit Cake,1/2 lb. margarine 1 1/2 c. sugar 5 eggs 2 c. self-rising flour 1 lb. candied cherries 1 lb. candied pineapple 4 c. pecans 1 tsp. vanilla,"Use a tube pan. Cream margarine, sugar and eggs together. Sprinkle flour over nuts and fruit, covering good. Add to batter and add vanilla. Bake at 250° for 3 hours.",Cream margarine (3/4 stick) and sugar. Beat eggs in bowl until blended; add other ingredients. Beat in fruit and nuts. Pour into buttered 9 x 13-inch pan. Bake 5 minutes at 350°. Cool in pan for 1 hour and 10 minutes. Cool on wire rack.,finetuned_top_k
351,Lemon Flam-Flam,2 pkg. lemon Jell-O 1/2 c. sugar 4 Tbsp. lemon juice 2 c. hot water 1 1/2 c. cold water 1 pkg. vanilla wafers 1/2 pt. whipping cream,Mash vanilla wafers with rolling pin and sprinkle 1/2 of this into the bottom of a glass baking pan.,Blend Jell roll and sugar in large bowl. Shake well. Drop 2 teaspoons boiling water into jelly roll mixture. Mix together in an ice cream maker. Chill.,finetuned_top_k
352,Capellini Tomato Pie Recipe,1 Tbsp. breadcrumbs 8 ounce capellini (or possibly other thin spaghetti-like pasta) 6 lrg outer leaves of savoy cabbage or possibly more if needed 2 c. minced tomatoes plus 1 lrg tomato 30 x black olives minced (preferably Kalamata) 1 Tbsp. large capers 1 tsp chopped garlic 1 Tbsp. extra virgin olive oil 2 Tbsp. chopped fresh sweet basil Freshly-grnd black pepper to taste 1/3 c. freshly-grated Parmesan cheese Chopped parsley for garnish,"Preheat oven to 350 degrees. Spray deep 10-inch pie plate with nonstick cooking spray, and dust with breadcrumbs. Bring large saucepan of lightly salted water to a boil, and cook pasta about 10 min, or possibly till tender. Drain, and set aside in large mixing bowl. Trim off any tough ribs at base of each cabbage leaf, and cook leaves in boiling water about 5 min, or possibly till tender. Remove from water, drain, and pat dry with paper towels. Line pie plate with cabbage leaves, using scissors to trim leaves proportionately along rim of dish. Make sure to overlap leaves so they completely cover bottom. Combine cooked pasta, minced tomatoes, olives, capers, garlic, extra virgin olive oil, sweet basil and pepper in large mixing bowl, and toss together. Place pasta mix into lined pie plate, and pat down firmly with wooden spoon or possibly spatula. Cut tomato into thin slices, and arrange proportionately over top of filling. Scatter grated cheese proportionately over tomatoes. Bake 30 min. Remove from oven, and cold on rack. Garnish with chopped parsley, and serve at room temperature. This recipe yields 8 to 10 servings. Wine Suggestions: This pasta pie is tailor-made for Red Zinfandel. The wine and the pie are both earthy, herbal, full-bodied and highlighted with some fruity acidity. Try drinking Adelaida Cellars Schoolhouse Zinfandel. Comments: Pasta pies baked in crusts can be heavy, but this recipe, using cabbage leaves, not only cuts carbohydrates, it enhances the flavor of the tomatoes. The flavor improves overnight, so the pie is best served the following day at room temperature. Think of this as a baked pasta salad. Look for the largest cabbage, and select intact leaves.","Preheat oven to 350°; line a 13 x 9 x 2 inch pie plate with parchment paper. Line a pan with parchment liners. Combine garlic, capers, olives and oil; toss to coat. Pour mixture over bottom of pie plate. Slice onions into chunks and sprinkle with remaining vegetable oil. Bake 40 minutes or possibly till lightly browned and bubbly. Stir in tomatoes and season with additional salt and freshly ground pepper. Let cool and refrigerate. Place in a greased casserole over a medium heat; sprinkle with parsley. Bake for 40 minutes. Return casseroles and sprinkle tops with Parmesan. Enjoy!",finetuned_top_k
353,Granola,6 cups old fashioned oats 1 cup sliced almonds 1 cup coconut 1 cup sunflower seeds 1 cup raisins 12 cup oil 12 cup brown sugar 14 cup honey 2 teaspoons vanilla 2 teaspoons cinnamon,"Preheat oven to 250. Mix first 5 ingredients in a big roasting pan. Mix the next ingredients in a bowl and pour over the mix in the roasting pan. Stir to make sure everything is wet. Bake in the oven for around an hour or lightly toasted, stirring every 15 minutes. This will store well, we usually eat it all before it goes stale.","Preheat oven to 350 degrees. In a small mixing bowl, mix oats with peanuts, coconut and sunflower, nuts, raisin, oil, vanilla, cinnamon and honey. Pour into a cake tin or lined baking pan. Bake for 30 to 35 minutes, or until cake springs back when tested with a fork. Makes 2-3 rolls. You can serve these on cookie sheets or on cookie tins.",finetuned_top_k
354,Easy Hot Chocolate,1 tablespoon cocoa powder 1 cup milk 1 tablespoon sugar 1/4 teaspoon vanilla extract 1 teaspoon ground cinnamon 3 -4 marshmallows (optional),"Heat milk. If you want, spare a 1/5 of the milk and froth it. Add it to the hot chocolate at the end. Add cocoa powder, sugar, vanilla extract and cinnamon after milk is warm. Stir until steaming. Add marshmallows ( optional ).","*Ingredients for cocoa powder: 1 cup of dry milk 10 ounces cream cheese, softened 3 ounces cream of tartar, softened 2 cups sugar 1 teaspoon vanilla Extract 1/2 cup coffee grinder 1/3 cup of butter or margarine, melted 1 large box Cool Whip (I use Hershey's) 1 cup butterscotch raisins, beaten
Instruction: Stir coffee to cream cheese mixture, pour into buttered pan, stirring constantly. Make butters, butters and sugar mixture very lukewarm. Cover chocolate with ice. Put in freezer for 2 days and let cool completely.",finetuned_top_k
355,Chinese Stir-Fry Beef And Broccoli (芥蘭牛肉),"BEEF MARINADE: 1 pound beef tenderloin, flank steak or flap meat, cut into pieces 1 tablespoon corn starch 1/8 teaspoon baking soda 3 dashes black or white pepper 1/2 teaspoon brown sugar 1/2 teaspoon sea salt 1 teaspoon rice or shaoxing wine 1 teaspoon dark soy sauce 1/2 teaspoon sesame oil 1/2 teaspoon avocado oil SAUCE: 1 tablespoon dark soy sauce 1 tablespoon oyster sauce 1 tablespoon brown sugar 1/2 teaspoon sesame oil 1 teaspoon corn starch 4 tablespoons water 1 pound broccoli florets 2 teaspoons ginger, minced 2 cloves garlic, minced","Marinade the beef: In a bowl, add and mix together the marinade (corn starch, baking soda, black/white pepper, sugar, sea salt, rice wine, soy sauce, sesame oil and avocado oil) with sliced beef for at least 30 minutes. Mix sauce: In a bowl, add and mix together soy sauce, oyster sauce, sugar, sesame oil, corn starch, and water. While the beef marinades, steam the broccoli until slightly cooked. Do not cook the broccoli all the way. Heat the wok or large skillet on high heat and add oil. Add and stir-fry the garlic and ginger. Add the beef and stir-fry until beef is cooked. Add the broccoli and sauce. Stir everything together until the sauce thickens. Serve immediately in a bowl over rice!","Sift the flour, corn starch, baking soda, black pepper, brown sugar, garlic, 1/4 teaspoon of salt and soy sauce together. Pour into a greased 9x13 pan with the steaks. Bake at 350 degrees for 8 minutes or until golden brown. Meanwhile, whisk together the vinegar, sugar, soy sauce and oyster oil in a large mixing bowl until well combined. Add the beef and stir-fry until thick and glossy, about 3 minutes. Meanwhile boil and drain the broccoli floret. In a large bowl, whisk the onions, water, and ginger till the mixture thickens. Add them to the sauce. Bring to the boil until the thickened liquid is absorbed by the sauce, then reduce the heat and simmer until it thickens, about 15 minutes",finetuned_top_k
356,Chicken In Lettuce Bowl,1 tablespoon COCONUT OIL 8 ounces GROUND CHICKEN 1 GARLIC MINCED 1 can WATER CHESTNUTS SLICED 1/2 tablespoon OYSTER SAUCE 2 stalks SCALLIONS 1 head BIB LETTUCE,"ADD OIL TO FRYING PAN OVER HIGH HEAT. ADD CHICKEN AND GARLIC AND STIR FOR 6-8 MINUTES TURN DOWN HEAT. ADD WATER CHESTNUTS, OYSTER SAUCE TAMARI AND SCALLIONS","Bring oil to boil in kettle. Saute chicken until chicken is crispy on all sides. Set aside. Mix egg, bacon and flour. Stir in scallions, browned and drained well. Sprinkle with sesame seeds and chill sauce. Serve over chicken with crackers and a bunch of sliced lettuce.",finetuned_top_k
357,Cheesy Broccoli Rice Casserole,1 1/2 cups white rice 3 cups water 2 chicken bouillon cubes frozen chopped broccoli 1 tablespoon mayonnaise 2 cups shredded cheddar cheese,"Boil water, adding bouillon cubes. Add rice and cook covered on low heat. While rice is cooking, cook broccoli according to directions on package. Once rice is ready, remove from heat and stir in broccoli. Add mayo, mix well. Place half broccoli mixture in a large glass pan. Cover mixture with half of cheese. Layer remaining broccoli mixture in pan, followed by remaining cheese. Cook at 350 degrees approx 25 minutes or until cheese is melted.","In a 2 quart heavy saucepan, heat the rice, water, broiler and bouillon to boiling. Reduce heat and cover and cook until al dente, about 25 minutes. Drain, and set aside. Heat the remaining 1/3 cup water in a large nonstick skillet over low heat and stir to coat the rice. Spoon the rice over the broccoli. Sprinkle with the mayonnais. Cook until the broccoli is browned, about 20 minutes. Remove from the heat and serve.",finetuned_top_k
358,Beef Stroganoff,1 large bag egg noodles 1 to 1 1/2 lb. stew meat 3 Tbsp. ketchup 3 Tbsp. ground mustard 2/3 c. onion 3 c. water salt and pepper to taste 4 beef bouillon cubes 4 Tbsp. flour,"Cook meat until tender. Mix ketchup, mustard, onion, water and bouillon together in a large bowl. Pour over meat; simmer for 1 to 2 hours. Cook noodles as directed. Pour meat mixture over noodles.","Mix egg noodles and all other ingredients together. Spoon mixture into large bowl. Cover and refrigerate overnight. Chop beef bouillots, onions, ground mustard and Worcestershire. Top with water of choice and return to bowl. Pour flour into large shallow bowl and stir at medium speed until mixture thickens. Cover, refrigerate 1 hour, stirring every 15 minutes or until batter is well coated and is firm when touched. Serve and enjoy.",finetuned_top_k
359,Fresh Apple Cake,"4 c. apple, diced and peeled 2 c. sugar 1 c. salad oil 2 eggs, beaten 1 tsp. vanilla 2 c. flour 1 tsp. soda 2 tsp. cinnamon 1 tsp. salt 1 c. chopped nuts (optional)","Combine sugar, oil, eggs and vanilla; add diced apples. Sift together flour, soda, cinnamon and salt; add to apple mixture and mix thoroughly. This will be a thick batter. Add nuts; mix again. Pour into a greased and floured 8 x 8-inch square pan or a loaf pan. Bake at 325° for 90 minutes. Test cake with a toothpick. Run knife around edge to loosen; remove from pan to cool.*","In a bowl, mix all ingredients and pour into greased tube pan. Bake at 350° for 7 to 8 minutes. Remove to wire racks to cool.",finetuned_top_k
360,Carrots With Lemon Butter,1 (16-ounce) package baby carrots 1/2 teaspoon grated lemon rind 2 teaspoons fresh lemon juice (about 1/2 lemon) 1 1/2 tablespoons light butter 1/4 teaspoon salt,"Steam carrots, covered, 6 to 7 minutes or until crisp-tender; drain well. Return carrots to pan. Add lemon rind and remaining ingredients; stir until butter melts.","Combine carrots, lemon rinsed, and lemon juice in a food processor fitted with a blade. Pulse until smooth. Add butter, and pulse until blended. Mix in carrots, 1 tablespoon butter, lemon juice, and salt. Pour into 9-inch x 10-inch ceramic bowl. Refrigerate at least 5 hours to make sure all vegetables are thoroughly coated. Sprinkle with salt and bake 2 or 3 hours for approximately 250 degrees.",finetuned_top_k
361,Karen'S Chicken Tortilla Soup,"2 to 3 c. cubed cooked chicken 5 to 6 c. chicken broth (add bouillon to taste) 1 can cream-style corn 1 large can green chilies corn tortillas, cut in strips Mexican seasoning cornstarch (if desired)","Place chicken and broth in large pan. Add creamed corn, chilies, Mexican seasoning and thicken with cornstarch and water (if desired). Heat through. Add corn tortillas last. Garnish with sour cream, grated cheese and green onion (all optional).","Cook broth in a kettle or pot until just starting to boil. Drain. Remove chicken from the broth and reserve 2 cups for serving. Stir in the broth, chilies, corn, and cumin. Reduce heat to low and mix in beef, salsa and taco seasoning. Serve over tortilla strips. Serve.",finetuned_top_k
362,Low-Fat Rice Pudding,1 qt. low-fat milk 1/2 c. uncooked white rice 1/2 c. raisins 1 large egg whites from 2 large eggs 1/3 c. sugar 1 c. evaporated skim milk 1 1/2 tsp. vanilla nutmeg,"In large heavy saucepan, combine milk, rice and raisins. Bring to boil over medium heat. Reduce heat and boil gently, uncovered, about 20 minutes, stirring often until rice is almost tender. Meanwhile, in medium bowl, whisk egg, egg whites, sugar and evaporated milk until blended. Gradually add egg mixture to rice mixture, stirring constantly. Cook over medium-low heat about 5 minutes or until mixture is slightly thickened. Remove from heat and stir in vanilla. Pour into shallow 6-cup dish. Serve warm or cold sprinkled with nutmeg. One-half cup serving has 190 calories (2 grams fat, 30 mg cholesterol).","Mix rice, raisin, egg whites, sugar and evaporated milk; pour into well oiled casserole dish. Dip Rice into milk mixture and fill with Rice Puddings. Drop by half a teaspoonfuls 1/4 deep each onto cooled rice. Top with remainder of Rice Puddle. Bake for 10 minutes at 350°. Remove from pan when cool.",finetuned_top_k
363,Pasta With Asparagus,"5 garlic cloves, minced 1 teaspoon dried red pepper flakes 2 -3 dashes hot pepper sauce 14 cup olive oil 1 tablespoon butter 1 lb fresh asparagus, trimmed and cut into 1 1/2 inch pieces salt 14 teaspoon pepper 14 cup shredded parmesan cheese 12 lb penne pasta","Prepare pasta according to package directions. In a skillet cook garlic,red pepper flakes and hot pepper sauce in oil and butter for 2-3 minutes. Add asparagus salt and pepper saute about 8-10 minutes, add parmesan cheese, mix well, Pour over hot pasta and toss to coat Serve immediately.","Saute garlic and pepper in cold butter. Add a pinch of salt and a handful of pepper. Stir until hot sauce is absorbed. Remove from the heat and pat dry. Heat the olive oil over medium heat. Add the chopped asparagas and cook for 10 minutes. Remove asparagi. Fry until no longer pink on the inside and brown on the outside, then flip the pasta over. Add 1 cup aspar with the pepper sauce and top with pasta.",finetuned_top_k
364,Easy Basic Sweet Potato Pies,2 Frozen puff pastry 150 grams Sweet potato 1 tbsp Light brown sugar (or sugar) 10 grams Butter 2 to 3 drops Vanilla essence 1 Egg yolk,"First, make the sweet potato paste. Chop the sweet potatoes into 1 cm cubes, then in a sauce pan, boil in water filled to the level of the sweet potatoes. Transfer the sweet potatoes to a bowl, add the light brown sugar, butter, and vanilla essence while hot, then thoroughly mix while mashing. If the paste is too dry, add milk or heavy cream to adjust to desired consistency. Preheat the oven to 210C. Remove the frozen puff pastries from the freezer, thaw for 5 to 10 minutes, then cut each into 4 pieces. In two of the pieces, make 5 slits in the center of the pastry, as shown. In the remaining two, prick holes in the pastry with a fork in several places. For pastries with ventilation holes, skip this step. Repeat Steps 6 to 7 with the other puff pastry. You should have a total of 4 pastries with slits and 4 pierced with holes. In the center of the pastry pierced with holes, place a generous mound of sweet potato paste, leaving a 7 to 8 mm perimeter around the edges (to seal the pastry). Place the pastry with slits on top, then, press down around the edges using a fork to seal the pastry. Line a baking tray with parchment paper, arrange the pies on top, brush on the egg yolk wash, then bake in oven for 10 minutes at 210C. Reduce temperature to 180C, then bake for 15 more minutes, then they're done! If you have any leftover sweet potato paste, make sweet potato bites.. For Kabocha Squash Pies, see. For Apple Pies, see.",Preheat oven to 350°C. Peel the sweet potato and cut it into strips and cut into small cubes. Place in a microwaveproof casserole dish or ovenproof dish with a lid and microwave on High for 5 minutes. Make the filling: Place all ingredients under water and stir. Pour into the casserol dish. Cover and set preheated at 100°C for 20 minutes.,finetuned_top_k
365,Dirt Pudding,"1 pkg. crushed chocolate sandwich cookies with white cream filling 8 oz. cream cheese, softened 12 oz. nondairy frozen whipped cream 6 oz. French vanilla instant pudding 3 1/2 c. milk 1/4 c. confectioners sugar 1 stick butter, softened","Crush the cookies. Mix butter (softened), cream cheese (softened), sugar, milk and pudding. Layer mixture and cookies in large bowl. Chill 2 to 3 hours.","Blend shortening and cream cheese; let set several minutes. Grease an 8 x 13-inch baking dish. Combine pudding, milk, confectioner sugar and butter. Pour into prepared dish. Place 3-inch from top of crust. Bake about 10-15 minutes or until lightly browned. Serve in chocolate platter filled with confectioned sugar, or plain yogurt.",finetuned_top_k
366,Sausage And Peppers,3 green peppers 3 Tbsp. olive oil salt and pepper to taste 1 lb. hot Italian sausage 1/3 c. red wine,"Remove stems and seeds from peppers and cut into large chunks. In ovenproof baking dish that can be used on top of stove, saute green peppers in oil until they begin to soften. Season to taste with salt and pepper. Take peppers out of dish and set aside. Brown sausage in same baking dish. When browned, add red wine. Cover with foil and bake at 350° for about 40 minutes. Uncover and add peppers. Bake an additional 30 minutes and serve in same baking dish. Makes 4 servings.","Cut peppers lengthwise into small strips and remove to a large bowl. Put all the meat, sausage, wine and tomatoes in medium bowl, and mix thoroughly. Add the peppers and salt and cook until almost tender, about 1 hour. Drain. Cover the bowl and cook 1 1/2 hours or until vegetables are tender, stirring occasionally. Add pepper mixture and sausage mixture into cheese sauce over the top. Sprinkle the cheese on top. Bake in a 375° oven until golden brown and bubbly. Serve in small platter or with a slice of green onion (a vegetable) and your favorite topping.",finetuned_top_k
367,White Chocolate Coeur A La Creme,"Frozen Cream 1 8 oz package of cream cheese, room temp 1/2 cup of whipping cream 3/4 cup powdered sugar, sifted 3 oz white chocolate, melted and slightly cooled Topping 1 12 oz bag of frozen raspberries 1/3 cup of sugar Fresh mint leaves","Line six 1/2 cup molds with double thickness of dampened cheesecloth, extending enough beyond edges to enclose filling completely. Using electric mixer, beat cream cheese with 1/2 cup cream and powdered sugar in large bowl until fluffy. Add chocolate and beat until smooth, about 2 minutes. Whip 1 cup whipping cream to stiff peaks in another bowl. Gently fold into cream cheese mixture. Spoon 1/2 cup cheese mixture into each prepared mold. Fold cheesecloth over tops. Place molds on rack set over pan. Refrigerate for at least 8 hours to overnight. Drain raspberries, reserving juice. Puree berries with 1/3 cup sugar in processor. Press through fine sieve into medium bowl to remove seeds. Add just enough reserved juice to thin puree to sauce consistency. Cover and refrigerate. Whip remaining 1/4 cup cream to stiff peak. Spoon into pastry bag fitted with star tip. Pull back cheesecloth and invert molds onto waxed paper. Carefully remove all cheesecloth. Pour 3 tablespoons raspberry sauce onto plate. Place mold into center using spatula. Garnish with fresh mint leaves.","Make your own whipped cream using 1 cup cream cheese. Press cheese, cream cheese mix and powdered sugar into a lightly spray pan. Spread cream cheese mixture evenly onto cooled raspberry wafers. Sprinkle chocolate evenly over top. Pour remaining 1 cup of cream over the top chocolate. Sprink with fresh mint and swirl to coat. Chill for 30 minutes before serving. Garnish with mint leaves if you like. Makes one 8 oz white cream and 1 12 ounce bag of powdered sugar.",finetuned_top_k
368,Mustard Lamb Chops,4 thick lamb chops 1/2 cup honey 1/2 cup mustard 1 dash salt 1 dash pepper,"Warm honey, mustard, salt and pepper over low heat; stirring. Broil chops on one side till brown; brush with honey mixture. Turn chops, broil about 5 minutes. Brush again with glaze. Place on a platter and serve with remaining glaze","Combine first 5 ingredients, except chopped onion. Place chops in a large, greased 12-inch square baking dish. Sprinkle in mayonnaise. Pour mustard, salt and pepper over chops. Spround about 2 inches apart on end. Bake at 350 degrees for 35 minutes or until set. Serve with warm sesame slices and fresh flatbread.",finetuned_top_k
369,Blueberry Pie,1/3 c. sugar 2 Tbsp. cornstarch 1 c. milk 1 c. sour cream 1 1/2 tsp. vanilla 1 c. fresh blueberries 8-inch graham cracker crust,"In a 1 1/2-quart saucepan, stir together cornstarch and sugar; gradually stir in milk (keeping smooth). Over medium heat, stir constantly. Cook until mixture shows it is boiling (it bubbles and sputters and mounds slightly when dropped from a spoon). Take off heat. With a wire whisk, gently stir in the sour cream and vanilla until well blended. Fold in the blueberries. Pour in crust. Refrigerate for several hours or overnight. Makes 6 servings.","Mix sugar, cornstarchy and milk. Pour milk and sour cream in pie plate and place on crust. Bake at 300° for 30 to 35 minutes. Cool in pan 10 minutes or until toothpick inserted into center comes out clean. Serve chilled.",finetuned_top_k
370,Apple And Sultana Cake,"1 1/2 cups self-raising flour 1 teaspoon cinnamon 1 cup caster sugar 2 eggs, lightly beaten 5 drops almond essence 125 g nuttelex margarine, melted (or butter) 1/2 cup pie apple, chopped into large chunks 1 cup sultana","Preheat oven to 180°C Line base and sides of a 10.5cm by 21 cm loaf pan with baking paper. Sift flour and cinnamon together into a large bowl. Add sugar and mix. Combine eggs, essence and cooled melted margarine, and stir into dry ingredients until just combined. Fold in apples and sultanas. Spoon mixture into prepared pan and smooth surface. Bake for approximately 55 mins or until a skewer inserted in the centre comes out clean. Allow to cool for 10 mins in pan, then turn out to wire rack to cool completely.","In a large mixing bowl, cream together flour, cinnamon and sugar until light and fluffy. Stir in eggs 1 at a time, beating at high speed until just combined. Add almond essence, nutte x flour mixture and mix until smooth. Add sultanas and microwave on High for 1-2 minutes. Stir into cooled cake. Cool (until completely set) for 10 minutes before placing on a wire rack to cool completely, leaving room for use during baking.",finetuned_top_k
371,Chicken Salad Casserole,"2 c. chopped cooked chicken 2 hard-boiled eggs, cut up 1 c. chopped celery 1/4 c. mayonnaise 1 can cream of chicken or celery soup 1 small can water chestnuts or 1/4 c. sliced almonds 1/2 pkg. stuffing mix",Mix together and place in casserole dish. Top with 1/2 stuffing mix (including the seasoning). Bake at 375° for 30 minutes until bubbly.,Mix together. Bake at 375°.,finetuned_top_k
372,Stuffed Mushrooms,1 lb. mushrooms or more 3 oz. cream cheese (soft) 2 Tbsp. margarine (soft) 1/4 tsp. garlic salt to taste 4 to 5 Tbsp. Romano cheese or Parmesan,Wash and drain mushrooms; remove stems. Mix together and put a dab in each mushroom cap. Put on cookie sheet and bake at 400° until they start to brown.,"Saute mushrooms. Add lemon slices. Drain. Beat egg into margarine. Mix cream cheese, cheese, salt, and garlic. Add wine, milk, and mixture (wine mixture not necessary). Add cheese and cheese mixture into saucepan. Bring to a boil. Remove from heat, then remove from heat; cover and simmer 5 to 7 minutes. Remove.",finetuned_top_k
373,Honey Rosewater Sugarscrub,2/3 cup white sugar 1/2 tablespoon rose water 1/2 tablespoon honey 1/2 tablespoon olive oil,mix all ingredients in a bowl. use on slightly damp skin ;gently massage and scrub in circular motions for about 5 minutes. rinse off and wash with your normal cleanser as usual. use on face or body once a week or as often as needed.,"Bring a large pot of salted water to a boil, and add 2/1 cup sugar and 1/3 teaspoon honey. Bring to a simmer over medium heat, and cook for 5 minutes. Stir in 2 tablespoons honey until the sugar is dissolved. Stir the remaining 10 teaspoons sugar and remaining 1 teaspoon honey into the honey and continue cooking for 1-2 minutes. Strain into a 3-quart nonstick cooking spray. Refrigerate in the preheated hot pot until ready to use. Add salt, cinnamon, and freshly ground black pepper to taste. Toss the soups with the honey sauce and serve immediately.",finetuned_top_k
374,Banana Oatmeal Cookies(Allergy Free),1/2 c. maple sugar 3/4 c. butter 1 1/2 c. mashed ripe bananas 4 c. rolled oats 1 c. raisins,Cream together sugar and butter. Blend in bananas. Add oatmeal and raisins and mix well. Drop by teaspoons onto greased cookie sheet. Bake at 325° for 20 minutes.,Mix all ingredients well. Bake in a greased baking dish at 350° until browned on both sides.,finetuned_top_k
375,Rhubarb & Rosewater Eton Mess,"For the meringues 4 large egg whites 200 g (7 oz) golden caster sugar 1 pinch salt For the rhubarb compote 100 ml (3.4 oz) boiling water 3 tablespoons golden caster sugar 4 sticks rhubarb, chopped in rounds (approx 450 grams or 1 pound) 1 teaspoon rose water For the cream 500 ml (17 oz) double cream 1 vanilla pod toasted slivered almonds, and crystallised rose petals to serve","First make the meringues. Preheat the oven to 140C/120C FAN OVEN/GAS 1/284&deg;F. In a clean bowl or mixer whisk the egg whites until they reach firm peaks. Gradually mix in the sugar and salt and whisk well until the mixture is thick white and glossy. This should take about 7-8 minutes. Line a large baking tray with non stick baking parchment - use a little dab of the meringue mixture to stick it down. Spoon the mixture into blobs on your baking tray leaving a generous gap between them. Bake for 1 hour. Whilst the meringues are baking, make the rhubarb compote. In a pan, boil the water with the sugar and add the rhubarb when it starts bubbling. Stir and let it cook for about 5 minutes on a medium heat. When the rhubarb is tender, remove from the heat. Add the rose water and leave to the side. Whip the cream until it forms soft peaks. Split the vanilla pod down the middle and scrape out the seeds. Stir them into the whipped cream. Place the cooled meringues on the serving plate, breaking a few of them up and leaving a few whole. Spoon the cream over the top, then drizzle the compote on top of the cream. Lightly toast some almond slivers in a frying pan (nothing added) and sprinkle them over the top, delicately decorate with a few crystallised rose petals before sharing with your beloved.","For meringue mixture, in a medium saucepan stir the egg whites until thoroughly dissolved. Beat in the sugar and 1/2 cup rose juice until blended, but not completely, and whisk in the rhuparb. Return the meredue mixture to the saucepan. Boil for 15-20 mins or until the mixture has reached a soft brown colour. Remove from heat and cool. In a medium bowl, mix the powdered sugar, rhubar mixture, and 3 tablespoons rhubobulins until blended. Stir in the glaze and lemon peel. Place the mignonne on a cutting board with a 1cm side-to-side border. Place it in the fridge until it is cold, about 2 hours. (If meringule has trouble beating the glazed",finetuned_top_k
376,Easy Pumpkin Muffins,1 (18 ounce) box cake mix (I use white but you can use yellow) 2 (15 ounce) cans pumpkin or 1 large can pumpkin cinnamon nutmeg,"Scoop pumpkin out of cans into bowl. Poor cake mix into bowl. Add cinnamon, nutmeg to your taste. Mix. Don't over mix or they will come out mushy. A few white cake mix lumps are okay -- they cook up fine. Poor into muffin tray sprayed with Pam or lined with muffin cups. Fill each cup as big as you want the muffins because they do not rise. Cook according to cake mix directions. About 350 degrees for 35-40 minutes. Let muffins sit for at least five minutes for them to firm up.","Preheat oven to 350*F. Beat together the cake mix, cinnamon, nutmeg and pumpkin mixture until smooth. Bake for 20 to 25 minutes per package. When cool, cut into squares. Serve with warm biscuits. Serves 6 to 8.",finetuned_top_k
377,Suzanne Somers' Green Beans And Vinaigrette,"1 lb fresh green beans, trimmed for the vinaigrette 2 -3 garlic cloves, pressed 1 lemon, juiced salt fresh ground black pepper 1/4 cup extra virgin olive oil","Steam the beans until tender and still slightly crunchy; don't overcook. Set the beans aside while you make the vinaigrette. Mix the garlic, lemon juice, salt and pepper in a bowl. In a slow stream, whisk in the olive oil until combined. Toss beans with vinaigrette and serve.","Saute green beans finely (or cook them on paper towels for about 20 mins in batches and drain) over high heat until tender. Drain, then rinse them well and in cool water so they absorb the lukewarm juices. Combine all the spices and put in a large saucepan. Bring to boil and cook, stirring often, until the spices are fragrant, about 20 to 25 mins. Add the onion and cook until soft and translucent, about a minute more or more. Remove from heat and return to pan. Add salt and red pepper and stir fry, until wilted. Serve over rice.",finetuned_top_k
378,Grilled Bread With Tomato,"12 -16 slices ciabatta, any thick slices crusty, very coarse-textured bread 2 -3 garlic cloves (optional) 4 medium tomatoes, very ripe, juicy extra virgin olive oil, for drizzling on toast coarse salt","On a grill, grill pan, or in a toaster, toast bread until golden brown. Rub peeled garlic cloves on toast if using. Cutting tomatoes in half crosswise, rub toast squeezing gently so toast is coated with juice, bits of tomato, and seeds. Drizzle toast with olive oil and sprinkle with salt to taste, serve immediately.","Fry bread in olive oil till golden, then remove and set aside. Add your onions and garlic. Brown and drain over moderate heat, add tomato. Heat your pasta in large pan. Cook and stir until almost completely melted. Add remaining ingredients except for cheese, which's fine. Keep the bread in the pan and the temperature at 180° for 15-20 minutes to melt your bread. Continue serving this in slow cooker and as the summer becomes more vigorous, add more Parmesan and other seasonings.",finetuned_top_k
379,Watermelon-Lime Sorbet,"1/2 cup dry white wine 1/2 cup sugar 1/4 cup fresh lime juice 5 cups 1-inch cubes peeled seedless watermelon 2 tablespoons frozen orange juice concentrate, thawed Lime slices Watermelon wedges","Combine wine, sugar and lime juice in heavy medium saucepan. Bring to simmer, stirring until sugar dissolves. Simmer gently 3 minutes. Cool completely. Puree cubed watermelon in processor. Strain puree through sieve set over large bowl, pressing on solids with back of rubber spatula. Discard solids in sieve. Stir wine mixture and orange juice concentrate into watermelon puree. Pour melon mixture into 8 x 8 x 2-inch glass dish. Freeze until semi-firm, stirring occasionally, about 2 hours. Cover; freeze until solid, at least 8 hours or overnight. Chill processor work bowl and metal blade. Transfer melon mixture to processor. Using on/off turns and scraping bottom and sides of bowl, process until very smooth. Transfer melon mixture to ice cream maker; process mixture according to manufacturer's instructions. Transfer to container; cover and freeze until firm, about 2 hours or overnight. Freeze 6 small bowls 30 minutes. Scoop sorbet into frozen bowls. Garnish with lime slices and watermelon wedges. Serve immediately.","Bring a large glass bowl of simmering water to a boil over moderately high heat. Stir in the wine, sugar and lime wedge juice. Stir into the boiling water and allow to boil while still hot, about 6 minutes, stirring constantly. Place a pineapple in individual serving cups. Top each serving with a layer of pineapple wedges. Serve chilled or at room temperature. Makes 1 tablespoon.",finetuned_top_k
380,Twice Baked Sweet Potatoes,"6 medium sweet potatoes 14 cup butter 1 small onion, minced 1 tablespoon brown sugar, packed 34 teaspoon orange zest, grated 34 teaspoon salt 14 teaspoon ground cumin 14 teaspoon ground cinnamon 14 teaspoon pepper 18 teaspoon ground allspice 14 cup sour cream 2 tablespoons fresh parsley, minced 2 egg whites","Preheat oven to 400 degrees. Bake potatoes until just softened, about 1 hour. Cool 15 minutes. Cut a half inch off of tops of potatoes and scoop out pulp leaving shells intact. Mash pulp. Set aside 4 shells and toss out the other two. In a small skillet, melt butter. Add onion, cook until softened about 8 minutes. Add brown sugar, zest, salt, cumin, cinnamon, pepper, and allspice. Cook until sugar melts about 2-3 minutes. Combine onion mixture with mashed sweet potatoes. Stir in sour cream and parsely. In a seperate bowl, mix egg whites at high speed until soft peaks form. Gently fold into sweet potato mixture. Spoon back into Potato shells. Put on baking sheet and bake until filling is just set and tops begin to brown about 15-20 minutes.","Preheat oven to 375°F. Butter and brown the sweet potatoes on all sides. In a small bowl mix together the vegetable oil, sugar, onion, brown sugar and lemon zest. Mix in 1 cup sour Cream. Spread between sweet potatoes for 30 minutes to let caramelize. In smaller bowl, whisk together all the remaining sugar. Fold in egg whites until blended. Top with a sprinkling of parsley and lemon juice. Bake for 15 minutes.",finetuned_top_k
381,Grandma'S Sugar Cookies,3/4 c. shortening (1/2 butter) 1 c. sugar 2 eggs 1 tsp. vanilla 2 1/2 c. self-rising flour,"Mix shortening (butter), eggs, sugar and flavoring. Blend in flour. Cover bowl and chill in freezer at least 1 hour. Heat oven to 375°. Roll dough on lightly floured board. Cut into desired shapes. Bake on ungreased cookie sheet 6 to 8 minutes. Decorate as desired. Makes 4 dozen cookies.","Combine butter, sugar, eggs and vanilla; mix well. Press into bottom of 9 x 13-inch pan; mix until mixture resembles coarse crumbs. Bake at 400° for 10 hours and 30 minutes. Cut out as required. Serves 12 to 16 (3 ounces).",finetuned_top_k
382,Faux Pho Bo (Vietnamese Beef Noodle Soup),"4 quarts fat free low-sodium beef broth 1 large onion, sliced into paper-thin rings 6 slices peeled fresh gingerroot (about the size of quarters) 1 stalk lemongrass, cleaned, leaves removed (do not substitute lemon zest or juice(the flavor is not at all the same) 1 small piece cinnamon stick (I use broken pieces of stick cinnamon, about 1 tsp total) 1 teaspoon whole black peppercorn 1 lb beef sirloin tip, cut into very thin slices (ask the butcher to slice it paper thin(I like to buy beef for sukiyaki at the Oriental market) 1/2 lb fresh bean sprout, rinsed and drained 1 cup fresh Thai basil, rinsed and dried 1 cup fresh cilantro leaves, rinsed and dried (coriander) 2 limes, cut into wedges 1/2 - 1 lb flat rice noodles (I prefer noodles about 1/4 inch wide) sambal oelek (optional) or sriracha sauce (optional) thinly sliced serrano peppers (optional) or jalapeno chile (optional) fish sauce (nam pla) (optional) hoisin sauce (optional)","In a 6 quart stockpot, combine broth, onion, ginger, lemongrass, cinnamon, and peppercorns (tie the seasonings loosely in cheesecloth for easier removal). Bring to a boil, reduce heat, cover, and simmer for 1 hour. Meanwhile, prepare rice noodles and garnishes. Arrange bean sprouts, basil, cilantro, chilies, and limes on a large platter. To prepare rice noodles, bring 4-6 quarts of water to a boil. Add rice noodles and stir to separate. Cook until just barely tender, about 2-3 minutes. Drain well. If not quite ready to serve, rinse noodles and drain again. To serve, remove seasonings (except onions) from broth; keep broth hot. Place 1/2 cup rice noodles in each of 6 large, deep bowls. Arrange thinly sliced beef over noodles, fanning out to increase surface area. Ladle very hot broth over beef and stir to cook. Serve immediately. Pass garnish platter, hoisin sauce, fish sauce, and sambal oelek or sriracha sauce for people to add as desired.","-chi sauce) small (about 1/3 cup) soy sauce, optional (to serve) green onions (optional, for garnish)
Instructions: Measure broth into bowl. Arrange onions and celery on a floured board. Place chicken and celeriac beef slices in large bowl, making sure to separate the pieces. Sprinkle with salt, sugar, and salt to taste. Cover bowls. Bring broth to a boil. Reduce heat and simmer for 10 minutes or until beef is tender. Place onions and vegetables on a small baking sheet. Bake 15 minutes, covered, in a 425 degree oven (you may need to leave a half an hour to cook them). Top with green onion and a few cups water to cover the top. Serve with warm vegetables.",finetuned_top_k
383,Russian Tea,1 lb. 2 oz. jar Tang 1 c. instant tea 1 (6 oz.) jar dry lemonade 3 c. sugar 3 tsp. cinnamon 1/2 tsp. ground cloves,Mix all ingredients in a large container. Use 3 level spoons tea per mug and boiling water.,Mix all ingredients well. Add tea and sugar well. Bake at 350 for about 5 minutes. Makes 15 cups.,finetuned_top_k
384,Quinoa Salad with Cucumbers and Feta,"1- 1/2 cup Quinoa (red, Hulled Or Both) 3 cups Water 1 whole Large Cucumber, Peeled And Diced 1 whole Red Bell Pepper, Cored, Finely Diced 1/2 cups Finely Chopped, Fresh Dill, Cilantro, Or Parsley (or Combination Of) 1/4 cups Green Onion, Finely Chopped 1/4 cups Red Onion, Finely Chopped 1/4 cups Kalamata Olives, Sliced Or Whole 23 cups Feta Cheese, Crumbled 13 cups Olive Oil 1/4 cups Balsamic Vinegar 2- 1/2 Tablespoons Honey 1 Tablespoon Dijon Mustard 1/4 teaspoons Salt 1/4 teaspoons Freshly Ground Pepper","Combine the dressing ingredients. Set aside. Rinse quinoa well before cooking to remove slightly bitter coating. Place quinoa and water in a pan. Bring to a boil. Reduce heat, cover, and simmer for 15 minutes or until liquid is absorbed. Place in a large bowl and allow to cool to room temperature. In a large bowl, combine chopped vegetables including chopped herbs of your choice. Add quinoa, olives, and cheese and gently mix. Add dressing, gently toss again, adding more salt and pepper if needed. Cover and chill for 1 to 2 hours to allow flavors to blend. Garnish with fresh herbs or sliced tomatoes and olives.","Combine the Quinoa, Water, Cucinata, Onion, Bell Pepper and Dill in a bowl and season to taste with salt and pepper. Preheat the oven to 300 degrees F. Season the vegetables with a little bit of salt, a little for the onions and a little more for the cucumbers. In a small bowl, combine the Feta cheese, salt and salt. Combine the vegetables in the flour mixture, a sprinkle of honey, and a small pinch of Dij on the outside of each container. Place the quinoa and remaining vegetables in a large bowl. Cover your container and let it sit or cool for 20 min or possibly 20 hrs. Place another container on the counter and let the qui-glace rest at room temperature until it is well-cloaked",finetuned_top_k
385,Under the eye dark circle treatment,"2 Spoonfuls of lemon, lime, or pineapple juice 1 good pinch of turmeric 1 round cotton pads cut in half thats been lightly soaked in rose water, green tea or plain water that been slightly frozen","Mix everything all together and apply under your eyes and place frozen cotton pads under eyes and relax for 10 minutes. Then rinse with cool water and then use a good eye cream do this about 2 to 3 times a week. TIPS.... Get plenty of rest nightly , sleep on your back, drink lots of water daily, don't rub at your eyes, avoid sodium and alcohol as much as you can, use a good eye cream in the morning and at night.","mix the lemon water, turmeric, cotton pads, and 1 teaspoon each of sugar and ginger to taste. mix the lime in a bowl at first then stir into the rice and a little water just before the next line, add sugar, ginger, and spices to mix well. and bake at 450 for 40 minutes or until the syrup has just melted and is crispy brown.",finetuned_top_k
386,Chocolate Delight Dessert,"1 cup crushed saltines 1/2 cup graham cracker crumbs 1/3 cup butter, melted 2 cups milk 1 package (3.9 ounces) instant chocolate pudding mix 1 package (3.4 ounces) instant vanilla pudding mix 1-1/2 quarts cookies and cream ice cream, softened 1 carton (12 ounces) frozen whipped topping, thawed 3 Heath candy bars (1.4 ounces each), crushed","In a small bowl, combine saltines and graham cracker crumbs; stir in butter. Press onto the bottom of a greased . Refrigerate 15 minutes. Meanwhile, in a large bowl, whisk milk and pudding mixes 2 minutes. Fold in ice cream. Spread over crust. Top with whipped topping; sprinkle with crushed candy bars. Freeze, covered, until firm. Remove from freezer 30 minutes before serving.","Preheat oven to 350°F. Grease and flour 6 large (12-inch) round ungreased 9-inch square casserole baking dish. Cut saltines, graham crumbs and butter into graham bits. Mix melted milk, pudding mix, cheeses, pudding mixes and pudding until well mixed. Press evenly onto bottom of dish. Refrigerate until set, about 10 minutes. Beat butter or milk until fluffy. Using fork, stir crumbs into cream. Slowly add powdered sugar to creamer until mixture resembles crumble batter. Pour mixture into prepared baking dish and top with chocolate; top with whipped topping and chocolate bars. Bake 40 minutes or until cake tops appear golden.",finetuned_top_k
387,Creamy Broccoli-Stuffed Chicken Breasts,"1 pkg. (6 oz.) STOVE TOP Stuffing Mix for Chicken 1 cup water 6 small boneless skinless chicken breasts (1-1/2 lb.) 1 pkg. (10 oz.) frozen chopped broccoli, thawed, drained 1 can (10-3/4 oz.) 98% fat-free condensed cream of chicken soup 1/2 cup fat-free milk 1 tsp. paprika 2 Tbsp. KRAFT Grated Parmesan Cheese","Heat oven to 400 degrees F. Combine stuffing mix and water in large bowl. Let stand 5 min. Meanwhile, pound chicken to 1/4-inch thickness. Add broccoli to stuffing; mix lightly. Spread onto chicken to within 1/2 inch of edges; roll up starting at one short end of each. Place, seam-sides down, in 13x9-inch baking dish. Mix soup and milk; pour over chicken. Top with paprika and cheese. Bake 30 min. or until chicken is done (165 degrees F).","Mix well until all ingredients are well coated; put in a slow cooker or possibly stovetop or possibly possibly unbaked microwave safe dish. Heat water to boiling over high heat; turn heat down to medium low. Cover, reduce heat, and simmer uncovered for 2-3 hours or possibly longer, until a knife inserted in the center comes out clean (6-8 hours); remove chicken to shallow dish and cool completely. Cover chicken with a dampened cloth. Cook broccoli in a 350° oven for 2 hours or maybe until golden brown on all sides. Remove skin, cut up breast halves, and arrange on a serving platter with broccoli in the middle. Preheat broiler, add soup, milk, paprika and kraft cheese and simmer for 10 to 15 minutes or possibly till bubbly",finetuned_top_k
388,Grandma'S Easy Brisket,1 (12 oz.) bottle chili sauce 1 can Coke 1 pkg. onion soup mix,"Combine chili sauce, Coke and onion soup mix. Pour over trimmed brisket and bake at 325° for 3 to 5 hours. Drain fat from gravy.","Sift ingredients together according to package directions. Pour into slow cooker. Sprinkle with seasoning mix (not water), onion soup, and chili sauce. Cover, and cook at 375° for 1 hour.",finetuned_top_k
389,M&M Cookies,2 c. shortening 1 c. brown sugar 1 tsp. soda 1 tsp. salt 1/2 c. sugar 2 1/2 c. sifted flour (use all-purpose flour) 2 eggs 2 tsp. vanilla M&M's,"Blend sugars and shortening. Beat in vanilla and eggs. Mix flour, soda and salt; add to other mix. Mix well. Stir in M&M's. Bake 10 to 12 minutes in 350° oven.","Combine shortening and soda in heavy saucepan. Separate shortening mixture and sugar. Stir in flour, eggs, vanilla and M&Ms (and use light mixture). Cook on low for 5 minutes or until thickened. Mix next 5 ingredients. Stir constantly. Makes 12.",finetuned_top_k
390,Sweet Potato Casserole,4 large sweet potatoes 1/2 to 1 c. sugar 1/2 c. butter 2 beaten eggs 1 tsp. vanilla 1/3 c. milk 1/3 c. melted butter scant 1 c. light brown sugar 2 Tbsp. flour 1 c. chopped nuts (optional),"Bake or boil the potatoes. Mash. Mix in sugar (use 1/2 cup first, more if necessary), butter, eggs, vanilla and milk. Put in a 13 x 9-inch pan. Melt butter and mix in brown sugar, flour and nuts. Sprinkle on top of sweet potatoes. Bake at 350° for 25 minutes.","Mix together sweet potatoes, sifted together sugars, egg and vanilla. Beat in milk, flour and brown sugar. Blend in butter. Pour over sweet potatoes and mix well. Bake at 400° for 45 to 50 minutes or until done.",finetuned_top_k
391,Ham With Cranberry And Bourbon Glaze,"1 (10-pound) 33%-less-sodium smoked, fully cooked bone-in ham Cooking spray 3/4 cup packed brown sugar 3/4 cup canned whole-berry cranberry sauce 1/4 cup bourbon 1 tablespoon prepared horseradish 1 bay leaf","Preheat oven to 325°. Trim fat and rind from ham. Score outside of ham in a diamond pattern. Place the ham, bone end up, on a roasting pan coated with cooking spray. Bake at 325° for 1 1/2 hours. Combine the sugar and remaining ingredients in a small saucepan. Bring to a boil. Reduce heat; simmer for 5 minutes. Remove from heat; discard bay leaf. Increase the oven temperature to 400° (do not remove the ham from the oven). Brush the cranberry mixture over the ham. Bake at 400° for 15 minutes. Place ham on a platter, and cover with foil. Let stand for 15 minutes. Do not discard drippings. Place a zip-top plastic bag inside a 2-cup glass measure or bowl. Pour the drippings into the bag, and let stand for 10 minutes (the fat will rise to the top). Seal the bag, and carefully snip off 1 bottom corner of the bag. Drain the drippings into a bowl, stopping before the fat layer reaches the opening; discard the fat. Serve the sauce with the ham. Note: Wine Suggestion:The tartness of the cranberries, sweetness of the bourbon, and pungency of the horseradish all take this ham in a decidedly different direction than the Ham with Champagne and Vanilla Glaze (page 109). The dramatic boldness of these flavors call for an equally bold and very fruity wine. Gewurztraminers from Alsace, France, fitthebill. Try the current vintage from any of the following producers: Trimbach, Hugel, Domaine Weinbach, or Zind-Humbrecht (about $18 to $22).","Place an 8-inch casserole dish in the bottom of the oven; add half the dried hams. Roast hams at high oven temperature 5-7 minutes, or until tender. Meanwhile, add wine vinegar, horserade, and bay leaf to the ham. Boil slowly until hot. Turn the ham into sauce, spreading halfway through each cut as it cooks, but do not overcook, because it will break quickly. To make sauce for gravy, place half the roasted hams in a large resealable plastic container and pour over the top of the liquid. Chill for at least 1 hour; refrigerate 2 hours. Garnish garnish with horserad, if desired. Bake 30 minutes or until bubbly and golden. Cool 30 minutes before serving.",finetuned_top_k
392,Spinach Balls,"2 (10 oz.) pkg. frozen chopped spinach 2 c. Pepperidge Farm herb stuffing 1 large onion, diced 4 eggs 1/2 c. Parmesan cheese 3/4 c. butter, melted 1 1/2 tsp. thyme 1 clove garlic, minced salt and pepper",Cook spinach and drain. Squeeze liquid out when draining spinach. Mix all ingredients thoroughly; chill 2 hours or more. Roll into balls one inch in diameter. Freeze or refrigerate until ready to use. Bake about 30 minutes until golden. Makes 4 to 5 dozen balls.,Boil spinach slightly; set aside. Combine ground ingredients in casserole dish. Beat egg yolks and toss with onion mixture. Spoon into casseroles. Bake at 350° for 20 to 25 minutes or until tender.,finetuned_top_k
393,Turkey Tenderloin With Cranberry Shallot Sauce,"2 turkey tenderloins (about 1 1/2 pounds total) 3/4 teaspoon salt, divided 1/4 teaspoon fresh ground pepper 4 teaspoons canola oil, divided 4 shallots, peeled and quartered 2 teaspoons chopped fresh thyme (may sub 1/2 t dried) 3/4 cup reduced-sodium chicken broth 1 1/2 cups fresh cranberries (you may use frozen, but do not thaw them) 1/4 cup dried cranberries 2 tablespoons light brown sugar (to taste) 1 tablespoon fruit-flavored vinegar (raspberry or pomegranate)","Preheat the oven to 450 degrees F. Sprinkle turkey tenderloins with 1/4 teaspoon salt and pepper. Heat 2 teaspoons oil in a large skillet over medium heat. Add the turkey and cook, turning to brown all sides, about 5 minutes total. Transfer to a baking sheet. Roast until an instant-read thermometer registers 165°, 15 to 25 minutes (depending on the sizes). Meanwhile, add the remaining 2 teaspoons oil to the pan. Add shallots and cook, stirring occasionally, until browned, 3 minutes. Add thyme and cook until fragrant, about 10 seconds. Add broth and cook, scraping up any browned bits, for 1 minute. Stir in fresh and dried cranberries and cook until most of the fresh cranberries have broken down, 6 to 7 minutes. Stir brown sugar, vinegar and the remaining 1/2 teaspoon salt into the sauce; cook for 1 minute. Cover and remove from the heat. Let the turkey rest on a clean cutting board for 5 minutes. Thinly slice; serve with the sauce.",Season turkey tenderstins to taste with salt and pepper. Place 2 cups broth in 1 -quart casserole and cover. Cover and bake at 350 degrees for 1 hour or until tender(sliced and heated). Let cool. Lightly flour 1 tablespoon oil using a pastry blender. Spread the Shallot sauce over the turkey tenderlys. Sprinkle with 1/8 teaspoon salt and 1/9 teaspoon pepper. Bake uncovered for 25 minutes. Stir in the reserved broth. Cool completely until serving time. You may just leave some on top for additional sauce or to serve.,finetuned_top_k
394,Chilied Chicken and Hominy Soup,"8 ounces boneless skinless chicken breasts, cubed 1 small onion, chopped 2 garlic cloves, minced 5 cups fat-free chicken broth 12 teaspoon oregano 1 12 tablespoons chili powder 1 (14 ounce) can hominy, drained (white hominy)","Brown chicken over medium-high heat in saucepan. Remove chicken from saucepan, keep warm. Reheat saucepan to medium heat and saute onion and garlic until onion in translucent. Add cooked chicken, chicken broth, oregano, and chili powder and combine. Reduce heat to low cover and cook 15 minutes. Add hominy cook 15 more minutes.","In a large, large skillet over medium-high heat, melt the chicken broth. While the chicken is cooking, heat the remaining chicken broth over medium heat; cook and stir while heating, stirring constantly, about 5 minutes. Stir in the onions and garlic; keep stirring until onion changes color: about 10 minutes. Add the broth to the chicken and cook over moderately high heat until the onion is beginning to soften (about 1 minute). Add the chili powder to the skillet; stir. While stirring, add the hominy and 1 tablespoon oreganos; and simmer for 5 to 10 minutes, stirring frequently, until the chicken mixture thickens slightly. Remove the chicken from the heat; let stand 10 minutes to handle heat. Return to the pan to cook for 5 minutes, turning when just tender.",finetuned_top_k
395,Poppy Seed Dressing For Fresh Fruit Salad,"2/3 c. honey 1 tsp. salt 1 medium onion, cut up 3/4 Tbsp. poppy seed 2 c. Wesson oil dash of pepper",Blend all ingredients (except poppy seed) in blender. Stir in seed. Keeps 2 to 3 months.,"In small bowl, combine honey and oil. Mix well. Add onion, poppy seed, poppy seeds and seasoning. Add remaining herbs and drizzle over dressing.",finetuned_top_k
396,Forget-Me-Not Cones,"1 pkg. (3.9 oz.) JELL-O Chocolate Flavor Instant Pudding 1 cup cold milk 2 cups thawed COOL WHIP Whipped Topping 10 Oreo Cookies, crushed, divided 1 pkg. (1-3/4 oz.) ice cream cones 12 Marshmallow Flowers (See Tip.)",Beat pudding mix and milk in large bowl with whisk 2 min. Let stand 5 min. Stir in COOL WHIP and 3/4 cup cookie crumbs. Spoon into ice cream cups; sprinkle with remaining cookie crumbs to resemble dirt in flower pots. Flatten tops slightly with back of spoon. Top with Marshmallow Flowers.,Heat oven to 350° F. Cream instant pudding and milk; add sugars. Add Oreo cookies. Press to fit into 9 x 13-inch dish. Bake 25 minutes or until a toothpick inserted in center comes out clean. Cool completely. Punch edge of cookie with fork. Divide evenly among 8 8- oz. packages. Top with 1/2 c. whipped topping. Refrigerate overnight. Preheat oven to 325° F.; cut edges of cookie slightly to fit with edge of candy. Cut edges of candy into 2 inches. Spread with 1 C. melted chocolate. Let rest 10 minutes. Cut edge of chocolate into 1/4-inch diagonal slices. Fill 1 Tbsp. chocolate filling (see tip). Place on cookie sheet coated with cooking spray. Fold edges of edge,finetuned_top_k
397,Lollipop Cookies,1 pkg. SuperMoist rainbow chip cake mix 3/4 c. water 2 eggs 1 tube Betty Crocker creamy deluxe frosting,You will need 20 to 24 wooden sticks.,"Mix cake mix, water and eggs. Fold in flour. Pour into buttered 9 x 13-inch pan. Pour frosting over cake mixture. Chill before serving. Makes 4 to 6 dozen.",finetuned_top_k
398,Chocolate Chess Pie,"2 eggs 1 1/2 c. sugar 1 small can evaporated milk 1 stick oleo, melted 3 Tbsp. cocoa 1 tsp. vanilla 1 c. chopped nuts",Melt oleo. Mix all ingredients. Pour into pie crust. Bake at 400° for 10 minutes and at 350° for 40 minutes.,Mix eggs and sugar. Add salt. Beat at medium speed until smooth. Stir in milk. Mix oleol and cocoa. Drop by teaspoons onto beaten eggs and beat until thickened. Pour into greased casserole dish. Bake at 350° for 45 minutes or until set. Serves 6 to 8.,finetuned_top_k
399,Rhubarb-Strawberry Upside-Down Cake,"4 to 5 c. rhubarb, cut into chunks 1/2 to 3/4 c. sugar 1 (6 oz.) pkg. strawberry jello 1 c. water 1 pkg. yellow cake mix 2/3 c. water 3 Tbsp. butter 2 eggs","Line a 9 x 13-inch cake pan with rhubarb. Sprinkle sugar and jello over rhubarb; pour 1 cup water over mixture and set aside. Mix cake mix, 2/3 cup water, butter and eggs together. Pour over rhubarb mixture. Bake 1 hour at 350°. Serve with whipped cream.","Cook the rhubarabian with the sugar, jello and water until completely dissolved. Add the strawberries with the water and the cake mix. Cook over low heat until well blended. Pour into cake pan and cool completely. Remove from heat and stir in butter and eggs and cook 10 minutes with the sides of the pan floured on top. When cool, cut the top corners off at a diagonal and let rise in a warm place until doubled, about 5 minutes.",finetuned_top_k
400,Broccoli And Cauliflower Salad,1 head cauliflower 1 head broccoli 1/2 lb. bacon cheese (optional) 2 c. Miracle Whip 3 Tbsp. vinegar 1/2 c. sugar,"Fry bacon until crispy, then crumble. Break off tops of broccoli and cauliflower. Mix together broccoli, cauliflower and bacon. Then mix together Miracle Whip, vinegar and sugar and pour over vegetables; mix well. Refrigerate after preparing.",Brown cauliflower. Drain. Combine other ingredients. Stir and cook to desired consistency. Season to taste.,finetuned_top_k
401,Peanut Butter Energy Bites,1 cup Old Fashioned Oats 1/2 cups Creamy Peanut Butter 1/4 cups Honey 1 teaspoon Vanilla 2 teaspoons Chia Seeds 1/2 cups Milk Chocolate Chips,"In a large bowl, combine oats, peanut butter, honey, vanilla, and chia seeds. Mix well until thoroughly combined. Add chocolate chips and stir well. Shape into 18 small balls. Refrigerate until firm, if desired.",Mix all ingredients! Cool and serve!,finetuned_top_k
402,Creamy Polenta,2 cups water 2 cups milk 1 cup heavy cream 1 cup polenta 1 tablespoon chopped lemon zest 1 teaspoon kosher salt,"In a medium pot with high sides combine the water, milk, and heavy cream and bring to a boil over high heat. Reduce the heat to low and slowly pour in the polenta while whisking constantly. Cook the mixture for at least 5 minutes, stirring with a wooden spoon until thickened and cooked. Stir in the lemon zest and kosher salt.","In a large saucepan, bring hot water to a boil over medium heat. Cook, stirring constantly, until the liquid thickens and begins to boil, about 2 minutes. Stir in the cream and the flour. Bring to a slow boil; stir in the milk, and continue whisking until the mixture is smooth and crumbly.",finetuned_top_k
403,Lighter Snickerdoodles,1/4 cup butter 1 1/2 cups white sugar 4 ounces lowfat cream cheese 1 egg 2 egg whites 2 3/4 cups all-purpose flour 2 teaspoons cream of tartar 1 teaspoon baking soda 1/4 teaspoon salt 1/4 cup white sugar 2 teaspoons ground cinnamon,"In a large bowl, cream together the butter, 1 1/2 cups of white sugar, and cream cheese. Beat in the egg and egg whites until smooth. Sift together the flour, cream of tartar, baking soda, and salt; stir into the creamed mixture. Cover, and refrigerate dough for at least 1 hour. Preheat oven to 400 degrees F (200 degrees C). In a small dish, mix together the remaining white sugar and the cinnamon. Roll the dough into walnut sized balls, and roll the balls in the cinnamon and sugar mixture. Place the balls at least 2 inches apart on cookie sheets, and flatten slightly. Bake for 8 to 10 minutes in the preheated oven. Remove from cookie sheets to cool on wire racks.","Preheat the oven to 350°F. Grease a 13 x 9-inch baking pan. In a medium bowl, combine butter, sugar, cream cheese, egg and flour. Beat on low speed until well blended. Add flour mixture alternately with sugar mixture, mixing until well combined. With a mixer on medium speed, beat in egg yolks. Pour batter onto prepared baking sheet. Bake for 30 minutes or until toothpick inserted in center comes out clean and the sides are golden. Cool to room temperature, then slice and serve immediately. Makes about 55 to 60.",finetuned_top_k
404,Futo-Maki (Fat Roll),"4 cups cooked rice (sushi rice) 4 sheets nori (dried seaweed) 2 eggs 1 ounce dried gourd 8 dried shiitake mushrooms 2/3 cup dashi stock 2 tablespoons sugar 1 tablespoon mirin 3 tablespoons soy sauce cucumber, cut into sticks (optional)","Wash and soak kampyo and shitake mushrooms in water and let sit for an hour. Slice kampyo and mushrooms into pieces about 8 inches long. Place dashi stock, sugar, mirin and soy sauce, kampyo and mushrooms in a pan and simmer for around an hour. Let cool. Beat eggs and add sugar to the eggs. Make a firm omelette and cut it into long strips. Put a sheet of nori on top of a bamboo sushi mat and spread a cup of sushi rice on top of the nori. Place 1/4 of ingredients lengthwise on the rice and roll in a jelly roll fashion, pressing forward slowly and firmly to form a cylinder. Remove sushi from mat and cut into 4-6 bite sized pieces. Repeat with the rest of the nori.","Heat a small saucepan on medium-high heat. Add all ingredients and bring to the boil. Simmer for 15 min. If you like you can cook for 1 hour more and you should be able to stir by the time you leave the room. Allow to cool and chill for another 30 minutes before serving. Recipe will vary depending on your preference. Also, you can make it a little thicker than 1:20 or so if we like it thinner.",finetuned_top_k
405,Triple Berry Coconut Smoothie,"1 cup berries strawberries, blueberries and blackberries can be frozen or fresh 1 cup unsweetened coconut milk vanilla 1 banana 2 tablespoons flax seed",Add all ingredients to a blender and blend until creamy and well combined. Transfer to a cup and top with extra berries (optional).,"Preheat oven to 350 degrees F (225 degrees C). Combine berries, strawberries, and coconut milk in a blender. Add vanilla and bananas to blender and blend until smooth.",finetuned_top_k
406,Banana Nut Bread,"1/2 c. butter or margarine 1 c. sugar 2 eggs 1 c. ripe bananas, mashed 1 tsp. lemon juice 2 c. flour 3 tsp. baking powder 1/2 tsp. salt 1 c. chopped nuts","Cream butter and sugar. Add eggs and beat well. Stir in bananas and lemon juice. Sift flour, baking powder and salt; add to cream mixture. Stir in nuts. Bake in 9 x 5 x 3-inch pan at 350° for 1 hour and 15 minutes.",Butter oven rack; beat all ingredients well. Spread batter evenly on greased pan. Bake 45 to 50 minutes in 350° oven until cake comes out golden brown (brown is okay only if the cake comes to room temperature at first).,finetuned_top_k
407,Kids Friendly-Thekua Recipe,11/2 cup Oil 1/2 teaspoon Cardamom Powder 1/2 cup Coconut (Grated) 1 cup Hot Water 400 grams Jaggery (Grated) Or Sugar 500 grams Whole Wheat Flour 2 cups Ghee Or Oil (For Deep Frying),"Step1 Combine jaggery or sugar and water in a pan. Step2 Put the pan on flame, heat and dissolve the sugar or jaggery. Step3 When it dissolved, switch off the flame and put aside to get cool. Step4 Now, take wheat flour in a large bowl. Step5 P ut coconut and cardamom powder and mix well. Step6 Now, add oil and mix gently with hands. Step7 Put sugar or jaggery water and kneed into a stiff dough. Step8 Divide in into 5 equal portions. Step9 Shape it round and long, according to your choice. Step10 Ensure the thickness is not more than an inch. Step11 Now heat ghee or oil in a deep bottom pan. Step12 Put few thekua at a time and cook on low flame. Step13 Deep fry, till it turns into brown colour. Step14 Drain and let it get cold. Step15 Keep in an airtight container.","Pour oil into two 9 x 13 inch baking dishes or a non-stick measuring cup. Whisk the coconut with hot water and the hot water over a gentle rolling boil for a few minutes. Cool slightly. Meanwhile, place the hot oil in a medium saucepan. Whirl the ghee and water together over medium flame for a couple of minutes and stir gently. Add flour, 1 tablespoon at a time, until the mixture boils in the hot pan. Cook for about 10-14 minutes, slowly adding the hot ghee through the last few minutes, until it becomes soft and has a nice creamy consistency. Serve with sambal or a thin layer of white sugar for decoration on the top.",finetuned_top_k
408,Maple Baked Beans,"2 pounds (4 cups) of dried beans 20 cups / 5 litres of cold water 4 medium diced onions 1/2 cup / 8 ounces of finely sliced double smoked bacon 2 cloves of minced garlic 2 cups/ 500 ml of maple syrup 1/2 cup / 125 ml of molasses 1 cup / 125 ml of tomato sauce (or chopped tomato, or tomato juice) 1 tablespoons of dried ginger (or substitute 2 tablespoons grated fresh ginger) 1 tablespoon / 15 ml of dried mustard 2 teaspoon /10 ml of salt 1 teaspoon / 5 ml of black pepper 1 tablespoons / 20 ml of white wine vinegar","Preheat oven to 300 f. Pick over and rinse beans removing any lingering stones, then cover in water and soak overnight. Drain beans and combine them in large saucepan with 5 litres of cold water. Simmer until almost tender, about 45 minutes. Drain, reserving cooking liquid. Heat bacon in an oven and stovetop proof casserole dish, over medium heat to render the bacon fat. When the bacon begins to caramelize, add the beans, onions and garlic and continue stirring until fully aromatized. Stir in the maple syrup, ginger, dry mustard, salt, pepper, molasses and tomato juice. Add enough of the reserved cooking liquid to just cover the beans. Cover and bake for approximately 3 hours, or until beans are tender. Check beans periodically throughout cooking, adding more of the reserved cooking liquid if beans begin to dry out. Stir vinegar into beans when they are tender and ready to serve!","Put beans into a large pot of boiling salted water with a lid over medium heat. While the water is boiling, bring beans to a boil in a saucepan of boiling water. While this is about to cook, cover and simmer for 40 minutes. Do not put beans in water. Place beans in a pot of simmering water with enough water to hold all beans together. The beans can be kept cool and reserved well, but not stored. Heat to boiling, with a little salt to keep it hydrated, and add bacon and onions. Simmer for 30 to 40 min. Remove 1kg of bacon and 1 handful of tomatoes to a plate. Salt the onions, and saute them for 15min. In a blender, add the dry mustard, ginger and juice from the wine vinegar",finetuned_top_k
409,Smoky Guacamole with Charred Shallots,"3 medium shallots, peeled and sliced 1 teaspoon canola oil 3 large ripe Hass avocados, halved and pitted 1 teaspoon fresh lime juice 1/2 teaspoon smoked paprika 1/4 teaspoon ground chipotle 1/4 teaspoon Kosher or sea salt Fresh cracked black pepper, to taste 1 medium tomato, seeded and diced","Heat a skillet over high heat. Add the oil and then add the shallots. Cook until soft and marginally charred, 1 1/2 to 2 minutes, stirring occasionally. With the tip of a knife, cut each avocado half into a 1/2-inch grid, being careful not to cut through the skin. Scoop out the avocado into a bowl. Mash the avocado with a fork until it is nearly at your desired consistency. Stir in the charred shallots, lime juice, paprika, chipotle, salt, and pepper. Gently fold in the tomatoes. Serve immediately or else press a piece of plastic wrap flush into the top of the guacamole, refrigerate, and serve preferably within 24 hours.","Saute shallots in the vegetable oil until tender. Add diced avocado, lime juice, smoked pap and chipotle. Cover and cook for 12 hours or until vegetables are tender. Transfer to a cutting board and toss with remaining avocado. Serve immediately.",finetuned_top_k
410,Cheese Ball,2 c. shredded Cheddar 2 (8 oz.) cream cheese 1 pkg. parsley dip (Hidden Valley) 2 tsp. chopped green onions 2 pkg. shredded dry beef chopped pecans,Soften cheese to room temperature. Combine all ingredients in food processor and mix well. Shape into 2 balls and roll in pecans.,"Put cheese, cream cheese and parsley in large bowl. Blend in beef and nuts. Mix well. Wrap in waxed paper or waxed foil. Bake at 350° for 1 hour or until bubbly when touched.",finetuned_top_k
411,Citrus-Marinated Pork Chops,"1 cup fresh orange juice 1 teaspoon grated lemon zest 1/4 cup fresh lemon juice 1 teaspoon grated lime zest 1/4 cup fresh lime juice 1/4 cup honey 2 garlic cloves, crushed 1 small red onion, sliced Four 10-ounce bone-in pork loin chops, cut 1 inch thick 3 tablespoon extra-virgin olive oil Kosher salt Pepper 4 tablespoons unsalted butter 3 tablespoons coconut oil 3 tablespoons vinegar 1 garlic clove, minced 1/2 teaspoon grated orange zest 1/4 cup fresh orange juice 2 endiveshalved lengthwise, cored and thinly sliced 1 jalapeno, thinly sliced 1/2 head of cauliflower, florets thinly sliced 1/4 cup chopped cilantro Kosher salt Pepper 1/3 cup roasted cashews, chopped 1/3 cup unsweetened coconut flakes","Prepare the pork Whisk the citrus juice and zest, honey, garlic and onion. Add the chops and let stand at room temperature for 15 minutes. Prepare the pork Remove the chops from the marinade. Strain and reserve the marinade. In a large nonstick skillet, heat 2 tablespoons of the oil. Season the chops with salt and pepper, add 2 to the skillet and cook over moderately high heat until golden, about 2 minutes per side; transfer to a plate. Repeat with the remaining 1 tablespoon of oil and 2 chops. Clean the skillet. Prepare the pork In the same skillet, melt the butter. Add the chops and the strained marinade and cook over moderate heat, turning and basting, until the chops are cooked through, 6 to 8 minutes; an instant-read thermometer inserted in the center of each chop should register 135. Transfer the chops to plates and spoon some of the sauce on top. Meanwhile, make the slaw In a large bowl, whisk the coconut oil with the vinegar, garlic, orange zest and juice. Add the endives, jalapeno, cauliflower and cilantro, season with salt and pepper and toss well. Meanwhile, make the slaw Top the chops with the slaw. Scatter the cashews and coconut flakes on top and serve.","In a large saucepan, combine juice, lemon zing and lemon zests over medium heat. Stir in lemon juice. Bring a heat through and melt the coconut oil until dissolved. Add garlic, and stir-fry until lemon is translucent. Remove garlic, add the reserved orange juice, and mix well. Season to taste with salt and pepper. Add the remaining orange juice and lemon Zest mix. Season with the remaining lemon zesty liquid. Transfer the pork chops to a cutting board, and top with a dollop of coconut oil and remaining 2 tablespoons of the coconut. Preheat oven to 350°. Roll chops and place chops in a single layer in a nonstick or heavy baking pan or baking sheet and top each with 1 tablespoon water. Bake for 13 minutes. Sprinkle with",finetuned_top_k
412,Blue Ribbon Lemon Bread Recipe,1 c. sugar 2 beaten Large eggs 1/2 c. lowfat milk Grated rind of 1 lemon (approx. 2 + tsp.) 1 1/2 c. flour 1/2 teaspoon salt 1 teaspoon baking pwdr,"Spray loaf pan with Pam and line with wax paper. Cream together butter, sugar, Large eggs, lowfat milk and lemon rind. Sift together flour, salt and baking pwdr. Add in this to cream mix. Bake at 350 degrees for 45 min in 5""x9"" pan or possibly 2 smaller pans for shorter time. Make sure toothpick comes out clean when done. When bread is done leave in pan. Heat 1/4 c. sugar and lemon juice to dissolve sugar; mix well. Pour this mix with spoon over the top and down the sides of bread slowly. Do this as soon as bread comes from oven. When bread has absorbed all the juice, turn out of pan on foil.","In a large mixer bowl beat 1/3 lemon juice and 1/4 cup milk until blended. Beat in the flour, salt, baking pWdr and pecan halves. Stir in 1 1 1 Tbsp. flour mixture and sugar until a paste forms. Fill a large bowl with dry ingredients. Stir egg mixture into a large mixing bowl and beat 1 turn at a time until just combined. Mix on low speed till just combined and light and fluffy, about 2-3 minutes. Spoon into 9x13 inch greased loaf pan. Place on a sheet tray and bake, uncovered, at 350° for 30 minutes. Serves 4 to 6.",finetuned_top_k
413,Lentil Soup,3 tablespoons olive oil 1 finely chopped onion medium 3 carrots in one inch chunks 3 celery one inch chunks 2 garlic cloves finely chopped 1 pound lentils 1/2 cup red wine 1/2 teaspoon cumin 5 cups chicken broth 1 teaspoons paprikah 1 teaspoons oregano 2 bay leaves,"Cook onions, celery, garlic , and carrots 6 min. or until softened Stir in lentils and liquids and spices and cook for 30-45 minutes. Puree some of the soup with immersion blender to thicken if desired.","Heat olive oil in large nonstick skillet over medium heat. Add onion and carrot. Saute for three minutes then add garlic and saute for another 1 minute. Add 1/4 cup of broth and cover. Season with cumin. Add lentils, wine and paprika to pan. Bring to a simmer, reduce heat and simmer for 4 minutes or until lentils are soft. Reduce heat, cover, and simmer over medium-low heat for 15-20 minutes. Taste and adjust seasonings if necessary. Serve soup in bowls as desired.",finetuned_top_k
414,Baked Chicken Curry Puffs,"5 whole cloves 5 whole black peppercorns 2 whole cardamom pods 1/2 cinnamon stick (3 cm long) 2 small whole dried red chilies 2 tablespoons coriander powder 1 tablespoon cumin seed 1/2 teaspoon fennel seed 1/2 teaspoon turmeric powder 200 g minced chicken 2 medium potatoes, peeled and diced 1 brown onion, diced 1 clove garlic, finely sliced spray oil 3 sheets puff pastry 1/2 teaspoon sugar 1/2 teaspoon salt (to taste)","Pre-heat oven to 200 degrees C (fan-forced) or 200 C conventional. Add the potatoes to a pot of boiling water and cook until just soft. Drain and set aside. In the meantime, toast the first 3 spices (cloves, peppercorns, cardamon) in a medium size saucepan over a medium heat, until just beginning to smoke and becoming aromatic. Remove from heat and set aside in bowl, Add the next 2 spices (cinammon and chilies), and repeat toasting instructions. Remove and add to same bowl as the other toasted spices. Add the last 4 spices (coriander, cumin, fennel and tumeric powder) and repeat toasting. Remove and add to same bowl as the other toasted spices. When the spices have cooled, grind with either a mortar and pestle, or in coffee grinder. (Note: I like my spice mix fine, so after grinding in mortar and pestle, I sieve the mixture using a fine net sieve). Set the spice mixture aside (when cooled, store in a jar). Add a bit of spray oil to the saucepan pan, add the chicken and cook until browned all over and cooked through. Remove and add to a medoim-sized bowl. Add 1 1/2 tablespoons of the spice mix to the chicken. If needed, add a bit more oil to the pan, and cook the onion until browned, about 4-5 minutes. Add the garlic and cook for a further minute. Return the chicken and spice mix, and the drained potatoes to the saucepan. Cook for a further minutes until all ingredients have mixed in together. Add in the sugar and salt, and stir. Remove from pan, and add back into the medium bowl. Leave to cool for about 10 minutes. Thaw out the puff pastry sheets, and cut each sheet into 9 squares. When the mixture has cooled a little, add a heaped teaspoon into the centre of one the pastry square. Fold square in half, and pinch edges together to form a triangle shape. Place triangles on an oven tray, and spray with oil. Cook for 10-15 minutes until golden brown.","Heat a large, heavy stockpot over medium-high. Add the minced peppercorn and cinnamon stick and bring to a boil. Reduce heat and cover and simmer for 25-30 minutes or until mixture is soft and sauce thickens. Remove chicken and discard seeds; cover and cook for 20 minutes longer or until sauce is thickened. Remove to a wire rack and cool completely on the racks. Discard seeds; cool. Serve and enjoy.",finetuned_top_k
415,Chicken Dish,1 chicken 1 stick butter 1 medium pkg. barbecue potato chips 1/2 c. grated cheese,Cut up chicken. Melt butter and dip chicken in butter. Roll in crushed potato chips; put in a flat pan. Sprinkle grated cheese on top of chicken. Drizzle remaining melted butter over chicken. Bake at 350° for 45 minutes to 1 hour.,Place meat in a 1 1/4 to 1 1 1-inch dish. Bake at 350° for 45 minutes.,finetuned_top_k
416,"Chicken Tenders, Tomatoes, and Broccoli",5 or 6 Chicken tenders 1 large Tomato 1/2 stalk Broccoli 1 dash Salt and pepper 1 Katakuriko 1 tsp Soy sauce 1 tbsp Oyster sauce 2 tbsp Water 1 tbsp Olive oil,"Boil the chicken tenders and cut into large bite-sized pieces. Coat in salt, pepper, and katakuriko. Cu the tomatoes into wedges. Cut the broccoli into small pieces, and boil (or use frozen broccoli.) Heat the olive oil in a frying pan, then lightly brown the surfaces of the chicken tenders from Step 1. Add the Step 3 broccoli together with the soy sauce, oyster sauce, and water. Simmer for about 1 minute. Add the tomatoes to Step 4, continue simmering for 2 or 3 minutes, and it's ready (be careful to simmer so that the tomatoes don't lose their shape).","Chop the chicken on the bone and cut the flesh into pieces. Cut the whole flesh into cubes and add them to a casserole dish along with all that chicken meat. Toss with the tomatoes, the Broccoli, potatoes, soy sauce, and water for the last layer. Bake at 350.",finetuned_top_k
417,Favorite Chili,"6 (16 ounce) cans kidney beans or (16 ounce) cans pinto beans, drained 2 (28 ounce) cans tomatoes (I buy the kind that are already chopped) 4 lbs round steaks, cut into bite sized pieces and browned 3 medium onions, coarsely chopped 2 green peppers, coarsely chopped 3 garlic cloves, crushed 4 -5 tablespoons chili powder (I usually add 5 Tbls.) 1 teaspoon pepper 2 teaspoons cumin salt 1 -2 tablespoon brown sugar (optional) 1 medium lindt dark chocolate bar, broken into pieces","Cut steak into bite sized pieces and brown in fry pan, until evenly browned on all sides. Put all ingredients in crock-pot in order listed. Stir once. Cover and cook on low 10 to 12 hours. (High:5 to 6 hours). Stir again when cooking time is completed to make sure chocolate is thoroughly blended in to chili.","Preheat oven to 425 degrees F. Drain kidney beans, but not add any excess water, reserving fat or liquid. Place beans in a large bowl and toss to coat evenly. Beat at low speed until light and fluffy. Add onions, peppers, garlic, chili powder, and brown cheese and mix well. Stir in the chili powder and 1 Tbl of the crumb. Fold in chocolate bar. Add the remaining ingredients, mixing well to form a crust. Sprinkle with chili powder mixture and the chocolate bar and set aside. Preheat the oven to 350 degrees F (175 degrees C). Spoon 1 taco mixture on each meat in the crust. Top each with 2 tortilla chips, then 3 tortillas. Bake meat until cooked through and heated through, 20 minutes. Meanwhile, heat",finetuned_top_k
418,Sweet Carrot Bread,1 egg 1/2 c. honey 1/3 c. melted butter (unsalted) 1 tsp. vanilla 1 1/2 c. grated carrots* 1 1/2 c. flour 2 tsp. baking powder 1/2 tsp. salt 1 1/2 tsp. cinnamon 1/2 c. raisins (optional) 1/2 c. chopped nuts (optional),*May substitute zucchini for carrots.,"Beat egg, butter, sugar and vanilla. Put in bowl and add 1/4 cup flour to creamed mixture. Fold in carrot, corn and raisin. Put 1 1 1 Tbs. of chopped nuts into baking pan and cover it with vegetable. Bake at 400° for 10 minutes and then turn oven off. Cover with remaining flour. Let stand for 10 to 15 minutes.",finetuned_top_k
419,Sweet and Savory Paninis,"1 (17 1/3 ounce) packagepepperidge farm puff pastry sheets (2 sheets) 1 egg, beaten 6 ounces cream cheese, softened 12 ounces thinly sliced maple-cured ham (about 18 slices) 1 cup baby arugula 1 large nectarine, seeded and cut into 12 slices","Thaw the pastry sheets at room temperature for 40 minutes or until they're easy to handle. Unfold 1 pastry sheet onto a lightly floured surface. Roll the pastry sheet into a 15 x 10-inch rectangle. Cut the pastry rectangle lengthwise into 3 (5 x 10-inch) rectangles. Brush the pastry rectangles with the egg. Repeat with the remaining pastry sheet. Spread 1 tablespoon cream cheese on the bottom half of each pastry rectangle. Top each with about 3 slices ham,about 2 tablespoons arugula leaves and 2 slices nectarine. Fold the top halves over the filling and press the edges to seal. Place each pastry packet one at a time into a panini maker and close the top. Cook for 6 minutes or until the panini is golden. Remove the panini to a baking sheet and keep warm in a 275F oven while the remaining paninis are cooked.","Preheat oven to 325 degrees. Spray bottom of 18x10x3-inch baking dish with nonstick spray. Place the pastry sheets on rack in a large preheated ovenproof or preheater 350F oven for 13 minutes, or until edges are a smooth brown. Grease a 13x9x1-inch pan lined with parchment paper. Preheat broiler on a medium high-plus heat. In a small bowl, cream the cream cheese and eggs. Beat in the bacon, maple-chickpeas, ham slices, arugulas, and nectar; blend into the cream mixture. Place pan in center of the oven and roast until a knife inserted into the center comes to rest lightly browned, 35 to 40 minutes. Place bread out of oven",finetuned_top_k
420,Crab Salad,"1 lb. crab, cooked or 1 lb. cooked seafood chunks 8 oz. pkg. cream cheese, softened 1/2 c. celery, chopped fine 1/4 c. onion 1 tsp. Worcestershire sauce 1 tsp. lemon juice","Mix all together, folding in crab last. Chill and serve on crackers.",Mix crab and pkg of cream cheese. Spread over crab. Top with celery. Lay over crab on a bed of lettuce and Parmesan cheese. Sprinkle Worcester sauce over all. Bake at 350° for 1 hour.,finetuned_top_k
421,Pot Roast Of Beef,"3 medium potatoes, thinly sliced 2 large carrots, thinly sliced 1 onion, sliced 1 tsp. salt 1/2 tsp. pepper 1 (3 to 4 lb.) boneless beef rump roast or brisket of shoulder 1/2 c. water or beef broth","Put vegetables in bottom of crock-pot. Salt and pepper meat, then put in pot. Add liquid. Cover and cook on low for 10 to 12 hours (on high for 5 to 6 hours). Makes 12 to 14 servings.","Boil potatoes and carrots, onions, salt, pepper and broth, stirring. Strain and discard fat. Heat beef roma or broth, simmer until hot and sauce thickens. Add potatoes and onions, and let simmer 15 minutes. Add beef and seasonings, and bring to a boil. Simmer 10 minutes or until thickened.",finetuned_top_k
422,Oatmeal Muffins,"1 13 cups flour 34 cup rolled oats 2 teaspoons baking powder 12 teaspoon baking soda 1 egg 34 cup milk 12 cup brown sugar 14 cup butter, melted and cooled 12 teaspoon vanilla","Pre-heat the oven to 400. Combine the flour, oats, baking powder, baking soda and salt. Create a well of the dry ingredients. In the well combine the egg, milk, brown sugar, butter and vanilla. Mix the dry ingredients into the centre until combined. Line a muffin pan and drop in batter. Bake for approximately 15 minutes (based on oven times may vary).","In a medium bowl, combine the flour, oats, oats and baking soda. Stir in the egg and milk. Press into an even layer and top with butter and vanilla. Bake at 325 for 1 hour and 15 minutes. Makes 3 muffins. Yields 1 dozen.",finetuned_top_k
423,Hot Chocolate,"2 cups milk 1 12 ounces semisweet chocolate, chopped",Place the milk and chopped chocolate in a saucepan over medium heat and whisk periodically until the mixture reaches the boiling point and is foamy. Pour the hot chocolate into two cups and garnish with a dollop of whipped cream and a dusting of cocoa powder or grated chocolate.,"In a bowl, stir together milk, chocolate, and semisetweet chocolate. Spread over a bowl. Add melted butter. Cover, and refrigerate at least an hour. Place on a wire rack in the refrigerator 20 minutes to an hour before serving.",finetuned_top_k
424,Tater Tot Venison Casserole,2 lbs ground venison 2 (10 1/2 ounce) cans cream of chicken soup 2 (14 1/2 ounce) cans French style green beans 1 medium onion 1 (32 ounce) bag frozen tater tots (I use extra crunchy) 2 cups shredded monterey jack cheese salt pepper minced garlic,"Preheat oven to 350°F. Dice onion and brown venison with the onion, salt to taste, pepper to taste and garlic to taste. Put cooked venison in casserole dish. Drain green beans and layer on top. Layer the 2 cans of soup on top of that. Sprinkle cheese on next layer. Top with frozen tater tots ( I usually let mine set out while I am preparing the venison so they are not so frozen). I usually don't use the whole bag. Just enough to cover the top with one full layer. Cover with aluminum foil and cook 350°F for an hour. Uncover and cook an additional 15 minutes or until tots are browned and crispy. I then salt, pepper the top, but that is up to your taste.","Mix all the ingredients together, except the tater Tot. Cover with foil and bake at 350 degrees (200 degrees C). for 1 hour. Pour over the pasta. Bake in 4 1/4-quart baking dishes.",finetuned_top_k
425,Mother's Mayonnaise Dressing Recipe,2 Large eggs 1 c. sugar 1/2 c. vinegar 2 tbsp. flour 1 tbsp. butter 1 teaspoon salt,"Beat Large eggs. Add in sugar, vinegar, flour, butter and salt. Mix well and cook till thick. Beat well. If too thick, add in a little lowfat milk or possibly cream. Makes about 2 c..",Bring 2 eggs into large saucepan. Cook 5 minutes on low heat. Add sugar; Stir. Add vinegar and flour. Cook 1 minute (turn off heat). Add sugar. Cook 30 seconds on high heat. Stir in yeast and add water to cover. Simmer covered five minutes; turn off heat. Pour into prepared saucepan (9 x 13-inch). Serve hot.,finetuned_top_k
426,Macadamia Nut Brittle,"1 c. sugar 1/2 c. corn syrup 1 c. roasted Macadamia nuts, chopped 1 Tbsp. butter 1 tsp. vanilla 1 tsp. baking soda","Combine sugar, syrup, and nuts in a microwave safe container. Microwave, covered on HIGH for 3 minutes. Add butter and vanilla and microwave on HIGH for 1 minute. Add baking soda and stir until foamy and smooth. Pour into a large greased tupperware container and cool for 1 hour. When hardened, remove from tupperware, crack, and serve.","Combine sugar, syrup and nuts; mix well. In a medium bowl, combine dry macadamia, melted butter and vanilla. Stir in apples and nuts, stirring. Pour into greased 10 x 9-inch baking dish, cover with baking spray. Bake for 35 minutes or until firm. Cool on wire rack in tin. Store leftover macadamias in refrigerator in sealed container. Makes 7 to 8 servings.",finetuned_top_k
427,Company Chicken,any 6 good size pieces chicken 1 can condensed cream of mushroom soup 1 c. heavy cream (don't cheat and use milk; the cream makes the difference) salt and garlic salt paprika chopped parsley,"Salt and garlic salt the chicken pieces a bit, then paprika it thoroughly. Spread chicken out in one layer in a shallow baking pan. Dilute the soup with the cream; pour it over the chicken. Sprinkle the chopped parsley (generously) on the top. Bake, uncovered, at 350° for 1 1/2 hours.","cook the chicken according to package directions. add about 6 cans condensed cream (the mixture will take to your mixing bowl at this point) and salt and season to taste. mix with 1 c of condensed cream; mix well. add the rest of the chicken and seasoning to taste, mix well and serve.",finetuned_top_k
428,Pistachio Salad,1 small pkg. jello instant pistachio pudding miniature marshmallows 1 (15 1/2 oz.) can crushed pineapple 1 small container Cool Whip,Mix well; chill. Very attractive salad; great for holiday buffets.,Mix pudding with marshmere and put in a 9 x 13-inch pan. Bake at 350° for 45 minutes or until heated through.,finetuned_top_k
429,Fresh Borlotti (Or Cranberry) Bean Salad,"1 pint Cherry Tomatoes 2 Tablespoons Olive Oil, Divided 2 cloves Garlic, One Minced, One Thinly Sliced, Divided Use 2 cups Fresh Shelled Borlotti Or Cranberry Beans 1 cup Water 1/4 teaspoons Freshly Ground Black, Plus More To Taste 1/4 cups Red Wine Vinegar 1-1/2 Tablespoon Fresh Lemon Juice 1 teaspoon Honey 1/2 teaspoons Kosher Salt, Plus More To Taste 1/2 cups Olive Oil 1 Tablespoon Pesto 1/4 cups Sun-dried Tomatoes, Chopped 1 Tablespoon Fresh Basil, Coarsely Chopped","For roasted cherry tomatoes: Preheat oven to 325 degrees. Cut cherry tomatoes in half. In medium bowl, mix cherry tomatoes, one tablespoon olive oil and minced garlic. Transfer to a rimmed baking sheet or pan, sprinkle with salt and pepper. Bake 45 minutes, then set aside and let cool. For Borlotti beans: Over medium-low heat, cook sliced garlic and 1 tablespoon of olive oil until garlic is fragrant, about a minute, stir in Borlotti beans to coat in oil. Add water and 1/4 teaspoon ground pepper and simmer, covered, until beans are soft but not falling apart, about 30 minutes. Remove from heat, salt to taste. Using slotted spoon, transfer beans into large bowl and cool. ( NOTE: If using canned beans, saute garlic in oil, add drained beans, stir, coat with oil and cook until warmed through. Add salt and pepper.) For red wine vinaigrette: Mix red wine vinegar, lemon juice, honey, 1/2 teaspoon salt, and pepper to taste in a blender. With the machine running, gradually blend in the 1/2 cup of olive oil and then the pesto. For the salad: In bowl with beans, add roasted tomatoes, sundried tomatoes, chopped basil and enough vinaigrette to coat (or to taste, I probably used less than half of the amount for the batch of beans.) Toss well and serve. Adjust seasonings.","Preheat the oven to 250 degrees F. Lightly oil a 6-by-6-inch baking tray. Light fry the garlic in the olive oil. Add the garlic and basil and toss to coat the garlic mixture until fragrant, about 10 minutes. Scrape under cool running water and heat to shimmer. Add your tomatoes, red wine vinegar, lemon juice, honey, Kosher salt, and 1 cup of remaining dressing. Fry gently 4 minutes or until peppers begin to soften and the tomatoes come out clean. Spoon dressing over the tomatoes and serve warm. Yield: 4 servings.",finetuned_top_k
430,Mexican-Style Chocolate Bananas,"13 cup bittersweet chocolate chips 14 teaspoon ground cinnamon 2 medium bananas, each cut into 8 pieces","Heat chocolate in skillet over low heat till melted, about 2 minutes. Add cinnamon and stir to combine. Coat end of each banana piece with chocolate mixture. Plate on plate, chocolate end up. Repeat with remaining pieces, coating pointed ends of the 4 tips. Serve or place in refrigerator until chocolate hardens, about 15 minutes.","Cook the chocolate chips in a saucepan until almost pureed, stirring constantly. Drain the chocolate pieces. Combine the bananas with the remaining ingredients and stir to blend.",finetuned_top_k
431,Brown Sugar Meringue With Caramelised Banana Recipe,"4 x Egg Whites 125 gm Granulated Sugar 125 gm Demerara Sugar 4 x Ripe Banana 2 Tbsp. Light Muscavado Sugar 75 ml Rum, (optional)","1. Preheat oven to 110 c / 225 f / Gas Mark 1/4. 2. Whisk egg whites till stiff, gradually add in the sugar - beating in between each addition. 3. Place baking parchment on baking sheet and spoon 12 meringues on and bake for 3 1/2 hrs. Remove and cold. 4. Slice bananas and place in a frying pan. Sprinkle over the sugar and the rum (optional) and cook till browned and tender - 3 to 5 min. 5. Serve with the meringues.","Combine sugar, Demeras sugar and flavoring. With a blender, add rum, Muscava sugar and Rum mix. Place in glass pan that has a depth of 20cm. Mix Banana, rum, 1/2 tsp Nutella and place on pan of the syrup before baking. Make some small cakes for dessert. Pour 1/3 cup batter into pan and bake for 20 to 30 minutes.",finetuned_top_k
432,Peanut Butter Balls,1 c. chunky peanut butter 1 c. plus 3 Tbsp. powdered sugar 3 Tbsp. heavy whipping cream 1/2 c. miniature semi-sweet chocolate chips,"Place peanut butter in a medium glass bowl. Microwave on High for 30 to 40 seconds to soften. Stir in 1 cup powdered sugar; add the cream until well blended. Add chocolate chips and stir until well mixed. Roll the peanut butter cream into 1-inch balls. Sift remaining powdered sugar over the balls and roll them in sifted powdered sugar. Store, covered, in the refrigerator. Yield: 28 Peanut Butter Balls.","Combine peanut butter, powdered sugar and heavy whipping. Combine chocolate until blended; roll in remaining chocolate. Shape into balls; spread evenly on cookie sheet. Put in a greased, floured 13 x 9-inch pan. Bake at 300° for 10 to 12 minutes or until puffy.",finetuned_top_k
433,Fast and easy popcorn Recipe Peng An,A brown paper lunch bag 1/3 cup popcorn kernels A stapler,Put kernels in the bag and fold the top over twice (1 inch folds each time). Staple the top of the bag shut with two staples at least two inches apart. Place bag in microwave for 1 2 minutes or until you hear that all kernels have popped. Open bag and pour popped corn into a bowl. Sprinkle soy sauce and then curry powder.,"Spread popcorn kernels on paper bag. Put a paper bag on top of the popcorn kernels. Cover with plastic wrap, let rest, for 30 minutes. Cut a 3mm cross by 1mm and pour on popcorn kernels and roll over.",finetuned_top_k
434,Filet Wrapped Asparagus With Char Siu Sauce,"2 Filet Mignons 3 teaspoons Sesame Oil 2 tablespoons Oyster Sauce 1 teaspoon chili oil 16 asparagus spears 8 ounces Brown Mushrooms 1 Clove garlic 1/2 cup Red bell pepper, chopped fine 2 tablespoons Olive oil 2 tablespoons Hoisin sauce 1 tablespoon soy sauce 1 tablespoon Rice wine 2 tablespoons honey 1 teaspoon sugar 1 teaspoon Oyster sauce 1/2 teaspoon Chili oil","Directions To make the Char Siu sauce, combine hoisin sauce and remaining 6 ingredients in a small bowl and whisk well. Heat the sauce in a small sauce pan on low for about 10 minutes. Set aside and keep warm. Cut the filet lengthways in 4 long thin pieces. Using a meat mallet, pound the beef thin to about 1/8 inch thickness. Cut each thin slice in half. You should have 16 pieces. To marinade the beef slices, mix 2 teaspoons of the sesame oil, oyster sauce and hot chili oil together in a medium sized bowl. Add the beef slices and marinate for at least 15 minutes. Season with kosher salt and pepper. Meanwhile, blanch the asparagus in boiling water for about 45 seconds. Drain and put in an ice bath. Drain again and set aside. In a large saute pan, add 1 teaspoon sesame oil and heat to medium heat. Add the mushrooms and cook for about 4 minutes. Add the red bell peppers and garlic and cook for about 2 minutes. Set aside but keep warm. Remove the meat slices from the marinade. Wrap a piece of beef around each piece of asparagus. Heat 2 tablespoons olive oil in a large saute pan. Add the beef rolls seam side down to the pan. Cook, turning after about 1 minute or when beef is cooked to desired doneness. Transfer the beef rolls to a platter. Spoon the mushroom mixture over the top of the beef rolls and drizzle with about 1 tablespoon the char siu sauce. Save the rest of the char siu sauce for another time.","Preheat the oven to High or highi. Spray a 12-inch square baking sheet with Pam & Grate. In a medium bowl mix the oil, chili oil, asparaglios, garlic, bell pepper and red peppers. Arrange aspar aglo on top & bake for 18-20 minutes until golden brown. In another bowl sprinkle with minced green onions. Cool on rack on rack for 10 minutes. Remove to a wire rack to cool slightly.",finetuned_top_k
435,Grilled Hanger Steak with Mushroom Demi-Glace,"4 pounds trimmed hanger steak, cut into 8-ounce portions (hanger steak is a very tender cut of which there is only 1 per animal, aka hanging tender or bistro steak) Salt and pepper 1/8 cup vegetable oil 2 onions, finely diced 2 cloves garlic, finely chopped 1 1/2 pounds mushrooms, cleaned and sliced 2 cups Merlot wine 3 cups demi-glace","Heat grill and season meat on both sides with salt and pepper. In a 2-quart saucepan, heat oil and add onions, garlic and mushrooms, sauteing until translucent. Add wine and cook until reduced by half. Meanwhile sear meat on both sides, and grill to about 128 degrees F internal temperature on an instant-read thermometer for medium-rare. Remove meat from grill and let rest. Whisk demi-glace into wine reduction and adjust seasoning of sauce with salt and pepper, as needed. Spoon the sauce over the grilled steaks and serve.","Place the hanger steaks in a 12- to 16-quart nonreactive resealable plastic bag. Heat oil in a large heavy skillet stirring constantly. Add onions; heat until brown and fragrant, about 3 minutes. Add garlic and mushrooms; stir till hot. Add wine; bring to a boil; simmer until wine is reduced by half and mushrooms start to shrink, about 1 minute. Stir in demi glace, mushrooms and wine. Serve immediately garniage with wine.",finetuned_top_k
436,Scalloped Carrot Casserole,2 lb. carrots 2 Tbsp. butter 2 Tbsp. flour 3/4 tsp. dry mustard 1/2 tsp. salt 1/4 tsp. paprika 1/8 tsp. pepper 2 c. milk 1/4 c. Velveeta cheese 1/2 c. French fried onions,"Chop and boil carrots until almost done, then drain. Melt butter, mustard and all dry ingredients in saucepan. Add milk. Then cook on medium-low, stirring until thick and bubbly. Stir in cheese. Melt. Combine mix with carrots. Put in casserole dish. Cover with French fried onions. Bake 30 minutes at 350°.","In a large oven-proof casserole dish, combine carrots and butter in a small bowl. Cover and bake at 350° for 30 minutes or until tender.",finetuned_top_k
437,Easy baked mac and cheese,2 cup elbow macaroni 1 1/2 cup large curd cottage cheese 2 cup velveta cheese 2 tbsp butter 2 cup boiling water,"preheat oven to 350F grease medium glass pyrex dish add uncooked elbow macaroni to dish spread cottage cheese ontop of uncooked macaroni cut velveta cheese into cubes and arrange ontop of cottage cheese top with butter before putting in oven add the 2 cups boiling water to dish ***do not stir*** bake uncovered 30-40 minutes, stiring halfway through after cook time let sit about 5 minutes, enjoy!","Preheat oven to 400 F (165 C). Grease the baking tray. In a double boiler, heat the butter and cook macaronis until almost tender, about 5 minutes. Add cottage cheese, cottage cheese and 1 tbsp water to cook until smooth. Stir in velvetta cheese and boiling water. Let set and refrigerate for 5 minutes until cooked. Remove from the refrigerator.",finetuned_top_k
438,Sunkist Cremesicle,1/4 cup heavy whipping cream 1 cup diet orange soda ice (optional),"Pour the cream into a pint glass. If you want, put some ice cubes in next to make it cooler. Pour the sunkist in and stir it up until it is well blended. Drink and enjoy.","Beat the first 2 ingredients together in a saucepan. Cover and simmer, covered, 1 hour or till the sauce thickens. To prepare the second recipe, substitute 1 tbsp of orange juice for 2 tbsp. of diet soda.",finetuned_top_k
439,Peanut Butter Balls,3 boxes 4x sugar 1 lb. butter 2 c. peanut butter 2 tsp. vanilla extract,"Mix ingredients by hand and form balls. Chill. With toothpicks, dip balls in mixture made with 6 ounces semi-sweet chocolate and 1/4 square of household paraffin wax melted in double boiler. After dipping balls, place on wax paper to dry. If finger print shows, not enough wax.","Melt butter. Add flour, sugar, vanilla and peanut butter. Mix in nuts.",finetuned_top_k
440,Easy Marinade For Bbq Recipe,1 c. soy sauce 1 c. water 1/2 c. brown sugar 2 tbsp. oil,Place in deep dish. Combine ingredients; pour over top and place in refrigerator for 1 hour. Then broil or possibly place on grill.,"Combine all ingredients except the bbq flour, blend well. Add more water as needed. Cook at 375° for 4 to 6 hours on low heat, until bb qe is tender and still moist. Serve hot.",finetuned_top_k
441,Raclette-and-Potato Gratin,"2 tablepoons unsalted butter 2 tablepoons all-purpose flour 1 cup whole milk 1 1/2 tablepoons whole-grain mustard Kosher salt Pepper 1 pound fingerling potatoes, scrubbed but not peeled, then sliced 1/8 inch thick (4 cups) 3/4 cup heavy cream 1 teaspoon chopped rosemary 1/4 pound raclette cheese, coarsely shredded (1 cup) 12 cornichons, sliced","In a medium saucepan, melt the butter. Add the flour and cook over moderately low heat, whisking, until light golden, about 3 minutes. Whisk in the milk and bring to a simmer, whisking frequently. Cook, whisking, until the sauce is thick enough to coat the back of a spoon, about 5 minutes. Scrape the bechamel into a medium bowl, whisk in the mustard and season with salt. Let cool completely. Preheat the oven to 350. In an 8-by-11-inch baking dish, toss the potatoes with the cream, rosemary, 2 teaspoons of salt and 1/4 teaspoon of pepper; mix well. Cover and bake until the potatoes are tender when pierced, about 30 minutes. Uncover and bake until the cream reduces and thickens, about 15 minutes. Spoon the bechamel over the potatoes and bake for about 10 minutes, until golden and bubbly. Scatter the raclette cheese on top and bake for 5 minutes longer, until melted. Let stand for 10 minutes, then top with the cornichons and serve hot.","Preheat the oven to 400 degrees F. In a medium bowl, melt the butter and stir in the flour; set aside. With a whisk, whisk together the milk and mustard. Add the potato and stir into the batter; add all the potatoes and mash with a whisk until completely coated. Refrigerate the potato mixture, covered, at least 2 hours or overnight, stirring occasionally. Place the potato mix into a colander, and season evenly with salt and pepper. Season with salt, and toss with the ricotta. Transfer the tomatoes, raclette, cream, rosemary, rose, and the raclette to the refrigerator. Season the ricosa with salt only; then transfer to a heavy serving bowl and sprinkle with the reserved potatoes.",finetuned_top_k
442,Pineapple Salad,"1 large can pineapple chunks, drained 24 marshmallows, cut in half 2 Tbsp. flour 2 Tbsp. sugar 1/4 tsp. salt 1 beaten egg 3 sliced bananas 1/2 c. nut meats","Combine pineapple chunks and marshmallows in large bowl. In saucepan, combine pineapple juice, flour, sugar, salt and beaten egg. Cook until thick; cool. Pour over pineapple and marshmallows. Refrigerate for several hours. Before serving, add bananas and nuts. White grapes are good in it too.",Mix pineapple chunks and marshmills. Mix ingredients. Add into bowl. Mix nuts and nut meats; mix well. Drop fruit cocktail by tablespoonfuls in glass or plastic bowl.,finetuned_top_k
443,Best Homemade Brownies,"1 cup Butter (salted) 2 cups White Sugar 4 whole Eggs, Beaten 2 teaspoons Vanilla Extract 2/3 cups Unsweetened Cocoa Powder 1 cup Flour 1/2 teaspoons Salt 1/2 teaspoons Baking Powder","Preheat the oven to 350 degrees (F). Grease and flour an 8x8 inch pan. In a large saucepan, melt the butter. Once melted, remove the saucepan from heat. Stir in sugar, eggs and vanilla. Beat in cocoa, flour, salt and baking powder with a whisk. Spread the batter into the greased/floured pan and bake for 25-30 minutes. Make sure to not over-cook! Enjoy!","In a bowl, warm the butter until smooth and creamy. Stir in the sugar and eggs; beat well. Set aside. In a saucepan, melt the brownies. Boil them for 5 minutes, stirring every 10 minutes. Remove from heat and cool completely on a warm plate. Let cool completely and then use for dipping.",finetuned_top_k
444,Lightened-Up Chicken Salad Sandwiches,"2 cups Shredded, Cooked Chicken 13 cups Seedless Red Grapes, Quartered 13 cups Cucumber, Peeled And Diced 13 cups Plain Greek Yogurt 1 teaspoon Lemon Juice 1 pinch Salt And Pepper, to taste 8 slices Pumpernickel Bread","1. In a large bowl, mix chicken, grapes, cucumber, Greek yogurt, lemon juice, salt and pepper until combined. 2. Toast the slices of pumpernickel bread in a toaster, or spread the pieces out on a sheet pan and broil on high for 1-2 minutes. 3. Spread 1/4 of the chicken salad on 4 of the slices of pumpernickel bread and put another pumpernickel slice on top to round out the sandwich.","Combine shredded chicken and seedless red grapes in a bowl and mix well with another mixing spoon. Add cucumber mix to chicken mixture bowl with your favorite color (green for vegetarians or red green for vegans). Cover with plastic wrap, refrigerate until desired, at least 24 hours. Preheat a griddle or pie pan in the center of the oven and add in poultry mixture, sprinkle with salt, pepper and lemon juice (for vegetarians). Bake uncovered 5-10 minutes or until the green veggies are tender. For a more flavorful salad, heat peanut oil in a large saucepan over medium heat and saute onions until translucent, about 5-7 minutes. Serve hot or at room temperature with bread. Serves 6 to 8.",finetuned_top_k
445,Refrigerator Rolls,"3/4 c. shortening 1 Tbsp. salt 1 c. hot water 2 pkg. dry yeast or 2 yeast cakes, dissolved in 1 c. lukewarm water 1/2 c. sugar 2 eggs 7 c. sifted flour","Pour cup of hot water on shortening. Add salt and mix. Cool until lukewarm. Beat eggs and sugar together and add to water and shortening, mix well. Add yeast that was dissolved in water. Slowly add flour, mix well. Place in greased bowl, let rise until doubled in size. Punch down, knead until smooth. Return to bowl, grease top, cover and place in refrigerator until ready to use. Shape into dinner rolls or cinnamon rolls, also makes great sausage rolls. Let shaped rolls rise until double in size. Bake at 400° for 12 to 15 minutes (I bake mine at 375°).","Combine first six ingredients; bring to a boil. Reduce heat and simmer, uncovered, for 20 minutes. Remove from heat. Mix yeast, sugar, eggs and flour in a bowl. Cool. Add dry yeast, 3/8 full, to yeast mixture, beating after each addition.",finetuned_top_k
446,Banana Cream Pie,1 pie shell 1 2/3 c. water 3 egg yolks 1 tsp. vanilla 3 Tbsp. cornstarch 1 can Eagle Brand milk 2 Tbsp. butter 3 bananas,In a heavy pan dissolve cornstarch with water. Stir in milk and egg yolks. Cook and stir until thick. Remove from heat and add vanilla. Cool slightly. Slice bananas in bottom of pie shell. Add pudding mix on top of bananas. Chill 4 hours.,"Cream 1 egg yolk until soft. Add milk, 1 egg, vanilla and cornstacy milk. Cream together until light and fluffy. Fold in flour. Refrigerate until pie begins to brown.",finetuned_top_k
447,Mom'S Gingerbread,2 eggs 6 Tbsp. melted shortening 1/2 tsp. ground cloves 3 c. flour 1 1/2 c. hot water 2 c. dark molasses 2 tsp. ginger 1 tsp. allspice 2 tsp. soda 2/3 c. sugar,"Mix eggs, molasses, shortening and sugar together, then add ginger, cloves, allspice and flour. Mix soda and water and add to mixture and mix well with other ingredients. Pour into greased and floured 13 x 9 x 2-inch pan. Bake at 350° for 35 minutes.","Beat eggs in large bowl until slightly stiff and mixture dissolves. Scrape bowl and set aside. In a short, butter-sized bowl, beat butter and margarine until foamy. Remove from heat; stir in spices, sugar. Gradually beat in beaten-and-softened eggs until well blended. Pour mix into a greased 13 x 9-inch ovenproof casserole dish. Sprinkle with cinnamon (optional). Bake at 325° for 35 to 40 minutes until a toothpick inserted in center comes out clean, pierced with a fork. Cool 5 minutes. Makes about 3 dozen. Yield: 8 cups.",finetuned_top_k
448,Chicken Salad,"4 c. small shell macaroni, cooked and drained 1 chicken, cooked and cut into chunks (may use 4 breasts) 1 small onion, chopped handful of celery leaves 1 c. celery, sliced basil, tarragon and lemon juice to taste mayonnaise sour cream",Combine equal parts of mayonnaise and sour cream (light or fat free is fine). Add to other ingredients and mix well. Chill.,"Cut chicken and put on top of soup and dressing. Cover with chicken and cook until done. Cut onions and celery into cubes. Cut celery in chunks. Arrange the vegetables in a casserole dish lined with plastic containers. Cook the onions, celery and onion cubes in 2 tablespoons of the mayonnaiser. Stir on all the remaining can of mayo and pour the sauce over the vegetables. Bake at 350° for 15 minutes or until golden brown.",finetuned_top_k
449,Crispy Chocolate Ice Cream Mud Pie,"12 cup Hershey's syrup or 12 cup hershey's whoppers chocolate malt syrup 13 cup hershey's special dark chocolate chips or 13 cup Hershey's semi-sweet chocolate chips 2 cups crisp rice cereal 4 cups vanilla ice cream, divided 4 cups chocolate ice cream, divided additional Hershey's syrup or hershey's whoppers chocolate malt syrup","1. Butter 9-inch pie plate. 2. Place 1/2 cup chocolate syrup and chocolate chips in medium microwave-safe bowl. Microwave at MEDIUM (50%) 45 seconds or until hot; stir until smooth. Reserve 1/4 cup chocolate syrup mixture; set aside. Add cereal to remaining chocolate mixture, stirring until well coated; cool slightly. 3. Press cereal mixture, using back of spoon, evenly on bottom and up sides of prepared pie plate to form crust. Place in freezer 15 to 20 minutes or until crust is firm. Spread half of vanilla ice cream into crust; spoon reserved 1/4 cup chocolate syrup mixture over layer. Spread half of chocolate ice cream over sauce. 4. Top with alternating scoops of vanilla and chocolate ice cream. Cover; return to freezer until serving time. Drizzle with additional syrup just before serving. 8 servings.","Cream all 3 ingredients. Beat in 1/3 cup milk, 1/4 cup chocolate (mix), and 1/2 stick butter over low heat until smooth. Combine remaining chocolate chips, rice cereal, vanilla ice mix, melted butter, and ice cream. Pour into shallow baking dish. Bake for approximately 90 minutes or until a toothpick inserted in center comes out clean. Serve with whipped topping.",finetuned_top_k
450,Strawberry Cake And Icing,"1 box white cake mix 4 eggs 3/4 c. Wesson oil 1/4 c. water 3/4 c. strawberries, save juice 1 small pkg. strawberry jello",Mix together all ingredients for 4 minutes. Pour into 3 round cake pans or an oblong 13 x 9 inch pan and bake at 325° for 30 - 40 minutes.,"Mix cake mix and egg whites. In mixing bowl, add chopped strawberries. Add oil and water. Pour over crust, mixing until it forms. Pour remaining mixture over cake, filling completely. Sprinkle remaining strawberry jellies over batter. Bake at 400° for 45 minutes. Cool 20 minutes before making whipped topping. Makes approximately 12 dozen.",finetuned_top_k
451,Peas With Sesame Dressing,"1 pound fresh sugar snap peas, trimmed 3 cups fresh or frozen peas, thawed 2 tablespoons rice vinegar 1 tablespoon brown sugar 1 tablespoon sesame oil 1 tablespoon reduced-sodium soy sauce 1 teaspoon salt 1/2 teaspoon pepper","In a 6-qt. stockpot, bring 8 cups water to a boil. Add sugar snap peas; cook, uncovered, 1-2 minutes or just until crisp-tender. Add remaining peas during the last 30 seconds of cooking. Drain and immediately drop into ice water. Drain and pat dry. Transfer peas to a large bowl. In a small bowl, whisk the dressing ingredients until blended. Pour over peas; toss to coat. Using a slotted spoon, serve peas at room temperature.","In a shallow dish, combine the 2 tablespoons soy sauce, 2 tablespoons vinegar, 2 cups peas and sesame seed mixture in a medium bowl. Add the sugar snap or peas; toss to blend. Pour sauce over peas and toss to coat evenly. Drizzle with salt, pepper and salt mixture; drizzle with remaining bean mixture. Bake at 350 degrees for 25 minutes or until tender; cool at room temperature. Place peas in a casserole dish; top each with about 1 teaspoon dressing. Sprinkle with remaining 1/4 cup soy sauce and chopped sesame. Bake 40 minutes more or until peas are done. Serves 6.",finetuned_top_k
452,Pulled Pork and Goat Cheese Quesadillas,"2 tablespoons vegetable oil, plus more for brushing 1 small green bell pepper, cut into strips 1 small red bell pepper, cut into strips 1 large jalapeno, thinly sliced 1 small onion, finely chopped 3 garlic cloves, minced 2 reserved braised pork shanks, meat pulled from the bones and thinly sliced 1/2 cup pork gravy (from braised pork shanks) Eight 8-inch flour tortillas One 5-ounce log of fresh goat cheese, softened","In a large, deep skillet, heat the 2 tablespoons of vegetable oil. Add the bell peppers and cook over moderately high heat, stirring, until softened, about 10 minutes. Add the jalapeno, onion and garlic, cover and cook over moderate heat, stirring occasionally, until softened, about 5 minutes. Add the Braised Pork Shanks and gravy and cook for 3 minutes longer. Arrange the tortillas on a surface and spread a thin layer of goat cheese over each one. Spoon the pork and bell pepper mixture over the goat cheese and fold the tortillas in half. Brush the tortillas with oil. Heat 2 large skillets and preheat the oven to 300. Working in batches, cook the tortillas over moderate heat, turning once, until crisp, about 7 minutes. Transfer the quesadillas to a baking sheet and keep warm in the oven. Cut the quesadillas in half and serve right away.","Preheat the grill or broiler to medium high heat. Put the oil and green pepper strip in a medium bowl; mix with a fork, then season with salt and pepper. In a large bowl, combine the bell pepper and red bell peppers; season with minced onion, garlic, and remaining ingredients. Place the grated pork in the grill; sprinkle with bacon, ham, and a sprinkle of cheese. Meanwhile, in a large mixing bowl, whisk together all the dry ingredients. Stir in the goat cheese. Cook for about 20 minutes until it releases all of the flavor. Serve over the pork. For additional flavor, serve the tortillas over the meat.",finetuned_top_k
453,Kit Kat's Frittata,"3 large potatoes 6 eggs 2 garlic cloves 1 small onion (I use medium sized pickleing onions) 34-1 cup cheese, grated 1 -2 teaspoon dried herbs salt and pepper","Note: I use non-stick teflon coated pans, I find that these produce the best results and I need little or no oil. Peel and cut potatoes into 1cm cubes and boil until al dente (I use the microwave for this). Finely dice garlic and onion and fry until translucent. Crack eggs and whisk lightly. Drain potatoes and fry, bake or grill until light golden brown (like you are cooking fries). Mix cheese and herbs in a large bowl and season. Add the potatoes, garlic and onion to the cheese and mix through. Add the whisked eggs to the mix and fold through. Heat a large non stick frying pan and pour in the mixture. (It may be a good idea to make 2 smaller frittate with this amount of ingredients, as you will then have room to scrape into sides as they cook and you will have more room to turn the frittata). Turn the heat down quite low, otherwise the base will get burnt. Scrape the sides of the frittata into the middles as they cook, the raw egg will move to the edges and you can repeat the action. When the frittata has cooked around the edges and there is only a section in the middle left uncooked, place under a hot grill until nice and golden. You may like to sprinkle cheese over the top while under the grill. The best way to remove the frittata from the pan is to slide it out onto a warm plate, this is why I insist on using non-stick pans Slice like you would a pizza and serve. Personally I like the frittata warm but not hot, but its also great cold. Variations: as I have said, it is so easy to vary this dish, here are some suggestions -- pumpkin and sweet potato (cooked in the same way as the potato, diced squash, zucchini, tomato, aubergine (eggplant), corn, mushrooms or broccoli. To turn it into a non-vego dish, add some diced ham/bacon (fry a little in the pan), shredded chicken or turkey or even some flaked fish. I have even used tofu on occasion. Yet another example of how versatile this dish is, change your seasonings; whisk in with the eggs some curry powder, cajun spices or some freshly chopped chilli. Enjoy, I believe alot of the joy of this dish comes from the cooking process itself.","In a bowl, bring together the potatoes and eggs. Add the garlic, onion and the garlic; blend well. In a skillet, melt the egg yolk to your desired consistency. Set aside for serving. Place half of the cheese on top of the eggs; add the mixture. Arrange the top pieces in a single layer on skewers. Bake at 350° for 1 1/2 hours. Serves: 8 to 10.",finetuned_top_k
454,Broken Glass Cake,1 1/2 cups graham wafer crumbs 1/2 cup brown sugar 1/2 cup butter or 1/2 cup margarine 1 (3 ounce) package lemon Jell-O gelatin 1 (3 ounce) package lime Jell-O gelatin 1 (3 ounce) package strawberry Jell-O gelatin dessert or (3 ounce) package raspberry Jell-O gelatin 1 envelope of knox unflavored gelatin 1 cup pineapple juice 2 envelopes Dream Whip 1 cup crushed pineapple,"Melt butter, stir in crumbs and brown sugar, and press into an ungreased 9 x 13"" pan. Bake at 350 degrees for 10 minutes. Prepare Jello as directed on package, and pour into three separate shallow pans to set. Dissolve one package of plain Gelatin in 1/4 cup cold water. Heat one cup of pineapple juice, and add to gelatin. Cool until syrupy but do not let set. Whip together 2 packages of Dream Whip according to the directions on the package. Add to the pineapple mixture. Cut Jello into cubes and add to mixture along with one cup of crushed pineapple. Mix all together and pour on graham crust. Chill until set.","Spread the crumbs in a 9 x 13 x 4-inch baking dish. Mix together the dry ingredients. Add the lemon Jello Gelatin and dissolve in the 2 teaspoons of whipped cream. Spread over the crumb mixture. Chill until firm. Combine Jell Beam gelatin, Dream Whip and crushed pineapple. Pour into 8-inch (ungreased) tart pan. Combine the 2 pkg. pectin in a separate container but put in a bowl or dish. Cool completely, then refrigerate. Roll out and freeze.",finetuned_top_k
455,Cheesy Potato Gratin,2 lbs idaho potatoes (peeled and thinly sliced) 12 teaspoon salt 12 teaspoon white pepper 14 cup snipped chives (fresh) 14 minced onion 1 12 cups blue cheese (crumbled) 1 cup freshly grated parmesan cheese 1 cup milk 1 garlic clove (minced),"Preheat oven to 350 degrees F. Grease 2-quart rectangular or oval baking dish about 14x8x2 inches. Overlap one-third of potato slices in one layer in baking dish. Sprinkle with one-third of salt, pepper, chives and cheeses. Repeat layers two more times. Combine milk and garlic; pour over potato layers. Bake 1 1hr 25mins or until potatoes are tender and golden brown and liquid is absorbed.",Mix all ingredients together. Pour into a bowl and chill.,finetuned_top_k
456,Roasted Duck with Orange Ginger Glaze,"1 (2-pound) duckling Salt and pepper 1 tablespoon sugar 1 tablespoon water 2 tablespoons dry white wine 1 tablespoon cider vinegar 2 ounces orange juice 2 tablespoons freshly chopped ginger 16 ounces duck, beef, or chicken stock 2 oranges, supremed","Preheat oven to 375 degrees F. Begin by placing the duck breast side up on a baking rack. Season with the salt and pepper, and roast until the juices run barely pink, about 45 minutes. Remove the duckling from the pan and set it aside. Degrease the pan drippings by skimming off the top layer. To prepare the sauce, combine the sugar and water and caramelize carefully. Add the wine, vinegar, orange juice and ginger. Mix them well and reduce by half. Add the stock and bring to a boil. Add the pan drippings, reduce the heat and simmer until sauce reduces by half. Once sauce is done, strain it through a cheesecloth or fine strainer and set aside. To serve, place the duckling on a large serving tray. Add the orange segments on top and around the duck, and pour the sauce over the duck.","Combine the orange juice, wine, vinegar, ginger, and black pepper in a large pan; cover with foil and simmer over medium-low heat 30 minutes until the duck is done. Serve immediately.",finetuned_top_k
457,Potato Hash,"diced potatoes chopped onion (medium size) 2 Tbsp. parsley 1 beef broth cube salt and pepper to taste 1 can corned beef hash, crumbled 1/2 c. water 2 Tbsp. flour","In a 2-quart saucepan, place potatoes, chopped onion, parsley, beef broth cube and salt and pepper to taste. Cover potatoes with water 1/4-inch above the potatoes. Cook until potatoes are soft. In a 3-quart casserole dish, place mixture. Add can of corned beef hash. Thicken this mixture with flour and water. Bake at 350° for 30 minutes.","Saute and drain potatoes. Drain water and add to potatoes in small bowl. Mix thoroughly. Add remaining ingredients to potatoes. Mix well and stir well. Bake at 350° until potatoes are lightly browned, about 25 to 30 minutes.",finetuned_top_k
458,Margie'S Nut Bread,2 level c. Bisquick 1 c. sugar 1 egg 1 c. sweet milk 1 tsp. vanilla 1/2 c. rolled nuts,"Mix together egg, milk, vanilla and rolled nuts. Add flour mixture to milk mixture. Bake 1 hour at 350° on greased bread pan.",Mix first 12 ingredients together. Fold in nuts.,finetuned_top_k
459,Barbecued Shrimp,"3 lb. butter 6 Tbsp. black pepper 6 lb. shrimp (leave heads and shells on) 4 small cloves garlic, chopped 2 Tbsp. Italian seasoning","Wash shrimp well. Drain and pat dry. Sprinkle with a little salt. In a large, shallow pan, melt butter. Add Italian seasoning and garlic. Place shrimp in single layer in pan. Sprinkle with black pepper. Turn oven to broil and broil shrimp for 5 to 7 minutes or until they turn pink. Stir and turn over all shrimp. Broil on this side for 5 to 7 minutes or until pink. Serve immediately. Good served with hot French bread.","Heat oven to 400°. Brown all shrimp, skin side down, in baking dish, garlic and onion. Stir in Italian seasoning, mushrooms, pepper, shrimp and garlic.",finetuned_top_k
460,Pecan Sandies,1 cup butter (2 sticks) softened 2 tsp. vanilla 1/4 cup sifted confectioners sugar 1 Tbsp. water 2 cups sifted flour 1 cup chopped nuts,Blend all ingredients in a large mixing bowl. Shape dough into small rolls. Place on ungreased cookie sheet. Bake at 300 degrees for 20 minutes.,"In a large bowl, melt butter with melted butter; fold in confectioner sugar and water. In a bowl, whisk flour, nuts, sifted salt and pepper. Beat over medium-virgin (medium-low heat) speed until smooth. Stir in sifted baking flour, and sifted chocolate. Pour into greased 13x9-inch baking pan. Bake at 375° for 30-45 minutes or until toothpick inserted in center comes out clean. Cool 10 minutes before serving.",finetuned_top_k
461,Curry Pate,"1 cup shredded Cheddar cheese 2 (3 ounce) packages cream cheese, softened 2 tablespoons dry sherry 1/2 teaspoon curry powder 1/4 teaspoon salt 1 (8 ounce) jar mango chutney, finely chopped 1/3 cup sliced green onion","Beat Cheddar cheese, cream cheese, sherry, curry powder, and salt together in a bowl; spread onto a serving platter into a 1/2-inch layer. Cover platter with plastic wrap and refrigerate until firm, about 30 minutes. Spread chutney over cheese layer and top with green onion.","Preheat oven to 375F. Line a 10x4 inch baking dish with aluminum foil. Drizzle 2 tablespoons of the pate onto the foil. Press the cheese evenly over the center of the cheese mixture, about 1 1/8 inches from the edge and 1/16 inch high. Press pate down as far as possible so you're working in to the center, a 1/75 of the way, and the pates are touching. Repeat with the remaining pate. Top with some green onion and green chutneys. Serve warm. If you want to grill, add a potato masher to heat in the oven for 30 seconds or so so -- making sure the mashers don't burn.",finetuned_top_k
462,Slow-Cooker Shredded Pork Sandwiches,"1 boneless pork shoulder (3 lb.) 1/2 cup HEINZ Tomato Ketchup 1 Tbsp. brown sugar 4 cloves garlic, minced 1/2 tsp. ground black pepper 1 cup KRAFT Original Barbecue Sauce 12 kaiser rolls, split","Place meat in slow cooker. Mix next 4 ingredients until blended; pour over meat. Cover with lid. Cook on LOW 8 to 10 hours (or on HIGH 4 to 6 hours). Remove meat from slow cooker; cut off and discard excess fat. Shred meat with 2 forks; return to slow cooker. Microwave barbecue sauce in microwaveable bowl on HIGH 40 sec. or until heated through, stirring after 20 sec. Add to meat; stir until evenly coated. Serve in rolls.","Cut pork chops lengthwise; trim fat. Combine remaining ingredients and mash to combine. Spread over pork chops, with some sauce on top. Cover. Bake 25 minutes at 325°. Turn pork over, turning once halfway up the grain for 2 minutes, until pork is almost done.",finetuned_top_k
463,Christmas Cake,"1/2 lb. butter 1 lb. confectioners sugar 5 eggs, room temperature 2 c. walnuts, coarsely chopped 2 tsp. vanilla 1 (12 oz.) jar maraschino cherries 3 c. flour","Cream butter and sugar. Add eggs one at a time. Add flour and vanilla. Blend well. Fold in nuts and cherries. (Roll cherries in flour first to avoid sinking.) Pour into a greased and floured tube pan. Bake at 350° for 20 minutes, then lower to 325° and bake one hour.","Melt butter. Add sugar. Beat eggs. Stir in confectioner sauce and 1/4 c. water. Combine flour. Stir into browned mixture. Pour in two 9-inch greased or glass-bottomed cake pans. Bake at 350° for 10 minutes, or until edges are brown and center is set. Refrigerate 2 hours. Remove from pans and cool.",finetuned_top_k
464,Devilishly Good Deviled Crab,1 pound lump crabmeat 1/2 cup finely sliced scallions (white and green parts) or fresh chives 1/2 cup tiny dice of fresh celery or fennel 1/2 cup tiny dice of red bell pepper 2 teaspoons Dijon mustard 1/2 cup melted butter 1/4 cup heavy cream 1 cup of coarsely crushed soda cracker crumbs Salt and Tabasco sauce 1/4 cup additional crushed soda cracker crumbs,"Preheat the oven to 350 degrees. Pick through the crabmeat to remove bits of cartilage etc. In a mixing bowl combine the crabmeat with the scallions, celery and bell pepper. (Make sure the green onions, celery and bell pepper are very finely chopped because they won't cook in the oven and you don't want their raw texture to be intrusive.) In a separate mixing bowl combine the mustard with the butter and cream. Combine the crabmeat mixture with the melted butter and cracker crumbs. Season with 1/2 teaspoon of salt and Tabasco sauce to taste. Transfer the mixture to a baking dish. Top with additional cracker crumbs and bake for half an hour until the top has browned. Variation instead of combining crabmeat vegetables with the butter and cream combine it with 3/4 cup of evaporated skim milk mixed with 1 teaspoon dry mustard rather than the Dijon mustard.","Mix crabmeat, scallion, celery, or fenel in small bowl; process until finely chopped. Spoon into 8 (8 inch) baking dishes topped with crumbs. Bake at 350 for 25 to 30 minutes or until shrimp are firm but tender. Serve with crumbled cheese.",finetuned_top_k
465,Asparagus-Goat Cheese Pasta,1 pound asparagus 1/2 pound thin spaghetti 1 tablespoon butter 2 tablespoons all-purpose flour 1 14 1/2-ounce can chicken broth 4 ounces goat cheese 1 teaspoon grated lemon peel 1/2 cup grated Parmesan cheese,"Heat a large pan of lightly salted water to boiling over high heat. Peel the asparagus stalks and trim the ends. Cut the stalks into 2-inch pieces. Blanch in boiling water 3 minutes or until bright green and crisp-tender when tested with a small knife. With a slotted spoon, remove the asparagus and rinse under cold water to stop the cooking. Add the spaghetti to the boiling water and cook according to the label directions until al dente. Drain. Meanwhile, in a medium saucepan over medium-high heat, melt the butter. Blend in the flour with a whisk. add the broth and cook for 2 minutes, stirring constantly, until the sauce thickens. Blend in the goat cheese and the lemon peel. Toss the spaghetti with the asparagus, sauce and half the Parmesan. Serve with the remaining Parmesan and freshly ground black pepper.","Cook the pasta according to package directions on the package. Remove the asparagones from the pasta and cut into wedges. In a large bowl, combine pasta and butter until well coated. In smaller bowl, mix the flour mixture in with the broth until blended. Add the goat cheese, lemon peel, Parmesan, and oregano and mix well. Spoon into individual serving bowls or in a jar or jar measuring at least 1 1/4 inches apart. Top each cup with a portion of cream cheese, a portion cooked in a 350° oven, the remaining 1/8 cup goat cheese and 1/16 teaspoon lemon peel. Bake at 450° for 35 to 40 seconds, until center is golden and cheese is lightly browned. Remove from racks.",finetuned_top_k
466,Spicy Cookies,3 1/4 c. flour 1 Tbsp. baking powder 1 1/2 Tbsp. ground cinnamon 1 Tbsp. ground ginger 3/4 tsp. ground allspice 3/4 tsp. ground nutmeg 1/4 tsp. ground cloves 1 1/4 c. oleo (at room temperature) 1 3/4 c. packed light brown sugar 1 large egg,"Mix flour, baking powder and spices. In a large bowl, beat oleo and sugar with electric mixer until light and fluffy. Beat in egg. Gradually add flour mixture, beating until blended. Divide dough in thirds. Shape each into a ball. Flatten to 1-inch thick rounds. Wrap in plastic wrap and refrigerate 1 hour or until firm enough to roll.","Brown sugar in large bowl. Let stand 5 minutes. Mix in egg; mix well. Add oleos, 1/3 cup warm water and vanilla extract. Bake at 375° for 20 minutes. Serve warm with brown sugar, oleola and vanilla.
Recipe: A classic cookie, cookie-like flavor. Perfect for any birthday party or any picante party. Makes 1 large sheet.",finetuned_top_k
467,Meatballs with Parsley and Parmesan,"4 large eggs 1/2 cup fresh French breadcrumbs 6 tablespoons grated Parmesan cheese 3 tablespoons olive oil 1/4 cup chopped fresh parsley 3 large garlic cloves, minced 2 teaspoons salt 1 teaspoon ground black pepper 2 pounds lean ground beef Additional olive oil (for frying)","Stir eggs, breadcrumbs, Parmesan cheese, 3 tablespoons olive oil, parsley, garlic, 2 teaspoons salt and pepper in large bowl to blend. Add ground beef and mix thoroughly. Form mixture into 1 1/2-inch diameter meatballs. Pour enough oil into heavy large skillet to coat bottom; heat over medium-low heat. Working in batches, add meatballs and fry until brown and cooked through, turning frequently and adding more oil as needed, about 15 minutes per batch. Transfer to plate.","In a food processor, process the breadcrumb mixture until it has a soft texture. Press into a 9 x 13-inch baking dish. Preheat the oven to 350 F. Line bread baking sheets with aluminum foil. Beat the milk, cheese, and parsley, with the whisk until the mixture resembles coarse bread. Spread each of the bread crumbs over flour until all of the flour mixture is evenly distributed. Drop dough onto the flat or even sheets of aluminum foil, then roll in the pesto mixture. Place the dough in a single layer in the oven for 1 minute to bake the bread dough more evenly. Cover with aluminum and bake for an additional 20-24 minutes or until golden brown and the bread is golden brown. Let cool for 3 minutes before slicing into 8 florets",finetuned_top_k
468,Lemon Pound Cake,1 box Duncan Hines lemon deluxe supreme mix 4 eggs 1 pkg. lemon jello 2/3 c. Crisco oil 1 1/2 tsp. lemon flavoring 2/3 c. boiling water,"Pour boiling water over jello and stir until dissolved, then add Crisco. Mix good with a spoon. Add box cake mix gradually, about half at the time. Then, with a mixer, add eggs one at a time, beating well after each addition. Add lemon flavoring, then pour into greased tube pan. Bake at 325° for 1 hour.","Mix lemon jell-o and 1 small box of Duncan H: Dream Whip. Add all ingredients and bake at 350° until firm, about 12 minutes. Serve immediately.",finetuned_top_k
469,Sausage Balls,2 c. Bisquick mix 1 lb. mild sausage 1 c. grated Cheddar cheese,Mix all ingredients and roll into size of a walnut. Place on cookie sheet and bake at 325° for 25 minutes.,"Spread Bisquick as directed on the box. Sprinkle cheese over buttered balls. Bake, uncovered, at 350° for 45 minutes.",finetuned_top_k
470,Wilted Spinach With Roasted Garlic,"12 garlic cloves, peeled 4 tablespoons olive oil, divided 3 6-ounce bags fresh spinach","Preheat oven to 400°F. Place garlic on foil; drizzle with 1 tablespoon oil. Wrap garlic in foil; roast until soft, about 20 minutes. Heat remaining 3 tablespoons oil in large pot over medium-high heat. Add spinach and garlic with oil from foil packet. Saute until spinach is wilted, about 2 minutes. Season with salt and pepper. Transfer spinach to bowl and serve.","Remove garlic from stems and mash and discard. Combine oil, spinach and garlic in large bowl. Add 2 Tbsp. water and bring to a boil. Reduce heat to medium. Cook, covered, in a microwave safe bowl for 2 minutes. While spinach is cooking, prepare salad. Cover greens and place in a bowl. Cook until spinach springs back, covered and bubbling, about 10 minutes. Let spinach cool a little and remove from bowl. For extra sauce, melt butter in a crock-pot. Stir spinach mixture into prepared salad and cook until heated through. Serve over warm tortilla chips with vegetables, lettuce and sour cream.",finetuned_top_k
471,Healthy Loco Moco with Sardine Hamburgers,2 Sardine hamburgers 2 Eggs 3 leaves Lettuce 1 1/2 rice bowls worth Hot cooked white rice 2 tbsp Ketchup 3 tbsp Okonomiyaki sauce 1 tbsp Red wine (or sake) 1 Mayonnaise,"Wash the lettuce, and julienne 1 of the leaves. Place 1 lettuce leaf on each plate. Heat a frying pan, and coat with oil. Make a sunny side up, and set aside. Add a little oil into the frying pan, and fry the sardine hamburgers from ""Teriyaki Sardine Hamburgers"". When cooked, set them aside, and wipe excess oil in the frying pan. Add the flavoring ingredients, and simmer. Put the hamburgers back into the pan, and coat in the sauce. Serve the rice on top of the lettuce on the plate. Then add the julienned lettuce, hamburger, and fried egg in this order. Pour over the leftover sauce, and squeeze mayonnaise to taste. It's done.","In a medium bowl, combine the marinade. Heat the remaining marinadio in a large Dutch oven. Add the cooked hamburgens, eggs and lettuce and cook for a further 5 minutes on each side until nicely browned, stirring constantly. Return to the frying pan to cook, stirring occasionally, until the lettuce begins to soften. Cover the pan and cook on very low heat for 8 to 10 minutes, covered, until almost browned. Cool for 20 minutes - then serve with lettuce and Okonomyaki sauce.",finetuned_top_k
472,Pear Crumb Pie,1/2 cup packed brown sugar 2 tbsp. cornstarch 1/2 tsp. cinnamon 1/4 tsp. ginger 1/8 tsp. salt 1 dash ground nutmeg 6 cups thinly sliced peeled pears 1 tbsp. lemon juice 1 unbaked 9-inch pastry shell 2/3 cup all-purpose flour 1/3 cup packed brown sugar 1/3 cup cold butter margarine,"Combine filling ingredients; spoon into pasty shell. Bake at 400F for 25 minutes. For topping, combine flour and brown sugar; cut in butter until crumbly. Sprinkle over filling. Bake 40 minutes longer. Cover edges with foil if necessary.","Preheat oven to 350°. Coat a 9 x 9-in. pie plate. Combine brown sugar, cornstarchy, cinnamon, ginger, salt, nutmeg, lemon juice, flour, and pastry shell. Blend well. Cut pears thinly in half. Sprinkle over pears. Bake 30-35 minutes or until golden brown. Let cool, cut and pour over peels. Refrigerate about 3 hours or until firm. Cut into chunks. In a 1-8-quart casserole dish, melt butter. Stir in margarine. Spoon filling over patties. Bake about 1 minute or until cooked through. Sprinkles are delicious!",finetuned_top_k
473,Chicken Salad,"1 whole chicken, cooked and chopped 1 medium apple, chopped 1/2 cup celery, chopped 1/2 cup sweet pickles, chopped 1/2 cup pecans, chopped 2 tsp. sugar Salt to taste Mayonnaise",Mix all ingredients thoroughly.,"Fry chicken, apple, celery and pickles in oil until browned, stirring occasionally. Stir in sugar. Heat mixture until sauce boils; stir in salt and mayonnaise until sauce thickens; simmer at least 2 hours and stir. Serve warm or chilled.",finetuned_top_k
474,Magic Cookie Bars Or Seven Layer Cookies,"1 1/2 cups graham cracker crumbs 1/2 cup butter or 1/2 cup margarine, melted 1 (14 ounce) can sweetened condensed milk 1/2 cup semi-sweet chocolate chips 1/2 cup white chocolate chips 1/2 cup butterscotch chips 1/2 cup peanut butter chips 1 1/3 cups flaked coconut 1 cup nuts, chopped","Preheat oven to 350 degrees Fahreheit (325 degrees Fahrenheit for a glass dish). In a small bowl, combine graham cracker crumbs and melted butter; mix well. Press crumb mixture firmly in the bottom of a 13x9 baking pan. Pour sweetened condensed milk evenly over crumb mixture. Layer evenly with semi-sweet chocolate chips, white chocolate chips, butterscotch chips, peanut butter chips, coconut, and nuts. Press down firmly with a fork. Bake for 25 minutes or until lightly browned. Cool. Cut into bars. Store leftovers covered.","Grease 9x13-inch baking dish with cooking spray. Preheat oven to 375 degrees F (190 degrees C). Line lightly with parchment paper. Spread the mixture on top of graham crumbs. Sprinkle chocolate in the bottom. Add melted butter and stir with electric mixer on medium speed 4 to 5 minutes until mixture comes together. Scoop out graham mixture and divide around crumbs to keep sides and edges nice and crisp. Pour one third of hot caramel mixture evenly over chocolate chips and nuts to evenly spread evenly into prepared dish. Let cookies crisp off. Spoon half of chocolate layer evenly over remaining layer and spread evenly over top. Bake cookie sheets at 450 for 40-45 minutes or until edges are lightly browned and sides are golden brown, stirring frequently. Cool cookies in pans",finetuned_top_k
475,Pimento Cheese Salad,"2 pkg. orange Jell-O 1 c. sugar 2 c. boiling water 2 glasses pimento cheese spread 1 small can crushed pineapple, undrained 2 pkg. dessert topping mix (Dream Whip)",Dissolve Jell-O and sugar in boiling water. Cool until syrupy and beat in cheese spread and pineapple. Let congeal to syrupy stage and fold in prepared dessert topping mix. Refrigerate until set.,Combine Jell and sugar and mix in one container over moderately high heat. Add pimentos. Cover and cook 30 minutes or until well heated through. Pour over cheese spread. Garnish with pineapple slices. Chill till firm to serve. Makes about 14.,finetuned_top_k
476,Banana Orange Yogurt Muffins,"1 1/2 cups rolled oats uncooked 1 cup flour, all-purpose 13 cup brown sugar firmly packed 1 teaspoon baking powder 1/2 teaspoon baking soda 1/2 teaspoon cinnamon ground 1/4 teaspoon salt optional 13 cup dates chopped 8 ounces yogurt, non-fat plain 3/4 cup bananas mashed (2 medium) 2 each egg whites slightly beaten 2 tablespoons vegetable oil 1 1/2 teaspoons orange zest grated 1 cup blueberries fresh or frozen, optional","Heat oven to 400 F. Spray bottoms only of 12 muffin cups with no-stick cooking spray. Combine dry ingredients including dates; mix well. Add combined yogurt, banana, egg whites, oil and orange peel, mixing just until dry ingredients are moistened. Stir in blueberries if using. Fill muffin cups almost full. Bake 20 to 22 minutes or until golden brown. Let muffins stand a few minutes; remove from pan. Let milk and juice stand 5 minutes or until slightly thickened. NOTES* *1 whole egg can be substituted for the 2 egg whites *Can substitute 3/4 cup skim milk combined with 2 1/2 teaspoons lemon juice for yogurt.","Preheat oven to 375 degrees F. Unroll the oats, flour, brown sugar, baking powder and baking soda in a large bowl. Line a cookie sheet with parchment paper and set aside. In a large mixing bowl with a fork, mix together the egg whites, the orange zests, chopped bananas and the blueberries until creamy. Add the oil, zest of blueberries and 1 tablespoon of orange zesty dressing and toss with the oats mixture. Mix in the egg stiffer egg whites and then drizzle the batter over the oat batter and gently fold into the batter mixture. Bake about 40 minutes or until golden brown. Cool completely and frost with the yogurt if desired.",finetuned_top_k
477,Pumpkin Pie Crunch,"1 Package Yellow Cake Mix 1-16 oz. Can Solid Pack Pumpkin 1-12 oz. Can Evaporated Milk 1 Cup Sugar 4 Tsp. Pumpkin Spice 3 Eggs 1/2 Cup Brown Sugar 1/2 Tsp. Salt 1 Cup Margarine, melted 1 Cup Pecans, chopped Whipped Topping","Combine pumpkin, evaporated milk, eggs, sugar, pumpkin spice and salt in large bowl; pour into 9x13 baking dish. Sprinkle dry cake mix evenly over pumpkin mixture. Top with pecans and drizzle with melted butter.",Mix cake mix and 2 cups margarine. Pour over cake mix. Let stand until well blended. Sprinkle on 1/3 cup whipped topping. Bake at 350° until done.,finetuned_top_k
478,Jalapeno Pie,"1 lb. longhorn or sharp cheddar cheese, grated 6 eggs 1 15 oz. can jalapeno peppers pimentos",Mix eggs (do not whip) until blended. Slice peppers lengthwise and remove seeds and stems. Into a 16 inch pie pan place 1/2 inch layer of coarsely grated cheese. Place peppers in a circular design around dish pointed towards center. Cover with remaining cheese. Pour eggs over mixture evenly. Garnish with pimento.,"Mix together, then divide into 14 equal portions, spreading each portion 4 inches apart. In shallow baking dish, place jalapeños and 1 egg together. Mix well, sprinkle with cheese mixture and press into bottom of 9-inch pie shell. Bake at 325° for 2 hours. Remove from freezer, cover and freeze 8 hours or until firm.",finetuned_top_k
479,Sweet Potato Tagine,"14 12 ounces vegetable broth 12 ounce dried porcini mushrooms, coarsely chopped 4 sweet potatoes, peeled & cut into chunks (about 2 pounds) 10 sun-dried tomatoes, coarsely chopped 2 tablespoons fresh sage leaves, chopped 3 cloves garlic, chopped 12 teaspoon salt 2 tablespoons olive oil 2 cups cooked couscous","Combine broth and mushrooms; bring to a boil over high heat. Reduce heat to medium and simmer 2 minutes. Add to an oven-proof casserole with the sweet potatoes, sun-dried tomatoes, sage, garlic, and salt. Cover and bake at 350F for 30 minutes, stirring once. Add the olive oil to sweet-potato mixture; stir and bake, uncovered, for 15 minutes longer. Stir well and cool at least 5 minutes before serving, allowing liquid in mixture to thicken slightly. Serve over couscous.","In a saucepan, bring the water to a boil. Add the dried porcupines; reduce heat, cover and simmer for about 7 minutes. Add onions, sage, garlic, salt and couscou; simmer for 3 minutes, stirring occasionally. Pour into a food processor and pulse on high for several minutes. (Do not overprocess.) Adjust cooking times to suit your tastes. Garnish with garlic, seasonings and seasonings.",finetuned_top_k
480,Caesar's Palace Cheesecake,"5 (8 ounce) packages cream cheese, softened 1 cup sugar 5 eggs 1 cup whipping cream 2 teaspoons vanilla 1 teaspoon grated lemon peel 2 tablespoons grated orange peel 2 tablespoons lemon juice 3 tablespoons orange juice","Cream together cream cheese and sugar. Add eggs, one at a time, beating after each addition. Blend in whipping cream, vanilla, peels and juices until smooth. Turn into greased 9"" springform pan and set in a larger pan filled with water 1"" water and bake at 350 for 40 minutes. Reduce heat to 325 and bake 20 minutes longer or until cake is set. Cool in springform pan then remove sides of pan. Chill, or serve at room temperature.","Beat cream cheese and sugar until light and fluffy. Add eggs, beating well after 2 minutes. Add orange, sugar, and vanilla. Add whipping cream and lemon peel and blend. Spoon into a greased 2 quart casserole. Bake at 350 for 30 minutes. Garnish with pineapple slices and/or sour cream.",finetuned_top_k
481,Fresh Mozzarella,2 gallons water Kosher salt 1 pound fresh mozzarella curd,"In a large stock pot add the water and enough kosher salt until it tastes like saltwater. Bring the water to a simmer and remove from heat. While waiting for water to boil, the mozzarella curd needs to be shaved with a sharp knife into thin layers and set aside in a large bowl. When water is ready, ladle over the shaved curd, just enough to cover. Allow curd to warm before you begin forming your mozzarella. Using a wooden spoon, stir the mixture until the curd begins to pull (you should have a string like effect). Work quickly with the curd to achieve a consistent silken texture. Hold the cheese in the bowl with wooden spoon and pour off excess water. Take the cheese in your hands and begin to fold under itself creating a round shape of desired size. Pinch between your thumb and index finger, place fresh mozzarella in a bowl of cool water, continue this process until all the fresh mozzarella is formed.","Combine moisture through a plastic bag with a little water to prevent bacteria from soaking water. Let set until it's thick and firm, about 2 minutes. Rinse and pat dry.",finetuned_top_k
482,Pesto Dip,1 (7 ounce) container pesto sauce 34 cup sour cream 14 cup mayonnaise 14 cup buttermilk,Stir all ingredients together. Cover and chill. Serve with fresh vegetables.,"Place pesto in a large bowl and stir together mayonnais, sour cream, mayo and sour cream. Add pesto mix and stir until creamy. Refrigerate until cooled.",finetuned_top_k
483,Aarsis Ultimate Cabbage and Peas,"1 green cabbage 1 teaspoon cumin seed 1 teaspoon turmeric powder 2 cups frozen green peas 2 tablespoons olive oil or 2 tablespoons vegetable oil 1 pinch asafetida powder 12 teaspoon garam masala 2 tablespoons coriander powder 12 teaspoon red chili powder 1 teaspoon salt, plus more according to taste 1 tablespoon water","1) Cut Cabbage length wise in to thin strips and discard the inner hard part and white stems as shown in the video. Rinse with fresh water and set aside to drain. 2) In a pan, heat oil; add cumin seeds, turmeric powder and asafetida. Once they start splattering, add the green peas and cabbage. 3) Add coriander powder, garam masala and red chili powder. Mix to combine and let this cook for fifteen minutes on medium low heat. Stir regularly. 4) Taste the cabbage to see of its fully cooked. It should be slightly crunchy. 5) When cabbage is soft and translucent, add salt along with a tbsp of water. Mix to combine and cook for a four minutes. Water will help lift all the flavors stuck at the bottom of the pan. 6) Taste again to check the level of salt. Tips:. 1) Using frozen peas is important to avoid extra moisture. Thawing them under hot water will result in a runny dish. 2) Using extra virgin olive oil will overpower the authentic flavor of this dish. 3) You can also add diced potatoes to this. 4) Serves as great burrito or grill sandwich filling. 5) Wonderful as a salad too!","Preheat oven to 350 degrees F. Heat an oven safe skillet over medium heat. Sprinkle vegetables evenly with water. Cook over medium-high heat, stirring frequently, until vegetables begin to turn brown. Remove from heat; stir in spice mixture until blended. Pour over vegetables; sprinkle over asafeta and garam mala. Combine remaining salt with asafbetida powder. Stir to blend. Bake for 30-35 minutes or until potatoes are done and tender when pierced with a fork, stirring occasionally. While vegetables are cooking, drizzle olive oil on top of cabbage and toss with the green peas. Serve with corianders and other seasonings toasted.",finetuned_top_k
484,Easy Paneer Cheese,2 liters full cream milk 3-4 tablespoons apple cider vinegar 1 teaspoon salt,"Bring the milk to boil in a large heavy based pot, stirring to ensure it does not stick to the bottom. When the milk boils, add salt and any other flavourings you have in mind (fresh herbs, cumin seeds and dried red chilli, brown sugar, cardamom and saffron) and then add the vinegar. The milk will split into curds and whey fairly fast. When it does, turn off the heat and then strain the liquid into a muslin cloth lined strainer in the sink. wrap the solids into a ball with the cloth, then squeeze tightly to get as much liquid out as possible. With your hands, form the cheese into a round, flat pat and place back in the strainer with a heavy weight on top of it. Leave for 30 minutes and by that stage your cheese should be done! You can use this cheese in palak paneer or lots of Indian dishes, fry pieces in oil like halloumi, serve it fresh with flatbreads or on toast.","In a medium bowl, mix all ingredients together and spread on a large loaf tin or puddle glass, in about 1/2 inch of ice cold air. Storing air in pan helps remove ice from bowl and keep from sticking to pan. Makes 1 loaf and tops.",finetuned_top_k
485,Eggnog Ladyfinger Dessert,"2 packages (3 ounces each) ladyfingers, split 1 pint raspberry or cranberry sorbet 3 cups eggnog 1 cup evaporated milk 1/2 cup sour cream 2 packages (3.4 ounces each) instant vanilla pudding mix Fresh raspberries or cranberries and fresh mint leaves","Arrange 24 ladyfingers around the edge of an ungreased 9-in. springform pan; arrange 16 ladyfingers over the bottom (save remaining ladyfingers for another use). Spoon sorbet over ladyfingers; cover and freeze for 30 minutes. In a large bowl, beat the eggnog, evaporated milk, sour cream and pudding mix until thickened, about 2 minutes. Spoon over sorbet. Cover and freeze for 8 hours or overnight. Remove from the freezer 5-10 minutes before slicing. Garnish with raspberries and mint.","To make ladyfinger pudding, first combine ladyfingered fruits, sorbet and eggnogl on an unblet glass and stir until well coated. Let stand before you place the ladyfingering pudding in the refrigerator for at least three days before placing the ladyfrytte on the ladyflakes. Let set without being refrigerated and refrigerate overnight. The butter should be butter but is okay if it is white and not completely dark. Place the ladyfinger on a serving dish and top with raspberry halves. Melt butter in bowl of electric mixer. Add eggnogs and stir at medium speed to form a smooth paste. Stir in sour cream and puree until cream is nearly smooth. Place ladyfingre in a separate pot with ice. Sprinkle top with powdered",finetuned_top_k
486,"""No Fail"" Pie Crust",1 egg 1 tsp. vinegar 1/2 c. water 1 tsp. salt 1 c. shortening 3 c. flour,"Slightly beat egg and add the vinegar, water and salt. Mix in shortening and add flour. Roll out on floured table.","Cream egg, vinegar and water. Add flour, salt, shortening. Add yeast to flour mixture. Roll in 1 large egg to break into large pieces. Drop by balls at least 2 cm. from sides of shells. Bake at 350° for 1 hour and 20 minutes. Garnish with a little orange rind; bake at 350 degrees and 20 more minutes.",finetuned_top_k
487,Chocolate-Banana Cake,2 cups flour 1/2 cup cocoa 1 cup sugar 2 teaspoons baking powder 2 eggs 1 cup boiling water 1 teaspoon vanilla sugar 2 bananas,"Preheat the oven to 350°F. Grease 2 bread loaf tins (holding about 6 cups each). Put the dry ingredients in the food processor. Add eggs, water, and bananas. Process for about 15 seconds making sure all is well mixed. Pour the mixture in the 2 loaf pans and bake for 30 minutes. When done, an inserted skewer should come out clean. If you don't have a food processor: Mash the bananas. Put the bananas and the rest of the ingredients in a bowl and stir until blended. Proceed as above.","For the cake, combine the first 6 ingredients except the banana and mix well. Pour into greased 9x13-inch pan. Spread with chocolate. Bake for 30 min at 400 degrees F. Cool for 30 minutes before removing to wire rack to cool.",finetuned_top_k
488,Basil Chicken Merlot With Wild Mushrooms,"3 tablespoons extra virgin olive oil, divided 3 lbs roasting chickens, cut into individual pieces, skinned 1 12 cups cremini mushrooms, cleaned and thickly sliced 1 medium yellow onion, diced 2 garlic cloves, minced 1 cup chicken broth 6 ounces tomato paste 13 cup merlot or 13 cup dry red wine 1 teaspoon ground oregano 2 teaspoons sugar 14 teaspoon salt 14 teaspoon fresh ground pepper 2 tablespoons fresh basil, minced 3 cups cooked ziti pasta, drained romano cheese (to garnish)","In a large skillet on stovetop set to medium-high heat, heat oil. Once the oil is hot, brown one-half of the chicken pieces on each side about 3 to 5 minutes, turning once. Remove chicken with a slotted spoon and repeat with the remaining chicken. Set all of the browned chicken aside. Heat the remaining oil in the skillet and add the mushrooms, onion and garlic. Saute these vegetables for 7-8 minutes or until the onions are soft. Place the stoneware on the slow cooker heating base and add the vegetables. Arrange the chicken pieces on top of the vegetables. In a medium mixing bowl, combine the broth, tomato paste, wine, oregano, sugar, salt and pepper. Pour the sauce over the chicken. Cover and cook on High for 3 to 4 hours or on Low for 7 to 9 hours. Stir in the fresh basil. Spoon the pasta into a deep, large serving bowl or platter. Ladle the chicken and mushrooms over the pasta and spoon the extra sauce over all. Garnish with the Romano cheese.","Preheat the oven to 350F. Combine oven's heat and oil in a large saucepan over high heat. Arrange chicken in a single layer over each other in a crock-pot. Bring oil and mushrooms to a simmer. Stir in the onion, garlic, chicken broth, tomato paste, oreganus, sugar, orecho, salt and pepper; bring to a boil. Reduce heat; simmer 20 minutes or until the chicken is tender. Transfer chicken to a plate; top with cheese and cook over low heat for 10 to 15 minutes more or until heated through. Serve immediately. To serve each serving, place chicken in crock pot; top each wiener with the parmesan cheese and the ziti cheese.",finetuned_top_k
489,Local Clams With Herb Butter,"1 cup unsalted butter, softened 1 1/2 teaspoons whole coriander seeds, toasted and crushed, or 1 teaspoon ground coriander 2 red jalapeno chiles, seeded and diced 2 garlic cloves, minced 1/4 cup lime zest 1/3 cup fresh lime juice 1/2 cup chopped fresh cilantro 1/2 cup chopped fresh parsley 1/3 cup sliced green onions 24 clams in shells, scrubbed 1 1/4 cups water, divided 1 baguette, sliced 1 lime, sliced Garnishes: chopped fresh cilantro, green onions","Combine butter and next 8 ingredients in a large bowl; chill until ready to use. Combine clams and 3/4 cup water in a large nonstick skillet over medium-high heat. Bring to a boil, cover, and simmer 5 minutes or until clams open. Discard clams that remain closed. Drain; return clams to pan. Add butter mixture and remaining 1/2 cup water to pan. Cook over medium-high heat 2 minutes or until butter melts. Grill bread and lime slices 1 to 2 minutes on each side. Arrange bread on platter, top with clams and butter sauce, and serve with grilled lime slices. Garnish, if desired. Serve immediately.","In a large skillet over low heat, heat butter over low 1 minute. Stir in the jalapeño, garlic, and lime zests. Bring to a boil. Reduce heat; simmer, uncovered, 10 minutes or until heated through. Stir into the clams; season with salt and pepper. Allow to marinate for 30 minutes; set aside to cool completely. In a small bowl, combine the reserved 1/8 cup of water, lime juice, and cilantro. Season with salt then toss in 6 quarts of water. Bring the mixture to a simmer and cook until smooth, 18 to 22 minutes. Add clams and season with pepper. Serve with water.",finetuned_top_k
490,Cucumber-Red Pepper Raita,"1 large cucumber, seeded and diced (about 1 1/2 cups) 1/2 cup diced red bell pepper 1/2 cup plain yogurt 2 tablespoons chopped cilantro 1/2 teaspoon distilled white vinegar 1/4 teaspoon ground cumin 1 clove garlic, crushed 1/8 teaspoon salt",Mix all ingredients in a medium sized bowl. Cover and chill until ready to serve.,"Heat a large skillet over medium heat. Brown cucumber and bell pepper in the first 4 ingredients. Sprinkle with cilantro if necessary, season loosely with salt and pepper. Serve hot.",finetuned_top_k
491,Lentils With Ham and Rosemary,"2 medium yellow onions, chopped 2 cups diced cooked ham 1 cup diced carrots or 1 cup parsnip 1 cup chopped celery 2 garlic cloves, minced 34 teaspoon dried rosemary, crushed 34 teaspoon rubbed sage 14 teaspoon pepper 1 bay leaf 1 lb dried brown lentils, picked over and rinsed 1 (14 1/2 ounce) can beef broth 5 cups water (or as needed to cover everything by 3 inches) chopped fresh flat-leaf parsley","Combine the first 12 ingredients in a slow cooker; cover and cook on HIGH for 2 1/2 to 3 hours until lentils are tender; season to taste with salt, if needed. Add boiling water if you want soupier lentils. Discard bay leaf; garnish with parsley and serve.","Saute onions and celery in boiling water several minutes to remove any oils. Add garlic, rosemary and sage. Cook, stirring occasionally, until tender, about 1 minute. Add lentils to tomatoes in soup processor, toss with bay leaf and simmer, uncovered, for 10 minutes. Stir broth until blended. Add beef through rinsing. Heat beef broth and bring to a simmer. Add water and cook, stirring until blended, about 30 seconds. Continue to cook, tossing, until beef is heated through, about 3 minutes. Add bay leaves. Cover and simmer until rice is cooked and vegetables are tender and rice is tender, stirring frequently, about 15 minutes. Season beef with salt and pepper and serve hot.",finetuned_top_k
492,Sweet And Sour Spareribs,"3 to 4 lb. spareribs salt and pepper 1 c. chicken bouillon 1/4 c. brown sugar 1/4 c. vinegar 1 Tbsp. soy sauce 1 small onion, thinly sliced 2 Tbsp. cornstarch 1 (11 oz.) can mandarin oranges, drained 1 medium green pepper, cut into chunks",Cut spareribs into serving size pieces. Sprinkle with salt and pepper. Place on rack in shallow baking pan. Roast in 400° oven for 15 minutes. Turn and brown other side. Drain fat and put ribs in slow cooker. Combine bouillon with brown sugar and soy sauce. Pour over ribs. Cover and cook on low for 6 to 8 hours. Turn control to high. Add onion and dissolve cornstarch in small amount of cold water. Stir into pot. Cover and cook on high another 10 to 15 minutes or until slightly thickened. Stir in oranges and green pepper; cover and cook 5 minutes. Serve over cooked rice or crisp Chinese noodles.,"Drain rams. Melt a little oil in a large skillet or wok over medium heat. Add bouillon, brown sugar, vinegar; stir gently to blend. Add onions and pepper; cook, stirring continuously, 5 minutes. Add orange slices, seasonings and lemon wedges. Simmer on low heat 6 minutes; remove from skillet. Stir in mandarin orange slices and serve immediately.",finetuned_top_k
493,Rhubarb Raisin Crisp,"5 cups sliced fresh or frozen rhubarb 2 tablespoons plus 1/2 cup all-purpose flour, divided 1/2 cup raisins 3/4 cup sugar 1 teaspoon ground cinnamon 1/4 teaspoon salt 3/4 cup packed brown sugar 1/3 cup quick-cooking oats 1/3 cup cold butter Vanilla ice cream, optional","In a large bowl, combine rhubarb and 2 tablespoons flour; transfer to a greased 8-in. square baking dish. Sprinkle with raisins. Combine the sugar, cinnamon and salt; sprinkle over raisins. Combine the brown sugar, oats and remaining flour; cut in butter until crumbly. Sprinkle over top. Bake at 375° for 40-45 minutes or until topping is golden brown. Serve warm with ice cream if desired.","Cut rhubar thin into 2-inch pieces and set aside. In a bowl, combine flour, raisin, and sugar. In another bowl, mix oats and brown sugar together. Add rhubaroo mixture to dough mixture. Press onto floured surface of floured pan, 1 inch apart, 1 1/8 inches below the bowl. Using a large plastic bag, gently fill 2 1/16-inch-thick circles 5 inches apart, 6-inches long and 12-inches wide with dough. Place circle in shallow baking dish and bake at 425° for 45 minutes, or until golden brown and firm. Remove from oven and let stand 8 minutes. Grease cookie sheets with cooking spray; spread rhubberries over top if desired. Bake for 15 to 20 minutes,",finetuned_top_k
494,Vegetable-Bean Stew With Couscous,"1/3 c. olive oil or salad oil 2 1/2 tsp. ground red pepper (cayenne) 1 1/2 tsp. ground cumin 1 clove garlic, minced or pressed 1/4 tsp. salt","In a small pan, combine olive oil or salad oil, ground red pepper (cayenne), ground cumin, garlic and salt. Cook over medium-low heat, stirring, until ingredients are well blended (5 minutes). Serve warm or at room temperature. Makes about 1/2 cup.","Brown the stew in a skillet over broiler water. Add remaining ingredients except the cumin, garlic, salt, and broth. Simmer, covered, over medium heat until tender, 20 to 25 minutes.",finetuned_top_k
495,Salsa,"1 large can (28 oz.) whole or diced tomatoes 1 bunch green onions, chopped (use some of tops) 2 Tbsp. oregano 1 tsp. Worcestershire sauce 1/2 Tbsp. garlic powder or several garlic cloves 1 tsp. vinegar 1 can (4 oz.) chopped green chilies 1 to 2 jalapeno peppers, chopped (optional) *","If using whole tomatoes, pour	tomatoes into	a large mixing bowl. Crush them	or use the blender. Add remaining ingredients and serve with tortilla chips.	Making this ahead, will give the best flavor.","Rub tomatoes and onions together, and season to taste. Place in casserole dish. Add tomatoes and onion; cook 5 minutes. Blend in Worcesterhire sauce. Add pepper, onion and chilies. Cook, uncovered, about 1/3 to 1 hour, or until tomato mixture is beginning to soften.",finetuned_top_k
496,"Ginger Suckers/Lollie Pops (Morning Sickness, Motion Sickness, C","2 cups granulated sugar 23 cup white corn syrup 1 cup water 12 teaspoon cream of tartar 1 tablespoon ginger powder (~12 grams) food coloring, if desired","Prepare candy molds per manufacturer's directions. CAUTION: It's really easy to burn yourself on hot candy. Be careful! Over medium heat: Stir together sugar, corn syrup and water in a sauce pan until sugar crystals dissolve. As soon as candy starts to boil, STOP STIRRING. Bring to a boil and cook to the hardball stage (300*). Check candy by dipping a spoon in the molton candy and drip into a glass of cold water. Reach in the water and check the candy strand. Candy is done when the test strand comes out brittle. Let candy stand until it stops bubbling. Very quickly add in ginger powder and food coloring and stir just until mixed. Pour into molds and let set up. Number of servings will depend on your mold. Coat suckers with a little powdered sugar and individually wrap with plastic. Suck on the sucker until nausea subsides.",Blend 3 cups granular sugar and water in a non-reactive bowl with a whisk. Add corn syrup and stir until all ingredients are dissolved. Pour into greased 6-inch pie crust. Bake at 350F for 45-55 minutes until toothpick inserted comes out clean. Cool for 20 minutes. Cool completely.,finetuned_top_k
497,Hot German Potato Salad With Kielbasa,6 to 8 medium potatoes 3/4 c. chopped onion 2 Tbsp. flour 2 Tbsp. sugar 2 tsp. salt 1/2 tsp. celery seed dash of pepper 3/4 c. water 1/3 c. vinegar 1 to 1 1/2 lb. kielbasa 2 Tbsp. margarine,"Boil thinly sliced potatoes until tender. In skillet, brown onions in margarine until golden. Blend in flour, sugar, salt, celery seed and pepper, cooking over low heat until bubbly. Remove from heat, stirring in water and vinegar. Return to heat until boiling and stir for one minute. Mix in drained potatoes, coating well. Pour into a large, shallow casserole, topping with diagonal, 2-inch chunks of kielbasa. Heat in oven for 20 to 30 minutes. Serve.","Combine flour, sugar, salt, celery seeds and pepper in a bowl and toss well. Heat, add water, vinegar, celeriac and eggs and mix with potato mixture.",finetuned_top_k
498,Sesame Turnovers,"1/2 cup olive oil 4 tablespoons water 4 tablespoons orange juice 1 each lemon juiced 6 tablespoons sugar 4 cups flour, all-purpose 1/2 teaspoon baking soda 1 teaspoon salt 1 cup walnuts ground 1 cup almonds ground 1 cup sesame seeds 1 cup liquid sweetener","Mix olive oil, water, orange juice, lemon juice, and sugar. Sift flour, baking soda and salt together. Add olive oil mixture and work to a smooth dough. Cover and leave for one hour on floured board. Roll out dough about 1/4 inch thick. Cut into 3 inch squares. Mix ingredients for filling and place one heaped teaspoon in centre of each square. Moisten edges, cover the filling by folding the four corners and press firmly together in the centre. Bake in a moderate oven for about 25 minutes. While warm sprinkle with orange flower water and dip in confectioners' sugar.","Combine oil, water, orange juice and sugar in a large bowl. Stir in lemon juicing. Stir well. Stir until dissolved, and add lemon juice mixture. Add dry ingredients and mix well. Pour mixture into greased and floured 2 1/3-gallon jars; fill each with 4 tablespoons dry ingredients. Cover with foil and seal. Store refrigerated for 8 to 10 days.",finetuned_top_k
499,Eggnog Cheesecake Ice Cream Sandwiches,"8 ounces, weight Cream Cheese 1/2 cups Eggnog 1/4 cups Sugar 1/4 teaspoons Nutmeg 16 ounces, weight Cool Whip 1 box (16 Oz. Box) Gingersnaps","In a large bowl, beat the cream cheese, eggnog, nutmeg and sugar until blended. Fold in whipped topping. Transfer to a freezer container; freeze for 4 hours or until firm. Place cookies into the freezer also. Remove both from the freezer 15 minutes before making sandwiches. Wrap each sandwich and return to the freezer. Remove from the freezer 5 minutes before eating.","Grease and line Bundt pan with paper towels. In mixing bowl, add Cream Cheese, Eggnug, and sugar until smooth. Add sugar until combined. Mix well. Pour into Bundt pans coated in cold water. Bake, stirring occasionally, at 325 degrees F for 15 to 20 minutes until a knife comes out clean. Cool slightly before removing from pan and serving.",finetuned_top_k
